ADAL,ADER,1
ADAL,AFDR,1
ADAL,ASIL,1
ADAL,AWAL,1
ADAL,DD1,1
ADAL,IL1DL,1
ADAL,M1,1
ADAL,M4,1
ADAL,OLLR,1
ADAL,OLQVR,1
ADAL,PVNR,1
ADAL,PVQR,1
ADAL,RIMR,1
ADAL,RIVR,1
ADAL,RMGR,1
ADAL,RMHR,1
ADAL,SABVL,1
ADAL,URBL,1
ADAL,VD8,1
ADAR,AIZR,1
ADAR,AS5,1
ADAR,ASGL,1
ADAR,AVFL,1
ADAR,AVKR,1
ADAR,AVL,1
ADAR,DB7,1
ADAR,DD2,1
ADAR,RIBL,1
ADAR,RIMR,1
ADAR,RMEL,1
ADAR,RMFL,1
ADAR,SIADR,1
ADAR,SIBDR,1
ADAR,VB4,1
ADAR,VC2,1
ADAR,VC3,1
ADEL,ADLL,1
ADEL,AIBL,1
ADEL,AS1,1
ADEL,AS2,1
ADEL,AS3,1
ADEL,AVDL,1
ADEL,AVHL,1
ADEL,AVKR,1
ADEL,AVM,1
ADEL,DA4,1
ADEL,DA5,1
ADEL,DA9,1
ADEL,DD1,1
ADEL,DD2,1
ADEL,DVA,1
ADEL,OLQDR,1
ADEL,PHBL,1
ADEL,PVCR,1
ADEL,PVNL,1
ADEL,PVPR,1
ADEL,RIGL,1
ADEL,SABVL,1
ADEL,SIADL,1
ADEL,SMDVL,1
ADEL,URXR,1
ADEL,VA8,1
ADEL,VB1,1
ADEL,VD11,1
ADER,ADAL,1
ADER,AVBR,1
ADER,AVDL,1
ADER,AVKL,1
ADER,DA2,1
ADER,DD2,1
ADER,IL1VL,1
ADER,M3L,1
ADER,PHCR,1
ADER,RIAL,1
ADER,RIML,1
ADER,RIR,1
ADER,RMFR,1
ADER,SAADL,1
ADER,SMBDL,1
ADER,SMBDR,1
ADER,URXR,1
ADER,VA7,1
ADER,VB5,1
ADER,VD3,1
ADFL,AIBR,1
ADFL,AVAR,1
ADFL,AVBR,1
ADFL,DD2,1
ADFL,HSNR,1
ADFL,OLQVR,1
ADFL,RMED,1
ADFL,VA4,1
ADFR,AIBL,1
ADFR,AIBR,1
ADFR,ASGL,1
ADFR,AVBR,1
ADFR,AVER,1
ADFR,AWBL,1
ADFR,BAGR,1
ADFR,CEPDR,1
ADFR,DA9,1
ADFR,PVNL,1
ADFR,RIBR,1
ADFR,URYDR,1
ADFR,URYVR,1
ADFR,VB1,1
ADLL,AFDR,1
ADLL,ASJR,1
ADLL,AVAR,1
ADLL,AVEL,1
ADLL,AVHL,1
ADLL,AVKL,1
ADLL,CEPDL,1
ADLL,DA5,1
ADLL,FLPL,1
ADLL,RIGR,1
ADLL,RIH,1
ADLL,SABVR,1
ADLL,SMBDR,1
ADLL,SMBVR,1
ADLL,VA2,1
ADLL,VB10,1
ADLL,VC2,1
ADLL,VD4,1
ADLR,AVDR,1
ADLR,AWBR,1
ADLR,DA1,1
ADLR,DD2,1
ADLR,DD6,1
ADLR,IL1VL,1
ADLR,M1,1
ADLR,RIGL,1
ADLR,RIR,1
ADLR,RIS,1
ADLR,SMDVL,1
ADLR,VA12,1
ADLR,VA3,1
ADLR,VB4,1
ADLR,VD6,1
ADLR,VD8,1
AFDL,AS1,1
AFDL,AVDL,1
AFDL,RICL,1
AFDL,VD5,1
AFDR,AVJL,1
AFDR,I2R,1
AFDR,RIMR,1
AFDR,SIBVR,1
AIAL,ADAL,1
AIAL,AVDR,1
AIAL,AVHR,1
AIAL,DA8,1
AIAL,LUAL,1
AIAL,M5,1
AIAL,PVR,1
AIAL,RID,1
AIAL,RMEL,1
AIAL,SMBDR,1
AIAL,SMDVL,1
AIAL,SMDVR,1
AIAL,URAVL,1
AIAL,VD3,1
AIAL,VD9,1
AIAR,AIMR,1
AIAR,ALNL,1
AIAR,AS11,1
AIAR,BAGL,1
AIAR,CEPVL,1
AIAR,DD1,1
AIAR,M2R,1
AIAR,NSMR,1
AIAR,PVCL,1
AIAR,PVPL,1
AIAR,RIBL,1
AIAR,SMBDR,1
AIAR,SMDVR,1
AIBL,ADFR,1
AIBL,AINR,1
AIBL,AS1,1
AIBL,ASGR,1
AIBL,ASKL,1
AIBL,AVHR,1
AIBL,BDUR,1
AIBL,DD2,1
AIBL,DD6,1
AIBL,RIFL,1
AIBL,RIH,1
AIBL,RMDR,1
AIBL,RMGL,1
AIBL,SIBVR,1
AIBL,URXR,1
AIBL,URYDL,1
AIBL,URYDR,1
AIBR,ADAL,1
AIBR,ADLR,1
AIBR,AIYR,1
AIBR,ASEL,1
AIBR,AVDR,1
AIBR,AVM,1
AIBR,CEPVL,1
AIBR,DD1,1
AIBR,DD3,1
AIBR,DD4,1
AIBR,IL1DL,1
AIBR,M3L,1
AIBR,MCR,1
AIBR,RIFR,1
AIBR,RMEV,1
AIBR,SAADL,1
AIBR,VA2,1
AIBR,VA9,1
AIML,AS6,1
AIML,ASJR,1
AIML,AUAL,1
AIML,AVAL,1
AIML,AVBR,1
AIML,CEPDL,1
AIML,DB4,1
AIML,M3R,1
AIML,OLLL,1
AIML,PVCR,1
AIML,RIAL,1
AIML,RIPL,1
AIML,SMBDL,1
AIML,URBR,1
AIML,VB10,1
AIML,VB8,1
AIML,VD9,1
AIMR,AQR,1
AIMR,ASGL,1
AIMR,ASKR,1
AIMR,AVFR,1
AIMR,CEPDR,1
AIMR,M5,1
AIMR,PHBR,1
AIMR,RIBR,1
AIMR,RIMR,1
AIMR,RIPR,1
AIMR,RIS,1
AIMR,RMDVL,1
AIMR,SMDDR,1
AINL,ADER,1
AINL,AIZL,1
AINL,AVDL,1
AINL,BAGL,1
AINL,DD5,1
AINL,OLLL,1
AINL,RIAL,1
AINL,RIS,1
AINL,SMDDR,1
AINR,ASHL,1
AINR,AVDR,1
AINR,AVFR,1
AINR,M2L,1
AINR,M3L,1
AINR,MCR,1
AINR,PVDL,1
AINR,RMDVR,1
AINR,RMEV,1
AINR,SAAVR,1
AINR,URYVR,1
AINR,VA4,1
AINR,VD2,1
AIYL,AFDL,1
AIYL,AS11,1
AIYL,DA4,1
AIYL,I5,1
AIYL,IL1R,1
AIYL,PVCL,1
AIYL,PVPR,1
AIYL,RICL,1
AIYL,SMDVR,1
AIYR,ASHR,1
AIYR,AVDR,1
AIYR,AWCL,1
AIYR,CEPVL,1
AIYR,IL2VR,1
AIYR,OLLL,1
AIYR,RIPL,1
AIYR,VD6,1
AIZL,ADAL,1
AIZL,AFDR,1
AIZL,AIAR,1
AIZL,ASHR,1
AIZL,ASIR,1
AIZL,AVDR,1
AIZL,BDUL,1
AIZL,IL1VL,1
AIZL,LUAR,1
AIZL,PDEL,1
AIZL,RIPL,1
AIZL,RMDDR,1
AIZL,RMER,1
AIZL,URAVL,1
AIZL,VB3,1
AIZR,ADAL,1
AIZR,AIMR,1
AIZR,AVJL,1
AIZR,DA6,1
AIZR,DD2,1
AIZR,OLQDR,1
AIZR,PQR,1
AIZR,PVWR,1
AIZR,RIAL,1
AIZR,SDQR,1
AIZR,SIAVL,1
AIZR,SIBVL,1
AIZR,VA3,1
AIZR,VA8,1
AIZR,VD4,1
ALA,AVHR,1
ALA,DB2,1
ALA,IL2L,1
ALA,PVNL,1
ALA,RMFR,1
ALA,SIADR,1
ALML,AIBL,1
ALML,AVAL,1
ALML,AVAR,1
ALML,AVBR,1
ALML,AVHL,1
ALML,AVKL,1
ALML,DB4,1
ALML,RIBR,1
ALML,RIFR,1
ALML,URADR,1
ALML,URYVL,1
ALML,VD1,1
ALMR,AIZR,1
ALMR,AVBL,1
ALMR,DB7,1
ALMR,DVC,1
ALMR,M2L,1
ALMR,RIH,1
ALMR,RMHL,1
ALNL,IL1DR,1
ALNL,RMEL,1
ALNL,URYDL,1
ALNR,ADLL,1
ALNR,ASKL,1
ALNR,AUAL,1
ALNR,DA1,1
ALNR,PVCR,1
ALNR,SMDDL,1
AQR,ALA,1
AQR,AS3,1
AQR,AVAR,1
AQR,DA5,1
AQR,DD2,1
AQR,HSNL,1
AQR,M5,1
AQR,MCL,1
AQR,OLQVL,1
AQR,RIFR,1
AQR,RIS,1
AQR,RMDVL,1
AQR,SIBVR,1
AQR,SMDVL,1
AQR,VB6,1
AQR,VB8,1
AQR,VD2,1
AQR,VD4,1
AQR,VD5,1
AS1,ADAL,1
AS1,AVBL,1
AS1,AWBR,1
AS1,OLQVL,1
AS1,RIPR,1
AS1,SMBDR,1
AS10,M2L,1
AS10,SMDDR,1
AS11,AVDR,1
AS11,BAGL,1
AS11,VD1,1
AS2,ADER,1
AS2,ASGL,1
AS2,RICL,1
AS2,RIPL,1
AS2,SIADR,1
AS3,ASER,1
AS3,AVAR,1
AS3,DB4,1
AS3,PVCL,1
AS3,RID,1
AS3,RIVL,1
AS3,SAADR,1
AS3,SIAVL,1
AS4,AVL,1
AS4,DVA,1
AS4,RIAR,1
AS5,AVJR,1
AS5,DB6,1
AS5,LUAR,1
AS5,RIAL,1
AS5,SMDDR,1
AS6,ALML,1
AS6,AVAL,1
AS6,AWBR,1
AS6,DD5,1
AS6,RIBR,1
AS6,VD5,1
AS7,ASGL,1
AS7,AVBR,1
AS7,IL2L,1
AS7,NSML,1
AS8,ASER,1
AS8,VB2,1
AS9,AWCR,1
AS9,DA1,1
AS9,M3L,1
ASEL,AS10,1
ASEL,ASGL,1
ASEL,AVDR,1
ASEL,DB2,1
ASEL,DD2,1
ASEL,DVC,1
ASEL,OLQDL,1
ASEL,PVT,1
ASEL,RIAR,1
ASER,AIYR,1
ASER,ASGR,1
ASER,IL1L,1
ASER,M3L,1
ASER,RIFL,1
ASER,RMFL,1
ASER,RMGL,1
ASER,RMGR,1
ASER,SIADR,1
ASER,VA8,1
ASER,VD4,1
ASGL,ADFR,1
ASGL,AWBL,1
ASGL,RMDVL,1
ASGL,RMGR,1
ASGL,SMDVR,1
ASGR,AVAR,1
ASGR,PDER,1
ASGR,PHCR,1
ASGR,SIBVR,1
ASGR,SMBVR,1
ASHL,ASHR,1
ASHL,ASKR,1
ASHL,AVFL,1
ASHL,DA7,1
ASHL,DB7,1
ASHL,DD3,1
ASHL,DD4,1
ASHL,PVCR,1
ASHL,PVPL,1
ASHL,RIMR,1
ASHL,RIPL,1
ASHL,SMDDL,1
ASHL,VA8,1
ASHL,VB7,1
ASHL,VC1,1
ASHL,VD7,1
ASHR,ADLL,1
ASHR,AVBL,1
ASHR,AVKR,1
ASHR,AWAL,1
ASHR,DA1,1
ASHR,M1,1
ASHR,M3L,1
ASHR,OLLR,1
ASHR,OLQVR,1
ASHR,RIS,1
ASHR,RIVL,1
ASHR,RMDDR,1
ASHR,RMDL,1
ASHR,RMEL,1
ASHR,VA7,1
ASHR,VB9,1
ASHR,VD7,1
ASIL,AIBL,1
ASIL,AS2,1
ASIL,AUAL,1
ASIL,AVKL,1
ASIL,CEPDR,1
ASIL,M1,1
ASIL,RIBL,1
ASIL,RIBR,1
ASIL,SMDDL,1
ASIL,SMDVL,1
ASIR,IL1DR,1
ASIR,OLQVL,1
ASIR,RID,1
ASIR,RIH,1
ASIR,RMDDL,1
ASIR,RMEV,1
ASIR,VA8,1
ASIR,VD1,1
ASJL,CEPVR,1
ASJL,RMFR,1
ASJL,SIBVR,1
ASJL,VA11,1
ASJL,VB2,1
ASJR,DB3,1
ASJR,RID,1
ASJR,RMDDR,1
ASJR,SAAVL,1
ASKL,AVDL,1
ASKL,DA4,1
ASKL,SDQR,1
ASKL,SMDDL,1
ASKL,VA7,1
ASKL,VD1,1
ASKR,AS5,1
ASKR,ASER,1
ASKR,AVJL,1
ASKR,BDUL,1
ASKR,CEPVL,1
ASKR,I3,1
ASKR,RIPL,1
ASKR,SMDVL,1
ASKR,VC1,1
AUAL,AS11,1
AUAL,BDUR,1
AUAL,DD1,1
AUAL,DD2,1
AUAL,PVWR,1
AUAL,RIBR,1
AUAL,SIBVR,1
AUAL,SMDVL,1
AUAR,ADLL,1
AUAR,AVAL,1
AUAR,AVDL,1
AUAR,AVEL,1
AUAR,DB7,1
AUAR,RIAL,1
AUAR,RIH,1
AUAR,RMDDL,1
AUAR,RMDVL,1
AVAL,ADAR,1
AVAL,ADER,1
AVAL,ADFL,1
AVAL,AFDR,1
AVAL,AIAR,1
AVAL,AIMR,1
AVAL,AS4,1
AVAL,AS8,1
AVAL,AVAR,1
AVAL,AVBL,1
AVAL,AVDL,1
AVAL,AVFR,1
AVAL,AVJL,1
AVAL,AVJR,1
AVAL,AWAL,1
AVAL,BAGL,1
AVAL,DA5,1
AVAL,DD2,1
AVAL,DD4,1
AVAL,DD5,1
AVAL,DD6,1
AVAL,DVC,1
AVAL,HSNL,1
AVAL,I1R,1
AVAL,IL1VR,1
AVAL,IL2L,1
AVAL,M1,1
AVAL,M4,1
AVAL,OLQVL,1
AVAL,PHAR,1
AVAL,PVCL,1
AVAL,PVM,1
AVAL,PVNR,1
AVAL,RICL,1
AVAL,RIGR,1
AVAL,RIMR,1
AVAL,RMDL,1
AVAL,RMDVL,1
AVAL,RMFR,1
AVAL,RMGR,1
AVAL,RMHL,1
AVAL,SIAVR,1
AVAL,SIBVR,1
AVAL,URBR,1
AVAL,URXR,1
AVAL,VB2,1
AVAL,VB6,1
AVAL,VC5,1
AVAL,VD13,1
AVAL,VD7,1
AVAL,VD9,1
AVAR,ADLL,1
AVAR,AIBL,1
AVAR,AIZR,1
AVAR,AQR,1
AVAR,AS1,1
AVAR,AS10,1
AVAR,AS4,1
AVAR,ASER,1
AVAR,ASGL,1
AVAR,ASGR,1
AVAR,ASHL,1
AVAR,AUAL,1
AVAR,AVAL,1
AVAR,AVBR,1
AVAR,AVER,1
AVAR,AVFR,1
AVAR,AVKL,1
AVAR,AVL,1
AVAR,AWBL,1
AVAR,BAGL,1
AVAR,CEPDL,1
AVAR,CEPVL,1
AVAR,DB3,1
AVAR,DD1,1
AVAR,DVC,1
AVAR,FLPL,1
AVAR,I6,1
AVAR,IL1DR,1
AVAR,IL2L,1
AVAR,LUAL,1
AVAR,M2L,1
AVAR,M2R,1
AVAR,M5,1
AVAR,MI,1
AVAR,NSMR,1
AVAR,OLQVL,1
AVAR,PVCL,1
AVAR,PVM,1
AVAR,PVPL,1
AVAR,PVT,1
AVAR,RIH,1
AVAR,RIML,1
AVAR,RMDL,1
AVAR,RMDVR,1
AVAR,RMEL,1
AVAR,SAADL,1
AVAR,SAADR,1
AVAR,SAAVL,1
AVAR,SIADR,1
AVAR,SMBVR,1
AVAR,SMDDR,1
AVAR,URBL,1
AVAR,URXL,1
AVAR,VA5,1
AVAR,VB3,1
AVAR,VD10,1
AVAR,VD13,1
AVBL,ADER,1
AVBL,AIYL,1
AVBL,AQR,1
AVBL,AS3,1
AVBL,AS5,1
AVBL,ASEL,1
AVBL,ASGR,1
AVBL,AVAL,1
AVBL,AVG,1
AVBL,DA1,1
AVBL,DA5,1
AVBL,DA9,1
AVBL,DB2,1
AVBL,DD2,1
AVBL,DD3,1
AVBL,DD6,1
AVBL,DVC,1
AVBL,I3,1
AVBL,I5,1
AVBL,I6,1
AVBL,IL2R,1
AVBL,M2R,1
AVBL,M3L,1
AVBL,M3R,1
AVBL,PVCL,1
AVBL,PVNR,1
AVBL,RIGL,1
AVBL,RIML,1
AVBL,RIMR,1
AVBL,RMDDR,1
AVBL,RMED,1
AVBL,RMEL,1
AVBL,RMFR,1
AVBL,SABD,1
AVBL,SIAVL,1
AVBL,VA1,1
AVBL,VA5,1
AVBL,VA9,1
AVBL,VB2,1
AVBL,VC4,1
AVBL,VD13,1
AVBL,VD7,1
AVBR,AIAL,1
AVBR,AIBR,1
AVBR,AIZR,1
AVBR,ALNL,1
AVBR,AS8,1
AVBR,ASGR,1
AVBR,ASKR,1
AVBR,AVEL,1
AVBR,AVKL,1
AVBR,AVL,1
AVBR,DA4,1
AVBR,DA5,1
AVBR,DA8,1
AVBR,DB4,1
AVBR,DD2,1
AVBR,DD5,1
AVBR,I1L,1
AVBR,I3,1
AVBR,I4,1
AVBR,IL1DL,1
AVBR,IL1L,1
AVBR,IL1VR,1
AVBR,MI,1
AVBR,PDER,1
AVBR,PHCR,1
AVBR,PVCR,1
AVBR,PVNR,1
AVBR,PVQR,1
AVBR,PVR,1
AVBR,RICR,1
AVBR,RIFL,1
AVBR,RIH,1
AVBR,RIR,1
AVBR,RMED,1
AVBR,SAADL,1
AVBR,SAAVR,1
AVBR,VC1,1
AVBR,VC4,1
AVBR,VD4,1
AVBR,VD7,1
AVDL,ASEL,1
AVDL,AVBL,1
AVDL,AVBR,1
AVDL,AVJR,1
AVDL,AVKL,1
AVDL,AVKR,1
AVDL,AWCL,1
AVDL,CEPDR,1
AVDL,FLPL,1
AVDL,LUAR,1
AVDL,M1,1
AVDL,M3L,1
AVDL,PVPR,1
AVDL,RICL,1
AVDL,RIH,1
AVDL,RMDR,1
AVDL,RMEV,1
AVDL,SDQR,1
AVDL,SMBVR,1
AVDL,SMDVL,1
AVDL,URBL,1
AVDL,VA6,1
AVDL,VD1,1
AVDR,AVAL,1
AVDR,AVAR,1
AVDR,AVBR,1
AVDR,AVFL,1
AVDR,AVHR,1
AVDR,DA1,1
AVDR,DB3,1
AVDR,I1L,1
AVDR,I2L,1
AVDR,IL1L,1
AVDR,IL1R,1
AVDR,IL2R,1
AVDR,M1,1
AVDR,NSMR,1
AVDR,PDB,1
AVDR,PDEL,1
AVDR,PHCL,1
AVDR,PVCR,1
AVDR,RIAL,1
AVDR,RMDL,1
AVDR,RMED,1
AVDR,SAADR,1
AVDR,SIBDR,1
AVDR,SMDDR,1
AVDR,URADR,1
AVDR,URBL,1
AVDR,VD12,1
AVDR,VD3,1
AVEL,AIYL,1
AVEL,ASGR,1
AVEL,ASHR,1
AVEL,ASKR,1
AVEL,AUAR,1
AVEL,AVAL,1
AVEL,AVKL,1
AVEL,AVKR,1
AVEL,AVL,1
AVEL,AWBR,1
AVEL,CEPVL,1
AVEL,CEPVR,1
AVEL,DA8,1
AVEL,HSNL,1
AVEL,M1,1
AVEL,RIR,1
AVEL,RMHR,1
AVEL,SAAVL,1
AVEL,VA2,1
AVEL,VC2,1
AVEL,VD13,1
AVER,ADER,1
AVER,AINL,1
AVER,ALML,1
AVER,ALNR,1
AVER,ASKR,1
AVER,AUAL,1
AVER,AVAR,1
AVER,AVDL,1
AVER,AVFR,1
AVER,AVKL,1
AVER,AWBL,1
AVER,AWCR,1
AVER,M2R,1
AVER,RICR,1
AVER,RIMR,1
AVER,RIPR,1
AVER,RMEV,1
AVER,SABD,1
AVER,SIADL,1
AVER,SIADR,1
AVER,SMBVR,1
AVER,URADL,1
AVER,URYVL,1
AVER,VC1,1
AVFL,AIAL,1
AVFL,AIZL,1
AVFL,AIZR,1
AVFL,AS2,1
AVFL,AS9,1
AVFL,DA2,1
AVFL,DA3,1
AVFL,HSNR,1
AVFL,I6,1
AVFL,IL1VR,1
AVFL,PVT,1
AVFL,RID,1
AVFL,SMDDR,1
AVFL,SMDVR,1
AVFL,VA9,1
AVFR,ASIR,1
AVFR,AVFL,1
AVFR,I2R,1
AVFR,I5,1
AVFR,IL2VL,1
AVFR,M3R,1
AVFR,PHCR,1
AVFR,RMDVR,1
AVFR,SIBDR,1
AVFR,VA10,1
AVFR,VC1,1
AVFR,VC3,1
AVFR,VD4,1
AVG,ASHR,1
AVG,AVDL,1
AVG,BAGL,1
AVG,DB1,1
AVG,DB3,1
AVG,MCR,1
AVG,PVPR,1
AVG,PVQR,1
AVG,PVR,1
AVG,RIAL,1
AVG,RIAR,1
AVG,RMEV,1
AVG,RMHR,1
AVG,SAADR,1
AVG,SAAVR,1
AVG,SMDVR,1
AVG,VA2,1
AVG,VA3,1
AVG,VB2,1
AVHL,AIZR,1
AVHL,ASEL,1
AVHL,ASJR,1
AVHL,AUAL,1
AVHL,AVAR,1
AVHL,AVJR,1
AVHL,CEPDL,1
AVHL,HSNL,1
AVHL,M2L,1
AVHL,PVPR,1
AVHL,PVQR,1
AVHL,RIBL,1
AVHL,RIPR,1
AVHL,RIS,1
AVHL,RMDDL,1
AVHL,RMEL,1
AVHL,RMHL,1
AVHL,SAAVL,1
AVHR,AFDR,1
AVHR,AIAL,1
AVHR,AIBR,1
AVHR,AVAR,1
AVHR,AVEL,1
AVHR,DVA,1
AVHR,OLQVL,1
AVHR,PVNR,1
AVHR,RIGR,1
AVHR,RIPR,1
AVHR,RMDDR,1
AVHR,RMDR,1
AVHR,SIADR,1
AVHR,SIBVR,1
AVHR,SMDVL,1
AVHR,VD6,1
AVJL,AIYL,1
AVJL,ALNL,1
AVJL,ASGL,1
AVJL,AVKL,1
AVJL,AVKR,1
AVJL,IL2L,1
AVJL,IL2R,1
AVJL,PDEL,1
AVJL,PVWL,1
AVJL,RIAR,1
AVJL,RICL,1
AVJL,RIGR,1
AVJL,RIMR,1
AVJL,RMDDR,1
AVJL,SIADR,1
AVJL,VB5,1
AVJL,VD7,1
AVJR,ADFR,1
AVJR,ALML,1
AVJR,ASGR,1
AVJR,CEPVL,1
AVJR,DVA,1
AVJR,IL1R,1
AVJR,IL1VL,1
AVJR,PVCR,1
AVJR,RIGR,1
AVJR,RMDVL,1
AVJR,RMED,1
AVJR,URAVR,1
AVKL,ADAL,1
AVKL,AFDL,1
AVKL,AIYR,1
AVKL,ASER,1
AVKL,ASIR,1
AVKL,AVAR,1
AVKL,AVBR,1
AVKL,AVDR,1
AVKL,AVKR,1
AVKL,DA8,1
AVKL,DA9,1
AVKL,DD3,1
AVKL,HSNR,1
AVKL,I5,1
AVKL,IL2R,1
AVKL,LUAR,1
AVKL,OLLR,1
AVKL,PVCR,1
AVKL,RICR,1
AVKL,RMDDL,1
AVKL,RMDR,1
AVKL,RMDVL,1
AVKL,RMDVR,1
AVKL,RMEL,1
AVKL,RMER,1
AVKL,VA8,1
AVKL,VB3,1
AVKL,VC4,1
AVKR,AIAL,1
AVKR,AIBR,1
AVKR,AVAR,1
AVKR,AVL,1
AVKR,DD2,1
AVKR,IL1R,1
AVKR,OLLR,1
AVKR,OLQDR,1
AVKR,PDB,1
AVKR,PHBL,1
AVKR,PVPL,1
AVKR,RIVR,1
AVKR,SABVR,1
AVKR,URXR,1
AVKR,URYDL,1
AVKR,VD1,1
AVKR,VD3,1
AVKR,VD7,1
AVL,ADAL,1
AVL,AIZL,1
AVL,AVAL,1
AVL,AVDL,1
AVL,DB5,1
AVL,IL1DR,1
AVL,M3L,1
AVL,RIAL,1
AVL,RIVL,1
AVL,RMHL,1
AVL,SAADR,1
AVL,SMDDL,1
AVL,URADR,1
AVL,VB8,1
AVL,VD1,1
AVM,ADAL,1
AVM,AIAR,1
AVM,ASHR,1
AVM,AVFR,1
AVM,DVC,1
AVM,I3,1
AVM,IL1VL,1
AVM,IL2R,1
AVM,LUAL,1
AVM,M2R,1
AVM,OLQDL,1
AVM,PVQL,1
AVM,RIFR,1
AVM,RMDDR,1
AVM,RMER,1
AVM,RMHL,1
AVM,VB5,1
AWAL,AS7,1
AWAL,AWCR,1
AWAL,CEPDL,1
AWAL,M5,1
AWAL,RIBL,1
AWAL,RIVR,1
AWAL,RMDVR,1
AWAL,SIBDR,1
AWAL,VA3,1
AWAR,AVAL,1
AWAR,AVBL,1
AWAR,AVHL,1
AWAR,AVKL,1
AWAR,AVKR,1
AWAR,DA2,1
AWAR,DA5,1
AWAR,DVC,1
AWAR,OLQVL,1
AWAR,PVCL,1
AWAR,RIVL,1
AWAR,SMDVL,1
AWAR,VB4,1
AWBL,AIYL,1
AWBL,ALML,1
AWBL,ASEL,1
AWBL,ASGL,1
AWBL,DB6,1
AWBL,DD3,1
AWBL,HSNR,1
AWBL,MCL,1
AWBL,VB1,1
AWBR,ADAR,1
AWBR,AFDR,1
AWBR,ASIR,1
AWBR,AVKR,1
AWBR,DA3,1
AWBR,DD6,1
AWBR,MCR,1
AWBR,PVCL,1
AWBR,SIBDR,1
AWBR,SMBVR,1
AWBR,VD12,1
AWBR,VD7,1
AWCL,AVBR,1
AWCL,AVDL,1
AWCL,DB2,1
AWCL,HSNL,1
AWCL,PDEL,1
AWCL,RIBL,1
AWCL,RIFL,1
AWCL,RIS,1
AWCL,VA5,1
AWCR,AVDR,1
AWCR,AVEL,1
AWCR,AVJL,1
AWCR,IL1VR,1
AWCR,M3L,1
AWCR,PVCR,1
AWCR,RIFL,1
BAGL,AS4,1
BAGL,AVKR,1
BAGL,AWCL,1
BAGL,DD1,1
BAGL,PDA,1
BAGL,PDB,1
BAGL,PVCR,1
BAGL,RIBR,1
BAGL,SABVR,1
BAGL,VB4,1
BAGL,VD3,1
BAGR,ALML,1
BAGR,AVAL,1
BAGR,DD2,1
BAGR,M2R,1
BAGR,MCL,1
BAGR,RIBL,1
BAGR,RIML,1
BAGR,VD5,1
BDUL,AIBL,1
BDUL,ASEL,1
BDUL,AVJL,1
BDUL,DA1,1
BDUL,MI,1
BDUL,PLMR,1
BDUL,RMDDL,1
BDUL,VD7,1
BDUR,ADLL,1
BDUR,AS6,1
BDUR,AVEL,1
BDUR,AVL,1
BDUR,IL1DR,1
BDUR,M4,1
BDUR,PVPR,1
BDUR,SAADL,1
BDUR,SABVL,1
BDUR,URXL,1
BDUR,VD6,1
CEPDL,AIAR,1
CEPDL,ASIR,1
CEPDL,AVDR,1
CEPDL,AVJL,1
CEPDL,DD5,1
CEPDL,IL2VR,1
CEPDL,M5,1
CEPDL,NSML,1
CEPDL,OLLR,1
CEPDL,OLQVR,1
CEPDL,PVWL,1
CEPDL,RIAR,1
CEPDL,RIS,1
CEPDL,RIVL,1
CEPDL,RMER,1
CEPDL,VD10,1
CEPDL,VD2,1
CEPDL,VD9,1
CEPDR,ADLL,1
CEPDR,AINR,1
CEPDR,AIZL,1
CEPDR,ASKR,1
CEPDR,AVAR,1
CEPDR,AVHR,1
CEPDR,DA1,1
CEPDR,DA9,1
CEPDR,DD2,1
CEPDR,DD5,1
CEPDR,I1R,1
CEPDR,LUAL,1
CEPDR,M3L,1
CEPDR,RIAL,1
CEPDR,RIFL,1
CEPDR,RMER,1
CEPDR,RMGL,1
CEPDR,RMHL,1
CEPDR,VB10,1
CEPDR,VB8,1
CEPDR,VC4,1
CEPVL,ADFR,1
CEPVL,ASIR,1
CEPVL,AVAL,1
CEPVL,AVKR,1
CEPVL,DD2,1
CEPVL,I1R,1
CEPVL,PQR,1
CEPVL,PVT,1
CEPVL,RIGR,1
CEPVL,RIVL,1
CEPVL,RMHR,1
CEPVL,SAADL,1
CEPVL,VB7,1
CEPVR,AS4,1
CEPVR,ASGL,1
CEPVR,ASKR,1
CEPVR,AWBR,1
CEPVR,DA1,1
CEPVR,IL1DR,1
CEPVR,IL1R,1
CEPVR,IL1VL,1
CEPVR,OLQVR,1
CEPVR,RIAR,1
CEPVR,RIML,1
CEPVR,RMEL,1
CEPVR,VA9,1
CEPVR,VB8,1
CEPVR,VD13,1
DA1,AIZL,1
DA1,AQR,1
DA1,AVBR,1
DA1,DB6,1
DA1,RMDVR,1
DA1,SIADR,1
DA1,SMDDR,1
DA1,VD12,1
DA2,AWCR,1
DA2,DA8,1
DA2,I1L,1
DA2,I6,1
DA2,RIBR,1
DA2,RMDL,1
DA2,RMDVL,1
DA2,SMBDL,1
DA2,VB2,1
DA2,VD1,1
DA3,AINL,1
DA3,AIZL,1
DA3,AIZR,1
DA3,ALNR,1
DA3,AVBR,1
DA3,AVFR,1
DA3,AVHL,1
DA4,ADAR,1
DA4,AIBR,1
DA4,AQR,1
DA4,AVAL,1
DA4,CEPDR,1
DA4,PVPR,1
DA4,RIBL,1
DA4,SAADL,1
DA4,SAADR,1
DA5,AINR,1
DA5,ASJL,1
DA5,AVHR,1
DA5,M3L,1
DA5,MCR,1
DA5,PVT,1
DA5,RIAR,1
DA5,VD4,1
DA6,AUAL,1
DA6,I1R,1
DA6,RIBR,1
DA6,RMGL,1
DA6,SMBDR,1
DA7,AVBL,1
DA8,HSNL,1
DA8,RIML,1
DA9,AVEL,1
DA9,DA1,1
DA9,DD2,1
DA9,M2L,1
DA9,MI,1
DA9,SMBDL,1
DB1,AIAR,1
DB1,AIZR,1
DB1,AS10,1
DB1,ASHR,1
DB1,AVDL,1
DB1,AVDR,1
DB1,DA2,1
DB1,DD1,1
DB1,RIS,1
DB1,RMDDL,1
DB1,RMDL,1
DB1,SAAVR,1
DB1,SMBDL,1
DB1,URADR,1
DB1,VB2,1
DB1,VD7,1
DB2,AIZR,1
DB2,AVDL,1
DB2,AVDR,1
DB2,DD4,1
DB2,PDEL,1
DB2,PVCL,1
DB2,RMDDR,1
DB2,RMFL,1
DB2,VB5,1
DB3,AIBL,1
DB3,AS4,1
DB3,AVL,1
DB3,OLQVL,1
DB3,OLQVR,1
DB3,PDER,1
DB3,RICL,1
DB3,RICR,1
DB3,RMDVL,1
DB3,RMFR,1
DB3,SDQR,1
DB3,VB10,1
DB4,AIMR,1
DB4,AIYR,1
DB4,I1R,1
DB4,RIGL,1
DB4,RIMR,1
DB4,RIPL,1
DB4,SIBDR,1
DB4,VA12,1
DB5,AFDR,1
DB5,PHBL,1
DB5,RMDL,1
DB6,SIBVL,1
DB6,VB2,1
DB6,VD5,1
DB7,BDUL,1
DB7,DB5,1
DB7,PVCL,1
DD1,ASER,1
DD1,AVJR,1
DD1,M4,1
DD1,PVM,1
DD1,RIGL,1
DD2,DA2,1
DD2,I1L,1
DD2,M1,1
DD2,SAAVL,1
DD2,VC4,1
DD3,RMFL,1
DD3,VB11,1
DD4,ADFL,1
DD4,AUAR,1
DD4,SIADL,1
DD5,RIVL,1
DD5,RMDVR,1
DD5,VA2,1
DVA,AFDR,1
DVA,AIBR,1
DVA,AQR,1
DVA,ASER,1
DVA,ASGL,1
DVA,AUAL,1
DVA,AVBL,1
DVA,AVFL,1
DVA,AVFR,1
DVA,AVKR,1
DVA,BDUR,1
DVA,DA2,1
DVA,DA8,1
DVA,DB3,1
DVA,DB4,1
DVA,DD3,1
DVA,HSNR,1
DVA,IL1DL,1
DVA,M1,1
DVA,M3L,1
DVA,MI,1
DVA,OLLR,1
DVA,RIFL,1
DVA,RIVL,1
DVA,RIVR,1
DVA,RMDDR,1
DVA,RMDVL,1
DVA,RMEV,1
DVA,RMGL,1
DVA,RMHR,1
DVA,SAADR,1
DVA,SABVL,1
DVA,SIBVL,1
DVA,SMBDL,1
DVA,VC2,1
DVA,VD4,1
DVA,VD9,1
DVB,AVBL,1
DVB,DA2,1
DVB,RIAR,1
DVB,RIFR,1
DVB,RIMR,1
DVB,RMED,1
DVB,SIBDR,1
DVB,URAVL,1
DVB,VA4,1
DVB,VC2,1
DVC,AIAR,1
DVC,ASIR,1
DVC,AVDL,1
DVC,CEPDL,1
DVC,M1,1
DVC,M3R,1
DVC,NSML,1
DVC,RIBR,1
DVC,RICR,1
DVC,RIGR,1
DVC,RIH,1
DVC,RIML,1
DVC,RMED,1
DVC,RMER,1
DVC,RMGL,1
DVC,RMHL,1
DVC,SAADL,1
DVC,SAAVR,1
DVC,URBR,1
DVC,URXR,1
FLPL,ADAR,1
FLPL,ASGL,1
FLPL,AVBL,1
FLPL,AVBR,1
FLPL,AVJL,1
FLPL,AWBR,1
FLPL,DVB,1
FLPL,M3L,1
FLPL,PVNL,1
FLPL,PVQL,1
FLPL,RIVR,1
FLPL,VD1,1
FLPL,VD3,1
FLPR,AIBL,1
FLPR,AVEL,1
FLPR,AVHL,1
FLPR,DB4,1
FLPR,M3R,1
FLPR,PVQL,1
FLPR,PVQR,1
FLPR,RIBR,1
FLPR,RIVR,1
FLPR,RMDDL,1
FLPR,RMDVR,1
FLPR,RMED,1
FLPR,SIBDR,1
FLPR,VA2,1
FLPR,VD1,1
HSNL,ASGL,1
HSNL,AVBL,1
HSNL,AVER,1
HSNL,DD2,1
HSNL,DD3,1
HSNL,M2L,1
HSNL,PVCL,1
HSNL,PVCR,1
HSNL,RICR,1
HSNL,RIMR,1
HSNL,RMDDL,1
HSNL,RMER,1
HSNL,SMBDL,1
HSNL,URBL,1
HSNL,VA2,1
HSNL,VB6,1
HSNL,VC2,1
HSNR,AFDL,1
HSNR,AIAL,1
HSNR,AS10,1
HSNR,AS3,1
HSNR,ASHL,1
HSNR,ASJL,1
HSNR,ASKR,1
HSNR,AVAR,1
HSNR,AVEL,1
HSNR,AVKR,1
HSNR,DA3,1
HSNR,DB4,1
HSNR,DVB,1
HSNR,I1R,1
HSNR,IL1DL,1
HSNR,IL1VL,1
HSNR,MCL,1
HSNR,PVNL,1
HSNR,RIBL,1
HSNR,RIFR,1
HSNR,SAAVL,1
HSNR,SIBVL,1
HSNR,SMBVL,1
HSNR,SMDVL,1
HSNR,VD9,1
I1L,AS3,1
I1L,AS9,1
I1L,AVAR,1
I1L,AVDR,1
I1L,AVL,1
I1L,DA2,1
I1L,DD6,1
I1L,HSNL,1
I1L,IL1R,1
I1L,OLQVL,1
I1L,PHBL,1
I1L,RIBR,1
I1L,RICL,1
I1L,RIMR,1
I1L,RMDDL,1
I1L,RMHL,1
I1R,ADAR,1
I1R,ADLR,1
I1R,AS4,1
I1R,ASGL,1
I1R,CEPVR,1
I1R,FLPL,1
I1R,IL1DR,1
I1R,LUAL,1
I1R,M1,1
I1R,PVCR,1
I1R,PVQR,1
I1R,PVT,1
I1R,RMHR,1
I1R,SMBVR,1
I1R,VA12,1
I1R,VD11,1
I2L,AIBR,1
I2L,M3L,1
I2L,PVCR,1
I2L,RIFL,1
I2L,SIADL,1
I2L,URADR,1
I2L,VA1,1
I2L,VA12,1
I2R,AVAL,1
I2R,AVER,1
I2R,PHAR,1
I2R,PVNR,1
I2R,PVPL,1
I2R,RIVR,1
I2R,SIBVR,1
I2R,VB6,1
I3,AVAL,1
I3,AVAR,1
I3,AWBR,1
I3,DD1,1
I3,FLPL,1
I3,M4,1
I3,OLQDL,1
I3,RICR,1
I3,RMDDL,1
I3,RMGL,1
I3,SAADR,1
I3,VB5,1
I3,VD5,1
I3,VD6,1
I4,ADER,1
I4,DA3,1
I4,DVC,1
I4,M5,1
I4,RICR,1
I4,URYDL,1
I5,ADER,1
I5,AVAR,1
I5,DB5,1
I5,M3L,1
I5,OLQDL,1
I5,RIS,1
I5,RMFL,1
I5,RMGR,1
I5,SMDDL,1
I5,VA12,1
I5,VB3,1
I6,AIMR,1
I6,AIYR,1
I6,AS1,1
I6,DVC,1
I6,IL1R,1
I6,RIFL,1
IL1DL,ADFR,1
IL1DL,AIBR,1
IL1DL,AVAR,1
IL1DL,AVEL,1
IL1DL,DA5,1
IL1DL,HSNL,1
IL1DL,I4,1
IL1DL,IL1VL,1
IL1DL,PHCL,1
IL1DL,VC3,1
IL1DR,AVHL,1
IL1DR,DA1,1
IL1DR,RIBR,1
IL1DR,RIML,1
IL1DR,RMDDL,1
IL1DR,RMDDR,1
IL1L,AIBL,1
IL1L,ALA,1
IL1L,AQR,1
IL1L,AS8,1
IL1L,ASGR,1
IL1L,AVEL,1
IL1L,HSNR,1
IL1L,RMER,1
IL1L,VD4,1
IL1R,AIMR,1
IL1R,AIZR,1
IL1R,ALNL,1
IL1R,AS6,1
IL1R,AVAR,1
IL1R,AVJL,1
IL1R,BDUR,1
IL1R,PVR,1
IL1R,RIBL,1
IL1R,RIFR,1
IL1R,RIVL,1
IL1R,RMDVL,1
IL1R,RMED,1
IL1VL,AVAR,1
IL1VL,AVBR,1
IL1VL,DB3,1
IL1VL,IL2L,1
IL1VL,RIAL,1
IL1VL,VD3,1
IL1VR,AVDR,1
IL1VR,AWAL,1
IL1VR,I1R,1
IL1VR,RIAL,1
IL1VR,SAADL,1
IL1VR,VA7,1
IL1VR,VD2,1
IL2DL,AIBL,1
IL2DL,AS1,1
IL2DL,AUAR,1
IL2DL,DVA,1
IL2DL,RIH,1
IL2DL,RMGR,1
IL2DL,URYVR,1
IL2DL,VB1,1
IL2DR,AVAL,1
IL2DR,AVEL,1
IL2DR,AVKL,1
IL2DR,DA7,1
IL2DR,DVA,1
IL2DR,PLML,1
IL2DR,PVCL,1
IL2DR,RMFR,1
IL2DR,SAAVL,1
IL2L,AIBR,1
IL2L,DB3,1
IL2L,DB5,1
IL2L,DD1,1
IL2L,HSNR,1
IL2L,IL1VL,1
IL2L,NSML,1
IL2L,PHCR,1
IL2L,RIMR,1
IL2L,RMEL,1
IL2L,SABVR,1
IL2L,URAVL,1
IL2L,VA1,1
IL2R,AIAL,1
IL2R,AVBR,1
IL2R,AVL,1
IL2R,AWBL,1
IL2R,CEPVR,1
IL2R,PVCL,1
IL2R,RIAL,1
IL2R,RIAR,1
IL2R,RIGL,1
IL2R,RIH,1
IL2R,RIML,1
IL2R,RIMR,1
IL2R,VC3,1
IL2VL,AVAR,1
IL2VL,AVBR,1
IL2VL,AVDL,1
IL2VL,PHCR,1
IL2VL,RIBR,1
IL2VL,RIMR,1
IL2VL,RMEL,1
IL2VL,SIAVR,1
IL2VL,SMBVR,1
IL2VL,VA12,1
IL2VL,VD5,1
IL2VR,AVAL,1
IL2VR,AVER,1
IL2VR,DB5,1
IL2VR,DVA,1
IL2VR,MI,1
IL2VR,PVCR,1
IL2VR,RIBL,1
IL2VR,RMDDL,1
IL2VR,URYDL,1
IL2VR,VD2,1
LUAL,ADEL,1
LUAL,AVHL,1
LUAL,DB1,1
LUAL,DB3,1
LUAL,I1L,1
LUAL,I6,1
LUAL,PVPR,1
LUAL,PVQL,1
LUAL,RIPR,1
LUAL,RMDDR,1
LUAR,AS5,1
LUAR,AVG,1
LUAR,BDUR,1
LUAR,IL1L,1
LUAR,RIFL,1
LUAR,RMFL,1
LUAR,SDQL,1
LUAR,SIBDR,1
LUAR,VB3,1
LUAR,VD5,1
M1,AIAR,1
M1,AVJL,1
M1,AVJR,1
M1,DB1,1
M1,DB5,1
M1,OLLR,1
M1,PVM,1
M1,RIBL,1
M1,RMGR,1
M1,SAAVL,1
M1,VD7,1
M2L,ADAL,1
M2L,AVAR,1
M2L,DD3,1
M2L,PVT,1
M2L,RIBR,1
M2L,RIPR,1
M2L,SMDVL,1
M2R,AIAL,1
M2R,AS5,1
M2R,DB1,1
M2R,MI,1
M2R,OLQVR,1
M2R,PVNR,1
M2R,RMDDL,1
M2R,RMEV,1
M2R,SAADL,1
M3L,ADEL,1
M3L,AVBR,1
M3L,RIPL,1
M3L,RMER,1
M3L,VD3,1
M3R,AVAL,1
M3R,DD1,1
M3R,DVA,1
M3R,RIBL,1
M3R,RIGR,1
M4,CEPDR,1
M4,DD2,1
M4,PHCL,1
M4,RIVL,1
M4,URBL,1
M4,VA2,1
M5,DB5,1
M5,RIBL,1
M5,RIMR,1
M5,SAADL,1
M5,SMBVL,1
M5,VA12,1
M5,VB7,1
MCL,DD1,1
MCL,PVCR,1
MCL,RIH,1
MCL,RMER,1
MCL,VD4,1
MCR,AS11,1
MCR,AVFL,1
MCR,IL1DR,1
MCR,RIAL,1
MCR,VD12,1
MI,AIBR,1
MI,ASHR,1
MI,ASJR,1
MI,AVHR,1
MI,CEPDL,1
MI,DVC,1
MI,I4,1
MI,RIGR,1
MI,RIML,1
MI,RMEV,1
MI,VB10,1
MI,VC2,1
NSML,AINL,1
NSML,DB3,1
NSML,PDER,1
NSML,PVNL,1
NSMR,I4,1
NSMR,PVQL,1
NSMR,SABVL,1
NSMR,VB6,1
OLLL,AIAR,1
OLLL,AIBL,1
OLLL,AVBR,1
OLLL,AVJR,1
OLLL,AVKR,1
OLLL,AWCL,1
OLLL,DD1,1
OLLL,I6,1
OLLL,PVM,1
OLLL,PVT,1
OLLL,RMDDR,1
OLLL,RMER,1
OLLL,SIBVR,1
OLLL,SMBVL,1
OLLL,VB4,1
OLLL,VD1,1
OLLR,ADAL,1
OLLR,ASKR,1
OLLR,AVDR,1
OLLR,CEPVR,1
OLLR,DD2,1
OLLR,MCR,1
OLLR,NSMR,1
OLLR,OLQDR,1
OLLR,PVQL,1
OLLR,RIMR,1
OLLR,RIS,1
OLLR,RIVR,1
OLLR,SMDVR,1
OLLR,VA5,1
OLLR,VB9,1
OLLR,VD4,1
OLQDL,DVA,1
OLQDL,PVR,1
OLQDL,RIPL,1
OLQDL,RIS,1
OLQDL,VB1,1
OLQDL,VB3,1
OLQDL,VC1,1
OLQDL,VD5,1
OLQDR,AVHL,1
OLQDR,DB1,1
OLQDR,M3L,1
OLQDR,PVNR,1
OLQDR,RMEL,1
OLQDR,RMER,1
OLQDR,SIBDR,1
OLQDR,SMDDL,1
OLQDR,SMDDR,1
OLQDR,SMDVR,1
OLQDR,VC5,1
OLQVL,ADEL,1
OLQVL,AIAR,1
OLQVL,ASGR,1
OLQVL,AVDR,1
OLQVL,AVM,1
OLQVL,PVR,1
OLQVL,RIBL,1
OLQVL,RIR,1
OLQVL,RMDVL,1
OLQVL,RMDVR,1
OLQVL,RMER,1
OLQVL,RMEV,1
OLQVL,SAAVL,1
OLQVR,ASGL,1
OLQVR,AVEL,1
OLQVR,DA2,1
OLQVR,IL1R,1
OLQVR,M4,1
OLQVR,RIH,1
OLQVR,SAADL,1
OLQVR,SIBDL,1
OLQVR,SMBVL,1
OLQVR,VA3,1
OLQVR,VC5,1
OLQVR,VD6,1
PDA,AVDR,1
PDA,DA2,1
PDA,DA9,1
PDA,SIBVL,1
PDA,SMBVR,1
PDB,DD1,1
PDB,M3R,1
PDB,RMGL,1
PDEL,AIBL,1
PDEL,AVER,1
PDEL,DD4,1
PDEL,RMDDR,1
PDEL,RMEL,1
PDEL,RMEV,1
PDEL,SABD,1
PDEL,VB7,1
PDER,AIAL,1
PDER,AINR,1
PDER,OLQVL,1
PDER,RMED,1
PDER,SABD,1
PDER,SMDDL,1
PDER,VD1,1
PDER,VD2,1
PHAL,AIAL,1
PHAL,DB4,1
PHAL,RIAL,1
PHAL,RIBR,1
PHAL,RIPR,1
PHAL,RMER,1
PHAL,SIAVL,1
PHAL,SMBVR,1
PHAL,SMDVR,1
PHAL,VB4,1
PHAR,AVAL,1
PHAR,AVAR,1
PHAR,DVC,1
PHAR,I1R,1
PHAR,PDER,1
PHAR,PVNL,1
PHAR,RIBR,1
PHAR,VD3,1
PHAR,VD6,1
PHBL,AVBL,1
PHBL,DB1,1
PHBL,SMBVL,1
PHBL,SMDDR,1
PHBL,URXR,1
PHBL,VC1,1
PHBR,AIZR,1
PHBR,AWBR,1
PHBR,PQR,1
PHBR,PVR,1
PHBR,PVWR,1
PHBR,RIPL,1
PHBR,RIPR,1
PHBR,SAADL,1
PHBR,SMDDL,1
PHBR,VA2,1
PHBR,VD8,1
PHCL,ASGR,1
PHCL,ASHL,1
PHCL,ASKL,1
PHCL,AVHL,1
PHCL,IL1DR,1
PHCL,RIBL,1
PHCL,RMDDR,1
PHCL,VA12,1
PHCR,BAGL,1
PHCR,DA3,1
PHCR,DD1,1
PHCR,RIR,1
PHCR,SMDVL,1
PHCR,VA7,1
PHCR,VB6,1
PLML,AIBR,1
PLML,AVJR,1
PLML,PVT,1
PLML,SIAVR,1
PLMR,AIBR,1
PLMR,AINR,1
PLMR,AIZL,1
PLMR,AUAL,1
PLMR,AWAR,1
PLMR,DD1,1
PLMR,M5,1
PLMR,PVQL,1
PLMR,RIH,1
PLMR,RMDL,1
PLMR,SMBDL,1
PLMR,SMDVL,1
PLMR,URBR,1
PLNL,AIAR,1
PLNL,AVFR,1
PLNR,AIZL,1
PLNR,RMDVR,1
PQR,AIZR,1
PQR,ASKL,1
PQR,AVAL,1
PQR,AVDR,1
PQR,DA9,1
PQR,HSNR,1
PQR,NSMR,1
PQR,VD10,1
PVCL,ADFR,1
PVCL,ALA,1
PVCL,ASEL,1
PVCL,ASGL,1
PVCL,ASJL,1
PVCL,AUAL,1
PVCL,AVAL,1
PVCL,BAGR,1
PVCL,CEPDL,1
PVCL,CEPVR,1
PVCL,DA3,1
PVCL,DA5,1
PVCL,DD2,1
PVCL,I1L,1
PVCL,IL1VR,1
PVCL,IL2L,1
PVCL,M2R,1
PVCL,M3L,1
PVCL,M3R,1
PVCL,M5,1
PVCL,PQR,1
PVCL,PVNR,1
PVCL,RIPR,1
PVCL,RMDR,1
PVCL,RMDVR,1
PVCL,RMHR,1
PVCL,SABVL,1
PVCL,SABVR,1
PVCL,SMDDL,1
PVCL,URYVL,1
PVCL,VA10,1
PVCL,VB7,1
PVCL,VC4,1
PVCL,VD9,1
PVCR,ADER,1
PVCR,ADLL,1
PVCR,AS3,1
PVCR,AVAR,1
PVCR,AVDR,1
PVCR,AVFL,1
PVCR,AVG,1
PVCR,AVJR,1
PVCR,AVKR,1
PVCR,AWBR,1
PVCR,DA7,1
PVCR,DB1,1
PVCR,DB3,1
PVCR,DB5,1
PVCR,DD6,1
PVCR,DVA,1
PVCR,I5,1
PVCR,I6,1
PVCR,IL1VL,1
PVCR,M3L,1
PVCR,OLQDL,1
PVCR,OLQDR,1
PVCR,PVQL,1
PVCR,RIAL,1
PVCR,RIAR,1
PVCR,RIBL,1
PVCR,RIPL,1
PVCR,RMDL,1
PVCR,RMED,1
PVCR,RMGL,1
PVCR,SAAVL,1
PVCR,SABVL,1
PVCR,URXR,1
PVCR,URYDR,1
PVCR,VA9,1
PVCR,VB9,1
PVCR,VD1,1
PVCR,VD8,1
PVDL,AS8,1
PVDL,ASER,1
PVDL,ASKL,1
PVDL,PVT,1
PVDL,RIFL,1
PVDL,VD6,1
PVDR,ASHL,1
PVDR,DB7,1
PVDR,DD1,1
PVDR,DVA,1
PVDR,VA9,1
PVDR,VB4,1
PVDR,VD13,1
PVM,ADER,1
PVM,AS6,1
PVM,AVER,1
PVM,FLPL,1
PVM,HSNR,1
PVM,M2R,1
PVM,MCR,1
PVM,RMDR,1
PVNL,ADER,1
PVNL,AVDL,1
PVNL,AVEL,1
PVNL,BDUR,1
PVNL,DB5,1
PVNL,DB6,1
PVNL,HSNL,1
PVNL,I1R,1
PVNL,NSML,1
PVNL,OLLR,1
PVNL,PHCR,1
PVNL,PVM,1
PVNL,PVPR,1
PVNL,RIVL,1
PVNL,RMHR,1
PVNL,SIBVL,1
PVNL,SMBVR,1
PVNL,VB11,1
PVNL,VB6,1
PVNL,VB8,1
PVNR,AFDR,1
PVNR,AS10,1
PVNR,AUAL,1
PVNR,AVFL,1
PVNR,AVHR,1
PVNR,DD1,1
PVNR,PVCR,1
PVNR,PVQL,1
PVNR,RIBR,1
PVNR,RIGL,1
PVNR,RIGR,1
PVNR,RMEL,1
PVNR,SMBDL,1
PVNR,SMBVR,1
PVNR,SMDDR,1
PVNR,URADR,1
PVNR,URXL,1
PVNR,URYDR,1
PVNR,VA9,1
PVNR,VD1,1
PVNR,VD2,1
PVNR,VD9,1
PVPL,AIYR,1
PVPL,AIZR,1
PVPL,ALA,1
PVPL,AVBL,1
PVPL,AVBR,1
PVPL,AVER,1
PVPL,AVM,1
PVPL,DA5,1
PVPL,DB3,1
PVPL,DVA,1
PVPL,PVCL,1
PVPL,PVR,1
PVPL,RICL,1
PVPL,RMEL,1
PVPL,RMFR,1
PVPL,SIADR,1
PVPL,SMDDR,1
PVPL,URADL,1
PVPL,URXR,1
PVPL,VD6,1
PVPR,AIAR,1
PVPR,AIBL,1
PVPR,ASGL,1
PVPR,AVDL,1
PVPR,CEPVR,1
PVPR,DA2,1
PVPR,DB5,1
PVPR,DD2,1
PVPR,DD6,1
PVPR,DVA,1
PVPR,DVB,1
PVPR,M3L,1
PVPR,PVCL,1
PVPR,PVQL,1
PVPR,PVT,1
PVPR,RIML,1
PVPR,RMED,1
PVPR,RMHL,1
PVPR,SIBDR,1
PVPR,VC2,1
PVPR,VD6,1
PVPR,VD7,1
PVQL,AVFL,1
PVQL,PVT,1
PVQL,RIPR,1
PVQL,RIVR,1
PVQL,VB6,1
PVQL,VD5,1
PVQL,VD9,1
PVQR,ASER,1
PVQR,AUAR,1
PVQR,AVBL,1
PVQR,AWBR,1
PVQR,DB2,1
PVQR,DB3,1
PVQR,I2R,1
PVQR,IL1L,1
PVQR,IL1VL,1
PVQR,M1,1
PVQR,PVCL,1
PVQR,PVNL,1
PVQR,RIPL,1
PVQR,RMGL,1
PVQR,SABVL,1
PVQR,SABVR,1
PVQR,VB7,1
PVR,ASKR,1
PVR,AVER,1
PVR,AVFL,1
PVR,CEPVR,1
PVR,DVC,1
PVR,HSNR,1
PVR,I1L,1
PVR,LUAL,1
PVR,PDA,1
PVR,PDER,1
PVR,PHBL,1
PVR,RIAR,1
PVR,RIBL,1
PVR,RIFL,1
PVR,RIML,1
PVR,RIS,1
PVR,RMDR,1
PVR,RMDVL,1
PVR,RMEV,1
PVR,RMGL,1
PVR,URAVL,1
PVR,URYDR,1
PVR,VA2,1
PVR,VB2,1
PVR,VC4,1
PVR,VD10,1
PVT,AFDR,1
PVT,AWBL,1
PVT,AWBR,1
PVT,DA1,1
PVT,DB2,1
PVT,DB5,1
PVT,DD3,1
PVT,DVC,1
PVT,LUAL,1
PVT,OLQDR,1
PVT,OLQVR,1
PVT,PVCR,1
PVT,RIPL,1
PVT,RMER,1
PVT,RMGR,1
PVT,VC2,1
PVWL,ASHL,1
PVWL,AVAL,1
PVWL,PVQR,1
PVWL,RMHR,1
PVWL,SMBDR,1
PVWR,ASER,1
PVWR,AWCR,1
PVWR,DVB,1
PVWR,PVCR,1
PVWR,SABD,1
RIAL,ADAL,1
RIAL,AS3,1
RIAL,ASGR,1
RIAL,DA7,1
RIAL,I4,1
RIAL,I6,1
RIAL,IL1R,1
RIAL,LUAL,1
RIAL,PHAR,1
RIAL,PVNR,1
RIAL,PVWR,1
RIAL,RMDDL,1
RIAL,VA2,1
RIAL,VB2,1
RIAL,VB4,1
RIAR,ALA,1
RIAR,AS8,1
RIAR,ASHR,1
RIAR,ASKR,1
RIAR,AVAL,1
RIAR,AVJL,1
RIAR,DB4,1
RIAR,M3R,1
RIAR,PDEL,1
RIAR,PQR,1
RIAR,PVCL,1
RIAR,RIML,1
RIAR,RMDVL,1
RIAR,SMBDL,1
RIAR,SMBVL,1
RIAR,SMDDL,1
RIAR,VB7,1
RIAR,VC4,1
RIBL,AIMR,1
RIBL,AIZL,1
RIBL,AVAR,1
RIBL,AVFL,1
RIBL,AVFR,1
RIBL,AVKL,1
RIBL,BAGR,1
RIBL,DD3,1
RIBL,DD6,1
RIBL,I6,1
RIBL,IL1L,1
RIBL,IL1VL,1
RIBL,PVR,1
RIBL,PVT,1
RIBL,RIML,1
RIBL,RMFL,1
RIBL,RMFR,1
RIBL,RMHR,1
RIBL,SIAVR,1
RIBL,SMBDL,1
RIBL,URXL,1
RIBL,VA2,1
RIBL,VB10,1
RIBL,VD13,1
RIBR,ADLL,1
RIBR,AIZL,1
RIBR,ASKL,1
RIBR,ASKR,1
RIBR,AVAL,1
RIBR,AVEL,1
RIBR,AVJL,1
RIBR,BDUR,1
RIBR,DB6,1
RIBR,DVA,1
RIBR,M1,1
RIBR,PHAL,1
RIBR,PHBL,1
RIBR,RICL,1
RIBR,RIGL,1
RIBR,RIMR,1
RIBR,RMEL,1
RIBR,RMHL,1
RIBR,SAAVR,1
RIBR,SABD,1
RIBR,SMDDL,1
RIBR,URXR,1
RIBR,VB8,1
RIBR,VD6,1
RICL,AINL,1
RICL,ASIL,1
RICL,AVBR,1
RICL,AVDL,1
RICL,AVER,1
RICL,AVFL,1
RICL,AVKL,1
RICL,CEPDL,1
RICL,CEPVR,1
RICL,DD3,1
RICL,PHBL,1
RICL,PVCR,1
RICL,PVM,1
RICL,PVNL,1
RICL,VD3,1
RICR,AIAL,1
RICR,AVAR,1
RICR,AVDL,1
RICR,BAGL,1
RICR,DA2,1
RICR,DVA,1
RICR,RIGL,1
RICR,SABVR,1
RICR,SIAVL,1
RICR,VB9,1
RID,AS3,1
RID,AVAL,1
RID,AVDL,1
RID,AWCR,1
RID,DA3,1
RID,DB5,1
RID,OLQDR,1
RID,PVT,1
RID,RIAR,1
RID,RICL,1
RID,RIH,1
RID,RIS,1
RID,VB3,1
RIFL,AS1,1
RIFL,AVKR,1
RIFL,AVL,1
RIFL,DB5,1
RIFL,OLLL,1
RIFL,PVCL,1
RIFL,RMDDL,1
RIFL,RMEV,1
RIFL,SAADR,1
RIFR,AVAL,1
RIFR,AVDL,1
RIFR,I1R,1
RIFR,OLLR,1
RIFR,PDEL,1
RIFR,PHCR,1
RIFR,RIAR,1
RIFR,RID,1
RIFR,RMDR,1
RIFR,RMDVL,1
RIFR,RMED,1
RIFR,VA5,1
RIFR,VB4,1
RIFR,VD8,1
RIGL,ADAL,1
RIGL,ADER,1
RIGL,AIBL,1
RIGL,AIBR,1
RIGL,AIMR,1
RIGL,ALML,1
RIGL,AQR,1
RIGL,AS3,1
RIGL,AWAL,1
RIGL,DA1,1
RIGL,I2R,1
RIGL,OLQVL,1
RIGL,PVNL,1
RIGL,PVNR,1
RIGL,RICR,1
RIGL,RID,1
RIGL,RIFR,1
RIGL,RMDDR,1
RIGL,SAAVL,1
RIGL,URAVR,1
RIGL,VA9,1
RIGL,VB2,1
RIGL,VC3,1
RIGR,ADFL,1
RIGR,AIBR,1
RIGR,AIZL,1
RIGR,AS2,1
RIGR,AS5,1
RIGR,ASEL,1
RIGR,AVER,1
RIGR,AWBL,1
RIGR,DB5,1
RIGR,I6,1
RIGR,PVR,1
RIGR,RIPR,1
RIGR,RMDVL,1
RIGR,VB5,1
RIGR,VD13,1
RIGR,VD4,1
RIH,ADLL,1
RIH,AIML,1
RIH,AIZL,1
RIH,AVKL,1
RIH,AVL,1
RIH,BDUR,1
RIH,DA5,1
RIH,IL1DR,1
RIH,IL1VL,1
RIH,LUAR,1
RIH,MCL,1
RIH,PVCR,1
RIH,RICL,1
RIH,RICR,1
RIH,RMDL,1
RIH,RMHL,1
RIH,SAADL,1
RIH,SIBDR,1
RIH,SMDVR,1
RIH,URADL,1
RIH,VA2,1
RIH,VA6,1
RIH,VC2,1
RIH,VD13,1
RIH,VD7,1
RIML,ADAR,1
RIML,AIBR,1
RIML,ASER,1
RIML,ASJR,1
RIML,AVHL,1
RIML,AWCR,1
RIML,CEPDR,1
RIML,DA2,1
RIML,I5,1
RIML,IL2L,1
RIML,RICL,1
RIML,RIFR,1
RIML,RMFL,1
RIML,SAAVR,1
RIML,SABD,1
RIML,VA10,1
RIML,VD5,1
RIML,VD7,1
RIMR,AIAR,1
RIMR,ALA,1
RIMR,ASIR,1
RIMR,AUAR,1
RIMR,AVEL,1
RIMR,AVKL,1
RIMR,AVKR,1
RIMR,DA2,1
RIMR,DD2,1
RIMR,DD5,1
RIMR,I1R,1
RIMR,OLQDL,1
RIMR,PHBR,1
RIMR,PHCR,1
RIMR,RMDVL,1
RIMR,RMEL,1
RIMR,SIBVL,1
RIMR,SMDDL,1
RIMR,VA8,1
RIMR,VB8,1
RIMR,VD2,1
RIPL,ASHL,1
RIPL,DA8,1
RIPL,SMBVR,1
RIPL,VB6,1
RIPL,VC3,1
RIPR,AVBR,1
RIPR,DA9,1
RIPR,PVCL,1
RIPR,SIADR,1
RIPR,URXL,1
RIR,ADAR,1
RIR,AS2,1
RIR,ASGL,1
RIR,AVL,1
RIR,HSNR,1
RIR,IL1VL,1
RIR,IL2R,1
RIR,LUAL,1
RIR,MCR,1
RIR,PDER,1
RIR,RIAR,1
RIR,RIML,1
RIR,RIPL,1
RIR,SMBDR,1
RIR,VD4,1
RIS,AS7,1
RIS,ASHL,1
RIS,AVDL,1
RIS,AVER,1
RIS,AVKL,1
RIS,AWBR,1
RIS,DA1,1
RIS,DB5,1
RIS,DD6,1
RIS,M1,1
RIS,OLQDL,1
RIS,PVCL,1
RIS,RIBR,1
RIS,RIML,1
RIS,RMEV,1
RIS,SAADR,1
RIS,SIBDR,1
RIS,SMBVL,1
RIS,SMDDR,1
RIS,SMDVR,1
RIS,URYDL,1
RIS,VA8,1
RIS,VD13,1
RIS,VD9,1
RIVL,AIBL,1
RIVL,AIZL,1
RIVL,ALML,1
RIVL,M3R,1
RIVL,OLLL,1
RIVL,RIPR,1
RIVL,SAAVR,1
RIVL,VD2,1
RIVL,VD4,1
RIVL,VD5,1
RIVR,AFDR,1
RIVR,AQR,1
RIVR,ASHR,1
RIVR,DD3,1
RIVR,LUAL,1
RIVR,MI,1
RIVR,OLQVL,1
RIVR,PDER,1
RIVR,PVWR,1
RIVR,RIML,1
RIVR,RIPR,1
RIVR,VD1,1
RIVR,VD13,1
RMDDL,CEPVL,1
RMDDL,DD5,1
RMDDL,OLQDL,1
RMDDL,RICL,1
RMDDL,SMBVL,1
RMDDR,PHCR,1
RMDDR,PVCR,1
RMDDR,PVM,1
RMDDR,RIBL,1
RMDDR,SMDVR,1
RMDDR,VB10,1
RMDL,AVHL,1
RMDL,DA8,1
RMDL,DB7,1
RMDL,PDEL,1
RMDL,PHBL,1
RMDL,PVPR,1
RMDL,RMEV,1
RMDL,URYDR,1
RMDL,VD1,1
RMDR,AIZL,1
RMDR,AQR,1
RMDR,DA1,1
RMDR,M3L,1
RMDR,M4,1
RMDR,RMDDR,1
RMDR,RMDVR,1
RMDR,SAADR,1
RMDVL,AFDR,1
RMDVL,AS9,1
RMDVL,AVAR,1
RMDVL,IL1DR,1
RMDVL,PVCR,1
RMDVL,RIBL,1
RMDVL,VA8,1
RMDVL,VC1,1
RMDVR,ADAR,1
RMDVR,ADEL,1
RMDVR,AVBL,1
RMDVR,AVBR,1
RMDVR,AVDR,1
RMDVR,IL1R,1
RMDVR,RIFR,1
RMDVR,URYDR,1
RMDVR,VA6,1
RMDVR,VB2,1
RMDVR,VD5,1
RMED,AVEL,1
RMED,AVKL,1
RMED,IL1R,1
RMED,M2L,1
RMED,M3R,1
RMED,VD5,1
RMEL,ASER,1
RMEL,AVKR,1
RMER,DB4,1
RMEV,DD2,1
RMEV,HSNR,1
RMEV,LUAL,1
RMEV,MCR,1
RMEV,PDER,1
RMEV,SABVL,1
RMEV,VD13,1
RMEV,VD4,1
RMFL,ADFR,1
RMFL,AIBL,1
RMFL,ASER,1
RMFL,DA3,1
RMFL,OLLL,1
RMFL,RIBL,1
RMFL,VD4,1
RMFR,ASHR,1
RMFR,LUAL,1
RMFR,VD9,1
RMGL,ADAR,1
RMGL,AIZL,1
RMGL,AUAR,1
RMGL,AVJR,1
RMGL,AWAL,1
RMGL,AWBR,1
RMGL,DA8,1
RMGL,DB3,1
RMGL,DVA,1
RMGL,I1R,1
RMGL,NSML,1
RMGL,PDEL,1
RMGL,RIAL,1
RMGL,RICR,1
RMGL,RIFL,1
RMGL,RIH,1
RMGL,RMDDR,1
RMGL,RMHL,1
RMGL,SAAVR,1
RMGL,SIBDR,1
RMGL,VA12,1
RMGL,VA6,1
RMGL,VB9,1
RMGL,VD11,1
RMGR,AS7,1
RMGR,AVAL,1
RMGR,AVBR,1
RMGR,AVDL,1
RMGR,AVEL,1
RMGR,AVM,1
RMGR,AWAR,1
RMGR,DA9,1
RMGR,I1L,1
RMGR,LUAL,1
RMGR,MCR,1
RMGR,PVNR,1
RMGR,PVPL,1
RMGR,RIAR,1
RMGR,RMDDR,1
RMGR,RMGL,1
RMGR,VB4,1
RMGR,VB9,1
RMHL,DD3,1
RMHL,RMDDR,1
RMHL,VC2,1
RMHR,AVEL,1
RMHR,FLPL,1
RMHR,VC2,1
SAADL,AS3,1
SAADL,M3R,1
SAADL,PDB,1
SAADL,PVNR,1
SAADL,RIBL,1
SAADL,RMDL,1
SAADR,AVDL,1
SAADR,AVHL,1
SAADR,FLPL,1
SAADR,NSMR,1
SAADR,RIR,1
SAADR,RMDVL,1
SAADR,SIBDR,1
SAADR,VB2,1
SAAVL,AQR,1
SAAVL,AVAL,1
SAAVL,AVDL,1
SAAVL,FLPL,1
SAAVL,PVCR,1
SAAVL,RMGL,1
SAAVL,SIBVR,1
SAAVL,SMBDR,1
SAAVL,URXR,1
SAAVL,VC4,1
SAAVR,AVBL,1
SAAVR,AVBR,1
SAAVR,I5,1
SAAVR,MCL,1
SAAVR,PVPR,1
SAAVR,RMDVL,1
SABD,DD2,1
SABD,PDEL,1
SABD,RIH,1
SABD,URXR,1
SABVL,PVT,1
SABVL,PVWR,1
SABVL,RMGR,1
SABVR,AS3,1
SABVR,PVR,1
SABVR,VD11,1
SDQL,AFDR,1
SDQL,AVBL,1
SDQL,DA1,1
SDQL,PHCR,1
SDQL,RIGR,1
SDQL,SMBVR,1
SDQL,SMDDL,1
SDQL,SMDVR,1
SDQL,VB2,1
SDQL,VD6,1
SDQR,AIMR,1
SDQR,AIZL,1
SDQR,AVBR,1
SDQR,DA2,1
SDQR,FLPL,1
SDQR,PVT,1
SDQR,RIBR,1
SDQR,RIH,1
SDQR,RIML,1
SDQR,RMER,1
SDQR,RMFL,1
SDQR,SMDDL,1
SDQR,VB5,1
SIADL,RMDDL,1
SIADR,PDER,1
SIAVL,AVDL,1
SIAVR,VA10,1
SIBDL,DB1,1
SIBDL,RIML,1
SIBDR,DA1,1
SIBDR,PLML,1
SIBDR,URYDL,1
SIBVL,ADAR,1
SIBVL,AIZL,1
SIBVL,BAGL,1
SIBVL,SMDVL,1
SIBVL,SMDVR,1
SIBVR,AFDR,1
SIBVR,AS11,1
SIBVR,PVPL,1
SIBVR,PVWL,1
SMBDL,AVL,1
SMBDL,PVPL,1
SMBDL,RMGL,1
SMBDL,SMBDR,1
SMBDL,URYVR,1
SMBDL,VB1,1
SMBDL,VD4,1
SMBDR,ADER,1
SMBDR,AWBL,1
SMBDR,DD2,1
SMBDR,DVC,1
SMBDR,FLPL,1
SMBDR,I4,1
SMBDR,PVR,1
SMBVL,ADER,1
SMBVL,AVAR,1
SMBVL,SIBVL,1
SMBVL,URBL,1
SMBVR,AIZR,1
SMBVR,ASER,1
SMBVR,FLPL,1
SMBVR,M3R,1
SMBVR,RIGL,1
SMDDL,AIBL,1
SMDDL,AVL,1
SMDDL,I5,1
SMDDL,IL1DL,1
SMDDL,RIGR,1
SMDDL,RMDL,1
SMDDL,VA7,1
SMDDR,AIAL,1
SMDDR,OLLL,1
SMDDR,OLQDR,1
SMDDR,PDER,1
SMDDR,RMGL,1
SMDDR,VD5,1
SMDVL,I1L,1
SMDVL,OLLR,1
SMDVL,RICR,1
SMDVL,RMEV,1
SMDVL,SAAVR,1
SMDVL,SIAVR,1
SMDVL,SMBVR,1
SMDVL,VA1,1
SMDVL,VA12,1
SMDVL,VC3,1
SMDVR,AVBL,1
SMDVR,AVFL,1
SMDVR,DD1,1
SMDVR,I4,1
SMDVR,IL1VL,1
SMDVR,OLLR,1
SMDVR,RID,1
SMDVR,RMED,1
SMDVR,SIADR,1
URADL,AIYL,1
URADL,AS6,1
URADL,URXL,1
URADR,ADLL,1
URADR,AFDR,1
URADR,AIMR,1
URADR,AVKL,1
URADR,SMBVR,1
URADR,VD2,1
URAVL,ADLR,1
URAVL,AINR,1
URAVL,HSNL,1
URAVL,RIVL,1
URAVR,AVKL,1
URAVR,FLPR,1
URAVR,PDER,1
URAVR,RIAR,1
URAVR,VD9,1
URBL,AIBR,1
URBL,AIZL,1
URBL,AVJR,1
URBL,IL1VL,1
URBL,LUAR,1
URBL,PVNR,1
URBL,RIFL,1
URBL,RMED,1
URBL,RMER,1
URBL,RMGL,1
URBR,AFDL,1
URBR,AVAR,1
URBR,AVBL,1
URBR,AVDR,1
URBR,DA4,1
URBR,DD2,1
URBR,I2L,1
URBR,I5,1
URBR,PVCL,1
URBR,RIGL,1
URBR,RIS,1
URBR,RMDDR,1
URBR,SABVR,1
URBR,URXL,1
URXL,AVBL,1
URXL,DB3,1
URXL,M1,1
URXL,OLQVL,1
URXL,PVM,1
URXL,RIBL,1
URXL,RMDVR,1
URXL,VB6,1
URXL,VD3,1
URXR,AIZR,1
URXR,AVG,1
URXR,AWBR,1
URXR,DD2,1
URXR,IL1VR,1
URXR,OLLR,1
URXR,OLQVR,1
URXR,PDER,1
URXR,RMDL,1
URXR,RMDVR,1
URXR,RMFL,1
URXR,SMBVL,1
URYDL,BAGR,1
URYDL,DA2,1
URYDL,DB2,1
URYDL,HSNR,1
URYDL,M2R,1
URYDL,OLQVL,1
URYDL,PVR,1
URYDL,RMHL,1
URYDR,DD2,1
URYDR,RMDDR,1
URYDR,RMDL,1
URYDR,RMEL,1
URYDR,URAVL,1
URYDR,VA9,1
URYDR,VB8,1
URYDR,VC4,1
URYVL,ASIR,1
URYVL,ASJR,1
URYVL,AVHR,1
URYVL,DVB,1
URYVL,OLQVR,1
URYVL,PVNL,1
URYVL,RIPR,1
URYVL,RMGR,1
URYVL,SAAVR,1
URYVL,URXR,1
URYVL,VA4,1
URYVL,VB9,1
URYVL,VD3,1
URYVR,AIBR,1
URYVR,AIYR,1
URYVR,AVBR,1
URYVR,AVFL,1
URYVR,AVHR,1
URYVR,DB6,1
URYVR,OLLR,1
URYVR,PVCR,1
URYVR,RIGL,1
URYVR,SAAVL,1
URYVR,VA12,1
VA1,DD5,1
VA1,M3R,1
VA1,SMDVL,1
VA1,VA3,1
VA10,PVNR,1
VA10,VB11,1
VA11,ASIR,1
VA11,AVAL,1
VA11,RICR,1
VA11,RIPL,1
VA11,RMDL,1
VA11,VB10,1
VA12,AIAR,1
VA12,AVEL,1
VA12,AVER,1
VA12,BAGL,1
VA12,CEPDR,1
VA12,DA2,1
VA12,DD2,1
VA12,IL1VL,1
VA12,PDB,1
VA12,RIAR,1
VA12,RICL,1
VA12,RIMR,1
VA12,SIBDR,1
VA12,URXR,1
VA12,URYVL,1
VA2,AS10,1
VA2,DA3,1
VA2,DB3,1
VA2,M3R,1
VA2,MI,1
VA2,RMER,1
VA2,SIBVL,1
VA3,ADEL,1
VA3,AIZR,1
VA3,AVBR,1
VA3,AVKR,1
VA3,DB3,1
VA3,HSNR,1
VA3,RIAL,1
VA3,SMDVR,1
VA3,VB6,1
VA4,AIBR,1
VA4,AQR,1
VA4,DVA,1
VA4,FLPR,1
VA4,M5,1
VA4,RIFL,1
VA4,RMGR,1
VA4,SMDDL,1
VA4,VB4,1
VA5,AVFR,1
VA5,NSML,1
VA5,PHCR,1
VA5,PVCR,1
VA5,RIGL,1
VA5,RIGR,1
VA5,VC1,1
VA6,AIBR,1
VA6,AVAL,1
VA6,DD1,1
VA6,I6,1
VA6,M2R,1
VA6,MI,1
VA7,AS2,1
VA7,AVAL,1
VA7,M3L,1
VA7,RIAR,1
VA7,RIVR,1
VA7,SMBDR,1
VA7,VA3,1
VA8,AS3,1
VA8,ASKR,1
VA8,AVER,1
VA8,AWAR,1
VA8,AWBR,1
VA8,DD3,1
VA8,DVC,1
VA8,PVNL,1
VA8,RIAL,1
VA8,RIAR,1
VA8,RIBL,1
VA8,RIGL,1
VA8,RMDR,1
VA8,SMBDL,1
VA9,AVEL,1
VA9,AVKR,1
VA9,AVL,1
VA9,DA9,1
VA9,M3L,1
VA9,PHCR,1
VA9,RIAL,1
VA9,RIVR,1
VA9,RMDL,1
VA9,RMFL,1
VA9,SAAVR,1
VA9,SMDVL,1
VB1,AIAL,1
VB1,ASKL,1
VB1,DA8,1
VB1,HSNR,1
VB1,I1R,1
VB1,PDEL,1
VB1,PDER,1
VB1,RIBL,1
VB1,RIML,1
VB1,RMDL,1
VB1,SAAVR,1
VB1,SMBVR,1
VB1,VA2,1
VB1,VA4,1
VB1,VB6,1
VB1,VD1,1
VB1,VD10,1
VB10,AUAR,1
VB10,AWCR,1
VB10,RIAR,1
VB10,RMED,1
VB10,RMEL,1
VB10,RMER,1
VB10,VA12,1
VB10,VB3,1
VB11,AWBL,1
VB11,DB4,1
VB11,IL1VR,1
VB11,M3R,1
VB11,VA5,1
VB2,ADER,1
VB2,AS1,1
VB2,ASHR,1
VB2,AUAR,1
VB2,AVFL,1
VB2,AVKR,1
VB2,AVL,1
VB2,DB4,1
VB2,DD3,1
VB2,IL2R,1
VB2,LUAR,1
VB2,RIPL,1
VB2,SIAVL,1
VB2,VD13,1
VB3,AVBR,1
VB3,DA7,1
VB3,PDB,1
VB3,RMDVR,1
VB3,SIBVL,1
VB3,URADR,1
VB4,AWCL,1
VB4,DA9,1
VB4,DD4,1
VB4,RIAL,1
VB4,RICL,1
VB4,RMEV,1
VB4,VD1,1
VB5,AIZR,1
VB5,AVAR,1
VB5,RMHL,1
VB5,SIBVL,1
VB5,URXR,1
VB5,VA2,1
VB6,ADFL,1
VB6,AIAL,1
VB6,ASKL,1
VB6,AWAR,1
VB6,LUAL,1
VB6,OLQDL,1
VB6,RMFL,1
VB6,SMBDL,1
VB6,VB1,1
VB7,AVDL,1
VB7,M5,1
VB7,PVNR,1
VB7,RMEV,1
VB8,AVAL,1
VB8,AVAR,1
VB8,BDUR,1
VB8,CEPDR,1
VB8,CEPVR,1
VB8,M3R,1
VB8,PVQR,1
VB8,RIGL,1
VB9,AVDR,1
VB9,AVEL,1
VB9,AVER,1
VB9,DVC,1
VB9,PDB,1
VB9,PVCR,1
VB9,RIFR,1
VB9,RIVR,1
VB9,RMED,1
VB9,SMBDL,1
VB9,SMDVL,1
VC1,ADAR,1
VC1,ALNL,1
VC1,AVBR,1
VC1,AVG,1
VC1,AVL,1
VC1,DA5,1
VC1,PVCR,1
VC1,RIAR,1
VC1,RIH,1
VC1,RIPL,1
VC1,RMEL,1
VC1,VB7,1
VC1,VD1,1
VC1,VD7,1
VC2,AS3,1
VC2,ASHR,1
VC2,AVKR,1
VC2,AWCR,1
VC2,CEPVL,1
VC2,M2L,1
VC2,M4,1
VC2,NSML,1
VC2,RIFL,1
VC2,RMHL,1
VC2,SAADL,1
VC2,SMDDL,1
VC2,VD11,1
VC2,VD4,1
VC2,VD9,1
VC3,ADEL,1
VC3,AIBL,1
VC3,AIMR,1
VC3,AQR,1
VC3,AVAL,1
VC3,AVAR,1
VC3,AVJR,1
VC3,FLPL,1
VC3,HSNR,1
VC3,IL2R,1
VC3,MCL,1
VC3,PDER,1
VC3,RIFR,1
VC3,RIML,1
VC3,RIMR,1
VC3,SAAVR,1
VC3,SABD,1
VC3,SABVR,1
VC3,SDQR,1
VC3,URXL,1
VC3,VB3,1
VC4,AS6,1
VC4,DB3,1
VC4,MCR,1
VC4,OLQVR,1
VC4,RIBL,1
VC4,VB3,1
VC5,ALMR,1
VC5,AVAL,1
VC5,AVL,1
VC5,AWAR,1
VC5,DB7,1
VC5,PVCR,1
VC5,RIS,1
VC5,SAAVL,1
VC5,VB7,1
VD1,BAGR,1
VD1,M5,1
VD1,PVCR,1
VD1,RIAR,1
VD1,RICL,1
VD1,RMFR,1
VD1,SAADR,1
VD1,SIAVR,1
VD1,VA11,1
VD10,AVAL,1
VD10,BDUL,1
VD10,I4,1
VD10,RIGR,1
VD10,VB8,1
VD11,ASEL,1
VD11,PVQL,1
VD11,VB5,1
VD12,AVAL,1
VD12,AVER,1
VD12,MCL,1
VD12,VD10,1
VD13,OLQDR,1
VD13,PLMR,1
VD13,RIPR,1
VD13,RMED,1
VD13,SABVL,1
VD2,LUAL,1
VD2,RIBR,1
VD2,RIML,1
VD2,RMEV,1
VD2,URYDL,1
VD2,VB8,1
VD3,PVCL,1
VD3,RIPR,1
VD3,RMEV,1
VD3,SABD,1
VD3,URYDR,1
VD4,AIMR,1
VD4,I1R,1
VD4,OLQVL,1
VD4,RIBR,1
VD5,M3R,1
VD5,NSML,1
VD5,RIPL,1
VD5,SABD,1
VD5,VA2,1
VD5,VD12,1
VD6,ALNL,1
VD6,BDUR,1
VD6,PHCL,1
VD6,SABD,1
VD6,VC4,1
VD7,MCL,1
VD7,SMBVR,1
VD8,RIAR,1
VD8,SMDDL,1
VD9,AVDL,1
VD9,VB6,1
