ADAL,ADAL,1
ADAL,ADAR,1
ADAL,ADFL,1
ADAL,ADLL,1
ADAL,AIAL,1
ADAL,AIBL,1
ADAL,AIBR,1
ADAL,AVAL,1
ADAL,AVAR,1
ADAL,AVBL,1
ADAL,AVBR,1
ADAL,AVDL,1
ADAL,AVDR,1
ADAL,AVEL,1
ADAL,AVJR,1
ADAL,OLQVL,1
ADAL,PVPL,1
ADAL,PVQL,1
ADAL,RICL,1
ADAL,RICR,1
ADAL,RID,1
ADAL,RIML,1
ADAL,RIPL,1
ADAL,SMDVR,1
ADAL,URAVL,1
ADAL,URXL,1
ADAR,ADAL,1
ADAR,ADFR,1
ADAR,AIBL,1
ADAR,AIBR,1
ADAR,ASHR,1
ADAR,AVAR,1
ADAR,AVBL,1
ADAR,AVBR,1
ADAR,AVDL,1
ADAR,AVDR,1
ADAR,AVEL,1
ADAR,AVJL,1
ADAR,PVQR,1
ADAR,PVR,1
ADAR,RIFR,1
ADAR,RIMR,1
ADAR,RIPR,1
ADAR,RIVR,1
ADAR,SMDVL,1
ADAR,URXR,1
ADAR,URYDR,1
ADEL,ADAL,1
ADEL,ADER,1
ADEL,AINL,1
ADEL,ALML,1
ADEL,AVAL,1
ADEL,AVAR,1
ADEL,AVDL,1
ADEL,AVEL,1
ADEL,AVHL,1
ADEL,AVL,1
ADEL,BDUL,1
ADEL,CEPDL,1
ADEL,FLPL,1
ADEL,IL1L,1
ADEL,IL2L,1
ADEL,OLLL,1
ADEL,RIAL,1
ADEL,RIFL,1
ADEL,RIGL,1
ADEL,RIGR,1
ADEL,RIH,1
ADEL,RIVL,1
ADEL,RIVR,1
ADEL,RMDL,1
ADEL,RMER,1
ADEL,RMGL,1
ADEL,RMHL,1
ADEL,RMHR,1
ADEL,SAADR,1
ADEL,SIADR,1
ADEL,SIBVR,1
ADEL,SMBDR,1
ADEL,SMBVL,1
ADEL,URBL,1
ADEL,VB1,1
ADER,ADAR,1
ADER,ADEL,1
ADER,AINR,1
ADER,ALNR,1
ADER,ASIR,1
ADER,AVAL,1
ADER,AVAR,1
ADER,AVDR,1
ADER,AVER,1
ADER,AVJR,1
ADER,AVKL,1
ADER,CEPDR,1
ADER,CEPVR,1
ADER,FLPL,1
ADER,FLPR,1
ADER,IL1R,1
ADER,IL2R,1
ADER,OLLR,1
ADER,PVQR,1
ADER,RIAR,1
ADER,RIGL,1
ADER,RIGR,1
ADER,RMDL,1
ADER,RMDR,1
ADER,RMGR,1
ADER,SMDVR,1
ADER,URBR,1
ADER,URXR,1
ADFL,ADAL,1
ADFL,ADLL,1
ADFL,AFDL,1
ADFL,AIAL,1
ADFL,AIBL,1
ADFL,AIBR,1
ADFL,AIZL,1
ADFL,ASHL,1
ADFL,AUAL,1
ADFL,AWBL,1
ADFL,AWCL,1
ADFL,AWCR,1
ADFL,RIAL,1
ADFL,RIBL,1
ADFL,RIGL,1
ADFL,RIGR,1
ADFL,RIPL,1
ADFL,RIR,1
ADFL,RIVL,1
ADFL,SMBDL,1
ADFL,SMBVL,1
ADFL,SMDVL,1
ADFL,URBL,1
ADFL,URXL,1
ADFR,ADAR,1
ADFR,ADFR,1
ADFR,AFDR,1
ADFR,AIAR,1
ADFR,AIYR,1
ADFR,AIZR,1
ADFR,ASGR,1
ADFR,ASHR,1
ADFR,AUAR,1
ADFR,AVHL,1
ADFR,AWAR,1
ADFR,AWBR,1
ADFR,AWCR,1
ADFR,BAGL,1
ADFR,OLQVR,1
ADFR,PVPR,1
ADFR,RIAR,1
ADFR,RIGR,1
ADFR,RIH,1
ADFR,RIR,1
ADFR,SMBDR,1
ADFR,SMBVR,1
ADFR,SMDVR,1
ADFR,URXR,1
ADFR,URYVR,1
ADLL,ADAL,1
ADLL,ADLR,1
ADLL,AIAL,1
ADLL,AIBL,1
ADLL,ALA,1
ADLL,ASEL,1
ADLL,ASER,1
ADLL,ASGL,1
ADLL,ASHL,1
ADLL,AVAL,1
ADLL,AVAR,1
ADLL,AVBL,1
ADLL,AVDL,1
ADLL,AVDR,1
ADLL,AVJL,1
ADLL,AVJR,1
ADLL,AWAL,1
ADLL,AWBL,1
ADLL,AWCL,1
ADLL,OLQVL,1
ADLL,RIAL,1
ADLL,RIGL,1
ADLL,RIPL,1
ADLL,RIR,1
ADLL,RMGL,1
ADLL,SMBVL,1
ADLR,ADAR,1
ADLR,ADLL,1
ADLR,ADLR,1
ADLR,AIAR,1
ADLR,AIBR,1
ADLR,ASER,1
ADLR,ASGR,1
ADLR,ASHR,1
ADLR,ASKR,1
ADLR,AVAR,1
ADLR,AVBL,1
ADLR,AVBR,1
ADLR,AVDL,1
ADLR,AVDR,1
ADLR,AVJL,1
ADLR,AVJR,1
ADLR,AWCR,1
ADLR,CEPVR,1
ADLR,OLLR,1
ADLR,OLQVR,1
ADLR,PVCL,1
ADLR,RICL,1
ADLR,RICR,1
ADLR,RIFR,1
ADLR,RIPR,1
ADLR,SIBVL,1
ADLR,SMBVR,1
ADLR,URBR,1
ADLR,URXR,1
AFDL,ADFL,1
AFDL,AFDL,1
AFDL,AFDR,1
AFDL,AIBL,1
AFDL,AINR,1
AFDL,AIYL,1
AFDL,ASEL,1
AFDL,ASER,1
AFDL,AVEL,1
AFDL,AWBL,1
AFDL,URBL,1
AFDR,ADFR,1
AFDR,AFDL,1
AFDR,AIYR,1
AFDR,ASEL,1
AFDR,ASER,1
AFDR,ASHR,1
AFDR,AWCR,1
AFDR,RMDVR,1
AFDR,URBR,1
AIAL,ADAL,1
AIAL,ADFL,1
AIAL,ADLL,1
AIAL,AIAR,1
AIAL,AIBL,1
AIAL,AIML,1
AIAL,AIZL,1
AIAL,ASEL,1
AIAL,ASER,1
AIAL,ASGL,1
AIAL,ASHL,1
AIAL,ASIL,1
AIAL,ASIR,1
AIAL,ASJL,1
AIAL,ASKL,1
AIAL,AWBL,1
AIAL,AWCL,1
AIAL,AWCR,1
AIAL,PVQL,1
AIAL,RIFL,1
AIAL,RIR,1
AIAL,RMGL,1
AIAR,ADAR,1
AIAR,ADFR,1
AIAR,ADLR,1
AIAR,AIAL,1
AIAR,AIAR,1
AIAR,AIBR,1
AIAR,AIZR,1
AIAR,ASER,1
AIAR,ASGR,1
AIAR,ASHR,1
AIAR,ASIR,1
AIAR,ASKR,1
AIAR,AWAR,1
AIAR,AWCL,1
AIAR,AWCR,1
AIAR,RIFR,1
AIBL,AFDL,1
AIBL,AIAL,1
AIBL,AIBL,1
AIBL,AIZR,1
AIBL,ASHL,1
AIBL,ASHR,1
AIBL,ASKL,1
AIBL,AVAL,1
AIBL,AVBL,1
AIBL,AVEL,1
AIBL,DVC,1
AIBL,FLPL,1
AIBL,IL2DR,1
AIBL,RIBR,1
AIBL,RIFL,1
AIBL,RIGR,1
AIBL,RIML,1
AIBL,RIMR,1
AIBL,RIS,1
AIBL,RMED,1
AIBL,RMFR,1
AIBL,SAADL,1
AIBL,SAADR,1
AIBL,SAAVL,1
AIBL,SDQR,1
AIBL,SIADR,1
AIBL,SIAVR,1
AIBL,SIBDR,1
AIBL,SMDDR,1
AIBL,SMDVR,1
AIBR,ADLR,1
AIBR,AIAR,1
AIBR,AIYR,1
AIBR,AIZL,1
AIBR,AQR,1
AIBR,ASKR,1
AIBR,AUAL,1
AIBR,AVAR,1
AIBR,AVBR,1
AIBR,AVEL,1
AIBR,AWCR,1
AIBR,DVA,1
AIBR,DVC,1
AIBR,PVPL,1
AIBR,PVT,1
AIBR,RIAL,1
AIBR,RIBL,1
AIBR,RICR,1
AIBR,RIGL,1
AIBR,RIML,1
AIBR,RIMR,1
AIBR,RIS,1
AIBR,RIVR,1
AIBR,RMFL,1
AIBR,SAADL,1
AIBR,SAADR,1
AIBR,SAAVR,1
AIBR,SIADL,1
AIBR,SIAVL,1
AIBR,SIBVR,1
AIBR,SMDDL,1
AIBR,SMDVL,1
AIBR,VB1,1
AIML,AIAL,1
AIML,ALML,1
AIML,ASGL,1
AIML,ASJL,1
AIML,ASKL,1
AIML,AVDL,1
AIML,AVFL,1
AIML,AVFR,1
AIML,AVHL,1
AIML,AVHR,1
AIML,AVJL,1
AIML,CEPDL,1
AIML,PVQL,1
AIML,RID,1
AIML,RIFL,1
AIML,RMGL,1
AIML,SIBVR,1
AIML,SMBVL,1
AIML,URXL,1
AIMR,ADFR,1
AIMR,AIAR,1
AIMR,AIMR,1
AIMR,ALA,1
AIMR,ASGR,1
AIMR,ASJR,1
AIMR,ASKR,1
AIMR,AVAR,1
AIMR,AVDR,1
AIMR,AVFL,1
AIMR,AVFR,1
AIMR,AVHR,1
AIMR,AVJR,1
AIMR,AVKR,1
AIMR,BDUR,1
AIMR,CEPVR,1
AIMR,HSNL,1
AIMR,HSNR,1
AIMR,OLQDR,1
AIMR,PVNR,1
AIMR,RIFR,1
AIMR,RMDR,1
AIMR,RMGR,1
AIMR,SMBVR,1
AIMR,URXR,1
AINL,ADEL,1
AINL,AFDR,1
AINL,AIAR,1
AINL,AINR,1
AINL,ASEL,1
AINL,ASGR,1
AINL,ASIL,1
AINL,AUAR,1
AINL,BAGL,1
AINL,CEPVR,1
AINL,RIBL,1
AINL,RIBR,1
AINL,RID,1
AINL,RMDVL,1
AINL,RMFL,1
AINL,SAAVL,1
AINR,ADER,1
AINR,AFDL,1
AINR,AFDR,1
AINR,AIAL,1
AINR,AIBL,1
AINR,AINL,1
AINR,AINR,1
AINR,ASEL,1
AINR,ASER,1
AINR,ASGL,1
AINR,ASIL,1
AINR,AUAL,1
AINR,AUAR,1
AINR,AWCL,1
AINR,BAGL,1
AINR,BAGR,1
AINR,CEPDL,1
AINR,RIAL,1
AINR,RIBL,1
AINR,RID,1
AINR,URXL,1
AINR,URXR,1
AIYL,AFDL,1
AIYL,AIBL,1
AIYL,AIYR,1
AIYL,AIZL,1
AIYL,ASER,1
AIYL,AVKL,1
AIYL,AWAL,1
AIYL,AWCL,1
AIYL,AWCR,1
AIYL,HSNR,1
AIYL,RIAL,1
AIYL,RIBL,1
AIYL,RIH,1
AIYL,RIML,1
AIYL,RIR,1
AIYR,ADFR,1
AIYR,AFDR,1
AIYR,AINL,1
AIYR,AIYL,1
AIYR,AIZR,1
AIYR,ASEL,1
AIYR,ASER,1
AIYR,ASGR,1
AIYR,ASIR,1
AIYR,AUAR,1
AIYR,AWAR,1
AIYR,AWBR,1
AIYR,BAGR,1
AIYR,RIAR,1
AIYR,RIBR,1
AIYR,RIMR,1
AIYR,RIVR,1
AIZL,ADFL,1
AIZL,AFDL,1
AIZL,AIAL,1
AIZL,AIBL,1
AIZL,AIBR,1
AIZL,AIZR,1
AIZL,ASEL,1
AIZL,ASGL,1
AIZL,ASHL,1
AIZL,AVEL,1
AIZL,AVER,1
AIZL,AVKR,1
AIZL,AWAL,1
AIZL,AWCR,1
AIZL,DVA,1
AIZL,RIAL,1
AIZL,RICR,1
AIZL,RIGL,1
AIZL,RIH,1
AIZL,RIML,1
AIZL,SMBDL,1
AIZL,SMBVL,1
AIZL,SMDVL,1
AIZL,URYDL,1
AIZL,VB2,1
AIZR,ADFR,1
AIZR,AIAR,1
AIZR,AIBL,1
AIZR,AIBR,1
AIZR,AIZL,1
AIZR,ASER,1
AIZR,ASGR,1
AIZR,ASHR,1
AIZR,AVEL,1
AIZR,AVER,1
AIZR,AWAR,1
AIZR,AWCR,1
AIZR,DVA,1
AIZR,RIAR,1
AIZR,RIMR,1
AIZR,SIADR,1
AIZR,SIBVL,1
AIZR,SMBDR,1
AIZR,SMBVR,1
AIZR,SMDDR,1
ALA,ASJL,1
ALA,ASJR,1
ALA,ASKR,1
ALA,AVAL,1
ALA,AVAR,1
ALA,AVDR,1
ALA,AVEL,1
ALA,AVER,1
ALA,HSNR,1
ALA,RIAR,1
ALA,RID,1
ALA,RMDR,1
ALML,AIML,1
ALML,ALML,1
ALML,AVDR,1
ALML,AVEL,1
ALML,AVM,1
ALML,BDUL,1
ALML,CEPDL,1
ALML,CEPVL,1
ALML,PVCL,1
ALML,PVCR,1
ALML,PVR,1
ALML,RICL,1
ALML,RICR,1
ALML,RIFL,1
ALML,RMDDR,1
ALML,RMGL,1
ALML,SDQL,1
ALML,SMBDR,1
ALMR,AVDR,1
ALMR,AVM,1
ALMR,BDUR,1
ALMR,CEPDR,1
ALMR,CEPVR,1
ALMR,PVCR,1
ALMR,PVR,1
ALMR,RMDDL,1
ALMR,SDQR,1
ALMR,SIADL,1
ALMR,SMDDL,1
ALMR,URBR,1
ALNL,RIAL,1
ALNL,RMDDR,1
ALNL,RMGL,1
ALNL,RMHL,1
ALNL,SAAVL,1
ALNL,SIADR,1
ALNL,SMBDR,1
ALNL,SMDDR,1
ALNL,SMDVL,1
ALNR,ADER,1
ALNR,AVAL,1
ALNR,IL2DR,1
ALNR,PVR,1
ALNR,RIML,1
ALNR,RMGR,1
ALNR,SAAVR,1
ALNR,SMBDL,1
ALNR,SMDDL,1
ALNR,SMDDR,1
ALNR,SMDVL,1
AQR,AVAL,1
AQR,AVAR,1
AQR,AVBL,1
AQR,AVBR,1
AQR,AVDL,1
AQR,AVDR,1
AQR,AVJL,1
AQR,AVKL,1
AQR,AVKR,1
AQR,BAGL,1
AQR,BAGR,1
AQR,DVA,1
AQR,PVCL,1
AQR,PVCR,1
AQR,PVPL,1
AQR,PVPR,1
AQR,RIAL,1
AQR,RIAR,1
AQR,RIGL,1
AQR,RIGR,1
AQR,RIR,1
AQR,URXL,1
AS1,AS1,1
AS1,AVEL,1
AS1,AVER,1
AS1,DA1,1
AS1,DB1,1
AS1,DD1,1
AS1,FLPR,1
AS1,VA3,1
AS1,VA6,1
AS1,VD1,1
AS1,VD2,1
AS10,AVAL,1
AS10,AVAR,1
AS10,AVBL,1
AS10,AVHL,1
AS10,AVKL,1
AS10,DA7,1
AS10,DA9,1
AS10,DB7,1
AS10,VA12,1
AS10,VD10,1
AS10,VD11,1
AS11,AVAR,1
AS11,AVFL,1
AS11,AVG,1
AS11,AVHL,1
AS11,AVHR,1
AS11,AVKL,1
AS11,DA8,1
AS11,DD6,1
AS11,DVA,1
AS11,DVB,1
AS11,PDB,1
AS11,PVPL,1
AS11,VA11,1
AS11,VB11,1
AS11,VD12,1
AS11,VD13,1
AS2,DA2,1
AS2,DB1,1
AS2,DD1,1
AS2,RID,1
AS2,VA3,1
AS2,VA4,1
AS2,VD2,1
AS3,AVAR,1
AS3,DA3,1
AS3,VD3,1
AS4,DA2,1
AS4,DA3,1
AS4,DB2,1
AS4,DD1,1
AS4,DD2,1
AS4,VD4,1
AS5,AS5,1
AS5,AVAR,1
AS5,AVBR,1
AS5,VD5,1
AS6,AVAR,1
AS6,AVBL,1
AS6,AVBR,1
AS6,DA5,1
AS6,DB4,1
AS6,VD6,1
AS7,VD7,1
AS8,VD8,1
AS9,VD9,1
ASEL,ADFR,1
ASEL,AFDL,1
ASEL,AFDR,1
ASEL,AIAL,1
ASEL,AIBL,1
ASEL,AIBR,1
ASEL,AIYL,1
ASEL,AIYR,1
ASEL,AIZL,1
ASEL,ASER,1
ASEL,ASGL,1
ASEL,ASJL,1
ASEL,AWBL,1
ASEL,AWCL,1
ASEL,AWCR,1
ASEL,IL2R,1
ASEL,OLLR,1
ASEL,RIAR,1
ASEL,RIR,1
ASER,ADLL,1
ASER,ADLR,1
ASER,AFDL,1
ASER,AFDR,1
ASER,AIAL,1
ASER,AIAR,1
ASER,AIBL,1
ASER,AIBR,1
ASER,AIYL,1
ASER,AIYR,1
ASER,AIZL,1
ASER,ASEL,1
ASER,ASGR,1
ASER,ASHR,1
ASER,ASKL,1
ASER,AWAR,1
ASER,AWBR,1
ASER,AWCL,1
ASER,AWCR,1
ASER,PVQR,1
ASGL,AIAL,1
ASGL,AIBL,1
ASGL,AIML,1
ASGL,AINR,1
ASGL,AIZL,1
ASGL,ASEL,1
ASGL,ASKL,1
ASGL,AWBL,1
ASGL,RIVL,1
ASGR,ADFR,1
ASGR,ADLR,1
ASGR,AIAR,1
ASGR,AIBR,1
ASGR,AINL,1
ASGR,AIYR,1
ASGR,AIZR,1
ASGR,ASER,1
ASGR,ASIR,1
ASGR,AWCR,1
ASGR,RIFR,1
ASHL,ADAL,1
ASHL,ADFL,1
ASHL,ADLL,1
ASHL,AIAL,1
ASHL,AIBL,1
ASHL,AIZL,1
ASHL,ASHR,1
ASHL,ASKL,1
ASHL,AVAL,1
ASHL,AVAR,1
ASHL,AVBL,1
ASHL,AVDL,1
ASHL,AVDR,1
ASHL,AVFL,1
ASHL,AVHR,1
ASHL,HSNL,1
ASHL,RIAL,1
ASHL,RICL,1
ASHL,RIML,1
ASHL,RIPL,1
ASHL,RIR,1
ASHL,RMGL,1
ASHL,URXL,1
ASHR,ADAR,1
ASHR,ADFR,1
ASHR,ADLR,1
ASHR,AFDR,1
ASHR,AIAR,1
ASHR,AIBR,1
ASHR,AIZR,1
ASHR,ASHL,1
ASHR,ASHR,1
ASHR,ASKR,1
ASHR,AVAR,1
ASHR,AVBR,1
ASHR,AVDL,1
ASHR,AVDR,1
ASHR,AVER,1
ASHR,AVHL,1
ASHR,AWAR,1
ASHR,AWBL,1
ASHR,HSNL,1
ASHR,HSNR,1
ASHR,PVCL,1
ASHR,PVPR,1
ASHR,RIAR,1
ASHR,RICR,1
ASHR,RMGR,1
ASHR,SMBVR,1
ASIL,ADFL,1
ASIL,AIAL,1
ASIL,AIBL,1
ASIL,AINR,1
ASIL,AIYL,1
ASIL,AIYR,1
ASIL,AIZL,1
ASIL,ASER,1
ASIL,ASGL,1
ASIL,ASKL,1
ASIL,AWAR,1
ASIL,AWCL,1
ASIL,AWCR,1
ASIL,CEPVR,1
ASIL,RIAL,1
ASIL,RIBL,1
ASIL,RMFL,1
ASIL,SAAVL,1
ASIR,ADLR,1
ASIR,AIAL,1
ASIR,AIAR,1
ASIR,AIBR,1
ASIR,AIYR,1
ASIR,ASEL,1
ASIR,ASER,1
ASIR,ASGR,1
ASIR,ASHR,1
ASIR,AWAR,1
ASIR,AWCL,1
ASIR,AWCR,1
ASIR,CEPVR,1
ASJL,AIAL,1
ASJL,ALA,1
ASJL,ASJR,1
ASJL,ASKL,1
ASJL,ASKR,1
ASJL,CEPDL,1
ASJL,HSNL,1
ASJL,HSNR,1
ASJL,IL2L,1
ASJL,PVQL,1
ASJL,RIVL,1
ASJR,AIMR,1
ASJR,ASJL,1
ASJR,ASKR,1
ASJR,HSNR,1
ASJR,PVQR,1
ASKL,AIAL,1
ASKL,AIBL,1
ASKL,AIML,1
ASKL,ASER,1
ASKL,ASHL,1
ASKL,ASJL,1
ASKL,ASKR,1
ASKL,AVHL,1
ASKL,HSNL,1
ASKL,PVQL,1
ASKR,ADLR,1
ASKR,AIAL,1
ASKR,AIAR,1
ASKR,AIBR,1
ASKR,AIMR,1
ASKR,ALA,1
ASKR,ASER,1
ASKR,ASGR,1
ASKR,ASHR,1
ASKR,ASKL,1
ASKR,ASKR,1
ASKR,AVHR,1
ASKR,AWAR,1
ASKR,CEPVR,1
ASKR,HSNL,1
ASKR,HSNR,1
ASKR,PVQR,1
ASKR,RIFR,1
ASKR,RMGR,1
AUAL,ADFL,1
AUAL,AIBR,1
AUAL,AINR,1
AUAL,AIYL,1
AUAL,AIZL,1
AUAL,AUAR,1
AUAL,AVAL,1
AUAL,AVDR,1
AUAL,AVEL,1
AUAL,AWBL,1
AUAL,AWCL,1
AUAL,BAGR,1
AUAL,DVA,1
AUAL,RIAL,1
AUAL,RIBL,1
AUAL,RMDVL,1
AUAL,URXL,1
AUAR,AINL,1
AUAR,AINR,1
AUAR,AIYR,1
AUAR,AIZR,1
AUAR,AUAL,1
AUAR,AVAR,1
AUAR,AVER,1
AUAR,AWBR,1
AUAR,BAGL,1
AUAR,RIAR,1
AUAR,RIBR,1
AUAR,URXR,1
AVAL,ALA,1
AVAL,AS10,1
AVAL,AS11,1
AVAL,AS2,1
AVAL,AS4,1
AVAL,AS5,1
AVAL,AS7,1
AVAL,AS8,1
AVAL,AS9,1
AVAL,AVAR,1
AVAL,AVBL,1
AVAL,AVDL,1
AVAL,AVDR,1
AVAL,AVEL,1
AVAL,AVER,1
AVAL,AVJL,1
AVAL,AVJR,1
AVAL,DA1,1
AVAL,DA2,1
AVAL,DA3,1
AVAL,DA4,1
AVAL,DA5,1
AVAL,DA6,1
AVAL,DA7,1
AVAL,DA8,1
AVAL,DA9,1
AVAL,DB7,1
AVAL,LUAL,1
AVAL,LUAR,1
AVAL,PHCL,1
AVAL,PHCR,1
AVAL,PVCL,1
AVAL,PVCR,1
AVAL,PVDR,1
AVAL,PVNL,1
AVAL,PVPL,1
AVAL,PVPR,1
AVAL,RIAL,1
AVAL,RIMR,1
AVAL,SABD,1
AVAL,SABVL,1
AVAL,SABVR,1
AVAL,URYDL,1
AVAL,URYVR,1
AVAL,VA1,1
AVAL,VA10,1
AVAL,VA11,1
AVAL,VA12,1
AVAL,VA2,1
AVAL,VA3,1
AVAL,VA4,1
AVAL,VA5,1
AVAL,VA6,1
AVAL,VA7,1
AVAL,VA8,1
AVAL,VA9,1
AVAL,VB11,1
AVAR,AS1,1
AVAR,AS10,1
AVAR,AS11,1
AVAR,AS2,1
AVAR,AS3,1
AVAR,AS4,1
AVAR,AS5,1
AVAR,AS6,1
AVAR,AS7,1
AVAR,AS8,1
AVAR,AS9,1
AVAR,ASHR,1
AVAR,AVAL,1
AVAR,AVBL,1
AVAR,AVBR,1
AVAR,AVDL,1
AVAR,AVDR,1
AVAR,AVER,1
AVAR,AVJR,1
AVAR,DA1,1
AVAR,DA2,1
AVAR,DA3,1
AVAR,DA4,1
AVAR,DA5,1
AVAR,DA6,1
AVAR,DA7,1
AVAR,DA8,1
AVAR,DA9,1
AVAR,DB2,1
AVAR,DB3,1
AVAR,LUAL,1
AVAR,LUAR,1
AVAR,PHBL,1
AVAR,PHCR,1
AVAR,PVCL,1
AVAR,PVCR,1
AVAR,PVDL,1
AVAR,PVT,1
AVAR,PVWR,1
AVAR,RIGL,1
AVAR,RIML,1
AVAR,RIMR,1
AVAR,RMDR,1
AVAR,RMDVR,1
AVAR,SAAVR,1
AVAR,SABVL,1
AVAR,SABVR,1
AVAR,SMDVR,1
AVAR,URYDR,1
AVAR,VA1,1
AVAR,VA10,1
AVAR,VA11,1
AVAR,VA12,1
AVAR,VA2,1
AVAR,VA3,1
AVAR,VA4,1
AVAR,VA5,1
AVAR,VA6,1
AVAR,VA7,1
AVAR,VA8,1
AVAR,VA9,1
AVAR,VD11,1
AVBL,AQR,1
AVBL,AS10,1
AVBL,AS4,1
AVBL,AS5,1
AVBL,AS6,1
AVBL,AVAL,1
AVBL,AVAR,1
AVBL,AVBR,1
AVBL,AVDR,1
AVBL,AVER,1
AVBL,AVJR,1
AVBL,AVL,1
AVBL,DA5,1
AVBL,DA7,1
AVBL,DB2,1
AVBL,DB3,1
AVBL,DB4,1
AVBL,DB5,1
AVBL,DB6,1
AVBL,DB7,1
AVBL,DVA,1
AVBL,PVCR,1
AVBL,PVNR,1
AVBL,PVPR,1
AVBL,RIBL,1
AVBL,RIBR,1
AVBL,RID,1
AVBL,SDQL,1
AVBL,SDQR,1
AVBL,SIBVL,1
AVBL,VA10,1
AVBL,VA11,1
AVBL,VA2,1
AVBL,VB1,1
AVBL,VB10,1
AVBL,VB11,1
AVBL,VB2,1
AVBL,VB4,1
AVBL,VB5,1
AVBL,VB6,1
AVBL,VB7,1
AVBL,VB8,1
AVBL,VB9,1
AVBL,VC3,1
AVBR,AIBR,1
AVBR,AS1,1
AVBR,AS10,1
AVBR,AS3,1
AVBR,AS4,1
AVBR,AS5,1
AVBR,AS6,1
AVBR,AVAL,1
AVBR,AVAR,1
AVBR,AVBL,1
AVBR,AVDL,1
AVBR,AVER,1
AVBR,AVJL,1
AVBR,AVJR,1
AVBR,DA3,1
AVBR,DA4,1
AVBR,DA7,1
AVBR,DB1,1
AVBR,DB2,1
AVBR,DB3,1
AVBR,DB4,1
AVBR,DB5,1
AVBR,DB6,1
AVBR,DB7,1
AVBR,DVA,1
AVBR,HSNR,1
AVBR,PVNL,1
AVBR,PVNR,1
AVBR,PVPR,1
AVBR,RIBL,1
AVBR,RIBR,1
AVBR,RID,1
AVBR,SIBDL,1
AVBR,VA11,1
AVBR,VA3,1
AVBR,VA4,1
AVBR,VB10,1
AVBR,VB11,1
AVBR,VB2,1
AVBR,VB3,1
AVBR,VB4,1
AVBR,VB5,1
AVBR,VB6,1
AVBR,VB7,1
AVBR,VB8,1
AVBR,VB9,1
AVBR,VD3,1
AVDL,ADAR,1
AVDL,AS10,1
AVDL,AS11,1
AVDL,AS4,1
AVDL,AVAL,1
AVDL,AVAR,1
AVDL,AVDR,1
AVDL,AVEL,1
AVDL,AVHL,1
AVDL,AVJL,1
AVDL,AVJR,1
AVDL,AVM,1
AVDL,DA1,1
AVDL,DA2,1
AVDL,DA3,1
AVDL,DA4,1
AVDL,DA5,1
AVDL,DA8,1
AVDL,DVC,1
AVDL,FLPL,1
AVDL,FLPR,1
AVDL,LUAL,1
AVDL,PQR,1
AVDL,PVCL,1
AVDL,PVNR,1
AVDL,PVT,1
AVDL,RIFL,1
AVDL,SABD,1
AVDL,SABVL,1
AVDL,SABVR,1
AVDL,VA10,1
AVDL,VA12,1
AVDL,VA3,1
AVDL,VA5,1
AVDR,ADAL,1
AVDR,ADLL,1
AVDR,ALA,1
AVDR,ALMR,1
AVDR,AS10,1
AVDR,AS11,1
AVDR,AVAL,1
AVDR,AVAR,1
AVDR,AVBL,1
AVDR,AVDL,1
AVDR,AVER,1
AVDR,AVJL,1
AVDR,AVJR,1
AVDR,DA1,1
AVDR,DA2,1
AVDR,DA3,1
AVDR,DA4,1
AVDR,DA5,1
AVDR,DA8,1
AVDR,DB1,1
AVDR,DB4,1
AVDR,DVC,1
AVDR,FLPR,1
AVDR,LUAL,1
AVDR,PQR,1
AVDR,PVCR,1
AVDR,PVNL,1
AVDR,PVNR,1
AVDR,PVWR,1
AVDR,SABD,1
AVDR,SABVL,1
AVDR,SABVR,1
AVDR,SIADL,1
AVDR,VA11,1
AVDR,VA2,1
AVDR,VA3,1
AVDR,VA5,1
AVEL,AFDL,1
AVEL,ALML,1
AVEL,AS1,1
AVEL,AVAL,1
AVEL,AVAR,1
AVEL,AVDL,1
AVEL,AVER,1
AVEL,AVL,1
AVEL,BAGR,1
AVEL,DA1,1
AVEL,DA2,1
AVEL,DA3,1
AVEL,DB3,1
AVEL,PVCL,1
AVEL,PVCR,1
AVEL,PVPR,1
AVEL,PVT,1
AVEL,RIML,1
AVEL,RIMR,1
AVEL,RIS,1
AVEL,RMDVR,1
AVEL,RMEV,1
AVEL,RMGL,1
AVEL,SABD,1
AVEL,SABVL,1
AVEL,SABVR,1
AVEL,SMDVR,1
AVEL,VA1,1
AVEL,VA3,1
AVEL,VD2,1
AVEL,VD3,1
AVER,AIZR,1
AVER,ALA,1
AVER,AS1,1
AVER,AS2,1
AVER,AS3,1
AVER,ASHR,1
AVER,AVAL,1
AVER,AVAR,1
AVER,AVDL,1
AVER,AVDR,1
AVER,AVEL,1
AVER,AVKR,1
AVER,CEPDL,1
AVER,DA1,1
AVER,DA2,1
AVER,DA3,1
AVER,DB3,1
AVER,OLLL,1
AVER,RIFL,1
AVER,RIML,1
AVER,RIMR,1
AVER,RMDDL,1
AVER,RMDR,1
AVER,RMDVL,1
AVER,RMDVR,1
AVER,RMEV,1
AVER,RMGR,1
AVER,SABD,1
AVER,SABVL,1
AVER,SABVR,1
AVER,SMDDR,1
AVER,URXR,1
AVER,VA1,1
AVER,VA2,1
AVER,VA3,1
AVER,VA4,1
AVFL,AIML,1
AVFL,AS10,1
AVFL,AS11,1
AVFL,AVBL,1
AVFL,AVBR,1
AVFL,AVFR,1
AVFL,AVG,1
AVFL,AVHL,1
AVFL,AVHR,1
AVFL,AVJL,1
AVFL,AVL,1
AVFL,DVB,1
AVFL,HSNL,1
AVFL,HSNR,1
AVFL,PVCL,1
AVFL,PVNL,1
AVFL,PVNR,1
AVFL,PVPL,1
AVFL,PVPR,1
AVFL,PVQL,1
AVFL,PVQR,1
AVFL,RIFL,1
AVFL,RIFR,1
AVFL,SMBVL,1
AVFL,VA11,1
AVFL,VB1,1
AVFL,VB2,1
AVFL,VC1,1
AVFL,VC5,1
AVFL,VD12,1
AVFR,AIAL,1
AVFR,AIML,1
AVFR,ASHR,1
AVFR,AVAL,1
AVFR,AVBL,1
AVFR,AVBR,1
AVFR,AVFL,1
AVFR,AVG,1
AVFR,AVHL,1
AVFR,AVHR,1
AVFR,AVJL,1
AVFR,HSNL,1
AVFR,HSNR,1
AVFR,PVCR,1
AVFR,PVDL,1
AVFR,PVPL,1
AVFR,PVPR,1
AVFR,PVQL,1
AVFR,PVQR,1
AVFR,RMDDL,1
AVFR,RMGL,1
AVFR,VA2,1
AVFR,VB1,1
AVG,AS11,1
AVG,AVAL,1
AVG,AVAR,1
AVG,AVBL,1
AVG,AVBR,1
AVG,AVDL,1
AVG,AVDR,1
AVG,AVER,1
AVG,AVFL,1
AVG,AVFR,1
AVG,AVG,1
AVG,AVHR,1
AVG,AVJL,1
AVG,AVJR,1
AVG,AVL,1
AVG,DA8,1
AVG,DD6,1
AVG,DVC,1
AVG,PHAL,1
AVG,PHAR,1
AVG,PHCR,1
AVG,PVCL,1
AVG,PVCR,1
AVG,PVDL,1
AVG,PVNL,1
AVG,PVNR,1
AVG,PVPL,1
AVG,PVPR,1
AVG,PVQL,1
AVG,PVQR,1
AVG,PVT,1
AVG,RIFR,1
AVG,VA11,1
AVG,VA6,1
AVG,VC1,1
AVHL,ADFR,1
AVHL,AS10,1
AVHL,AS11,1
AVHL,ASHR,1
AVHL,ASKL,1
AVHL,AVAR,1
AVHL,AVBL,1
AVHL,AVBR,1
AVHL,AVDL,1
AVHL,AVFL,1
AVHL,AVFR,1
AVHL,AVHR,1
AVHL,AVJL,1
AVHL,AVJR,1
AVHL,AWBR,1
AVHL,BDUR,1
AVHL,DB7,1
AVHL,DD1,1
AVHL,DVB,1
AVHL,LUAL,1
AVHL,PHAL,1
AVHL,PHBL,1
AVHL,PHBR,1
AVHL,PHCR,1
AVHL,PVNL,1
AVHL,PVNR,1
AVHL,PVPL,1
AVHL,PVPR,1
AVHL,PVQR,1
AVHL,RIFR,1
AVHL,RIMR,1
AVHL,RIR,1
AVHL,SABD,1
AVHL,SMBDR,1
AVHL,SMBVR,1
AVHL,VD1,1
AVHL,VD12,1
AVHR,ADLR,1
AVHR,AQR,1
AVHR,AS11,1
AVHR,ASKR,1
AVHR,AVAL,1
AVHR,AVBL,1
AVHR,AVBR,1
AVHR,AVDR,1
AVHR,AVFL,1
AVHR,AVFR,1
AVHR,AVG,1
AVHR,AVHL,1
AVHR,AVJL,1
AVHR,AVJR,1
AVHR,AVL,1
AVHR,AWBL,1
AVHR,DA8,1
AVHR,DD6,1
AVHR,DVA,1
AVHR,DVC,1
AVHR,PHAR,1
AVHR,PHBL,1
AVHR,PHBR,1
AVHR,PVNL,1
AVHR,PVNR,1
AVHR,PVPL,1
AVHR,PVPR,1
AVHR,PVQL,1
AVHR,PVQR,1
AVHR,PVT,1
AVHR,RIGL,1
AVHR,RIR,1
AVHR,SIAVL,1
AVHR,SMBDL,1
AVHR,SMBVL,1
AVHR,VA11,1
AVHR,VD12,1
AVJL,AINL,1
AVJL,ASHR,1
AVJL,AVAL,1
AVJL,AVAR,1
AVJL,AVBL,1
AVJL,AVBR,1
AVJL,AVDL,1
AVJL,AVDR,1
AVJL,AVEL,1
AVJL,AVHL,1
AVJL,AVHR,1
AVJL,AVJR,1
AVJL,LUAL,1
AVJL,LUAR,1
AVJL,PDB,1
AVJL,PQR,1
AVJL,PVCL,1
AVJL,PVCR,1
AVJL,PVNL,1
AVJL,PVNR,1
AVJL,PVWL,1
AVJL,PVWR,1
AVJL,RIFR,1
AVJL,RIS,1
AVJL,SABD,1
AVJR,ADER,1
AVJR,ALML,1
AVJR,AVAL,1
AVJR,AVAR,1
AVJR,AVBL,1
AVJR,AVBR,1
AVJR,AVDL,1
AVJR,AVDR,1
AVJR,AVER,1
AVJR,AVG,1
AVJR,AVHL,1
AVJR,AVHR,1
AVJR,AVJL,1
AVJR,AVM,1
AVJR,FLPR,1
AVJR,LUAR,1
AVJR,PHBL,1
AVJR,PHCR,1
AVJR,PQR,1
AVJR,PVCL,1
AVJR,PVCR,1
AVJR,PVNR,1
AVJR,PVT,1
AVJR,PVWR,1
AVJR,RID,1
AVJR,SABVL,1
AVJR,VA11,1
AVKL,ADER,1
AVKL,AIYL,1
AVKL,AQR,1
AVKL,AS10,1
AVKL,AS11,1
AVKL,AVBL,1
AVKL,AVEL,1
AVKL,AVER,1
AVKL,AVKR,1
AVKL,AVL,1
AVKL,AVM,1
AVKL,DVA,1
AVKL,PDEL,1
AVKL,PDER,1
AVKL,PVM,1
AVKL,PVPL,1
AVKL,PVPR,1
AVKL,PVT,1
AVKL,RIGL,1
AVKL,RIGR,1
AVKL,RIML,1
AVKL,RIMR,1
AVKL,RIVL,1
AVKL,RMDL,1
AVKL,RMFL,1
AVKL,SAADL,1
AVKL,SAADR,1
AVKL,SAAVL,1
AVKL,SIAVR,1
AVKL,SIBVR,1
AVKL,SMBDL,1
AVKL,SMBDR,1
AVKL,SMBVL,1
AVKL,SMBVR,1
AVKL,VB10,1
AVKR,AIMR,1
AVKR,AQR,1
AVKR,AVER,1
AVKR,AVKL,1
AVKR,BDUL,1
AVKR,PDEL,1
AVKR,PVPL,1
AVKR,PVQL,1
AVKR,PVT,1
AVKR,RICL,1
AVKR,RIGL,1
AVKR,RIGR,1
AVKR,RIML,1
AVKR,RIMR,1
AVKR,RMDL,1
AVKR,RMDR,1
AVKR,RMFL,1
AVKR,RMGL,1
AVKR,RMHR,1
AVKR,SAADL,1
AVKR,SIADL,1
AVKR,SMBDL,1
AVKR,SMBDR,1
AVKR,SMBVR,1
AVKR,SMDDR,1
AVKR,SMDVR,1
AVL,AVEL,1
AVL,AVG,1
AVL,AVHR,1
AVL,AVKL,1
AVL,AVKR,1
AVL,DA9,1
AVL,DD1,1
AVL,DD6,1
AVL,DVB,1
AVL,DVC,1
AVL,HSNR,1
AVL,PDA,1
AVL,PVNR,1
AVL,PVPL,1
AVL,PVPR,1
AVL,PVT,1
AVL,PVWL,1
AVL,PVWR,1
AVL,RIMR,1
AVL,RIS,1
AVL,SABD,1
AVL,SABVL,1
AVL,SABVR,1
AVL,VC1,1
AVL,VC2,1
AVL,VC6,1
AVL,VD11,1
AVL,VD12,1
AVL,VD13,1
AVM,ADER,1
AVM,ALML,1
AVM,ALMR,1
AVM,AVBL,1
AVM,AVBR,1
AVM,AVDL,1
AVM,AVDR,1
AVM,AVHL,1
AVM,AVJR,1
AVM,AVKL,1
AVM,BDUL,1
AVM,BDUR,1
AVM,DA1,1
AVM,PVCL,1
AVM,PVCR,1
AVM,PVNL,1
AVM,PVNR,1
AVM,PVR,1
AVM,RID,1
AVM,SIBVL,1
AVM,VA2,1
AVM,VB3,1
AWAL,ADAL,1
AWAL,ADLL,1
AWAL,AFDL,1
AWAL,AIYL,1
AWAL,AIZL,1
AWAL,ASEL,1
AWAL,ASGL,1
AWAL,ASHL,1
AWAL,AWAR,1
AWAL,AWBL,1
AWAR,ADFR,1
AWAR,AFDR,1
AWAR,AIAR,1
AWAR,AIYR,1
AWAR,AIZR,1
AWAR,ASER,1
AWAR,ASGR,1
AWAR,ASIL,1
AWAR,AUAR,1
AWAR,AWAL,1
AWAR,AWBR,1
AWAR,RIFR,1
AWAR,RIGR,1
AWAR,RIR,1
AWBL,ADFL,1
AWBL,AIAL,1
AWBL,AIBR,1
AWBL,AIYL,1
AWBL,AIZL,1
AWBL,ASEL,1
AWBL,ASGL,1
AWBL,ASHL,1
AWBL,AUAL,1
AWBL,AVBL,1
AWBL,AVHR,1
AWBL,AWAL,1
AWBL,AWBR,1
AWBL,AWCL,1
AWBL,HSNL,1
AWBL,RIAL,1
AWBL,RIGL,1
AWBL,RMGL,1
AWBL,SMBDL,1
AWBL,SMBVL,1
AWBR,ADFR,1
AWBR,AIMR,1
AWBR,AIYR,1
AWBR,AIZR,1
AWBR,ASER,1
AWBR,ASGR,1
AWBR,ASHR,1
AWBR,AUAR,1
AWBR,AVBR,1
AWBR,AWBL,1
AWBR,HSNL,1
AWBR,HSNR,1
AWBR,OLQVR,1
AWBR,RIAR,1
AWBR,RICL,1
AWBR,RIFR,1
AWBR,RIR,1
AWBR,RMGR,1
AWBR,URYVR,1
AWCL,ADFL,1
AWCL,AFDL,1
AWCL,AIAL,1
AWCL,AIAR,1
AWCL,AIBL,1
AWCL,AIBR,1
AWCL,AIYL,1
AWCL,AIZL,1
AWCL,ASEL,1
AWCL,ASER,1
AWCL,ASGR,1
AWCL,ASIL,1
AWCL,AUAL,1
AWCL,AVAL,1
AWCL,AWCR,1
AWCL,RIAL,1
AWCL,SMDVL,1
AWCR,ADFR,1
AWCR,AFDR,1
AWCR,AIAL,1
AWCR,AIAR,1
AWCR,AIBL,1
AWCR,AIBR,1
AWCR,AIYL,1
AWCR,AIYR,1
AWCR,ASEL,1
AWCR,ASER,1
AWCR,ASGR,1
AWCR,ASHR,1
AWCR,ASIL,1
AWCR,ASIR,1
AWCR,AWCL,1
AWCR,IL2L,1
AWCR,RIAL,1
AWCR,RIVL,1
BAGL,ADFR,1
BAGL,AIBL,1
BAGL,AINL,1
BAGL,AINR,1
BAGL,AIZR,1
BAGL,AUAR,1
BAGL,AVAR,1
BAGL,AVEL,1
BAGL,AVER,1
BAGL,BAGR,1
BAGL,CEPVR,1
BAGL,RIAR,1
BAGL,RIBR,1
BAGL,RID,1
BAGL,RIGL,1
BAGL,RIGR,1
BAGL,RIPR,1
BAGL,RIR,1
BAGL,RIVR,1
BAGL,URAVR,1
BAGL,URXR,1
BAGR,AIYL,1
BAGR,AQR,1
BAGR,AVAL,1
BAGR,AVEL,1
BAGR,BAGL,1
BAGR,OLQVL,1
BAGR,RIAL,1
BAGR,RIBL,1
BAGR,RIBR,1
BAGR,RIGL,1
BAGR,RIR,1
BAGR,SMDVL,1
BDUL,ADAL,1
BDUL,ADEL,1
BDUL,ALML,1
BDUL,AVHL,1
BDUL,AVJR,1
BDUL,HSNL,1
BDUL,PVNL,1
BDUL,PVNR,1
BDUL,RIFL,1
BDUL,RMGL,1
BDUL,SAADL,1
BDUL,URADL,1
BDUR,ADER,1
BDUR,ALMR,1
BDUR,AVAL,1
BDUR,AVBR,1
BDUR,AVHL,1
BDUR,AVJL,1
BDUR,CEPVR,1
BDUR,HSNR,1
BDUR,PVCL,1
BDUR,PVNL,1
BDUR,PVNR,1
BDUR,PVR,1
BDUR,SDQL,1
BDUR,URADR,1
CEPDL,AFDL,1
CEPDL,AINL,1
CEPDL,ALML,1
CEPDL,AVER,1
CEPDL,CEPDR,1
CEPDL,IL1DL,1
CEPDL,IL2DL,1
CEPDL,OLLL,1
CEPDL,OLQDL,1
CEPDL,RIBL,1
CEPDL,RICL,1
CEPDL,RICR,1
CEPDL,RIH,1
CEPDL,RIPL,1
CEPDL,RIS,1
CEPDL,RMDVL,1
CEPDL,RMGL,1
CEPDL,RMHL,1
CEPDL,RMHR,1
CEPDL,SIADR,1
CEPDL,SIBDL,1
CEPDL,SIBVR,1
CEPDL,SMBDR,1
CEPDL,URADL,1
CEPDL,URBL,1
CEPDL,URYDL,1
CEPDR,AVEL,1
CEPDR,BDUR,1
CEPDR,CEPDR,1
CEPDR,IL1DR,1
CEPDR,IL1R,1
CEPDR,OLLR,1
CEPDR,OLQDR,1
CEPDR,RICL,1
CEPDR,RICR,1
CEPDR,RIFR,1
CEPDR,RIH,1
CEPDR,RMDR,1
CEPDR,RMDVR,1
CEPDR,RMGR,1
CEPDR,RMHL,1
CEPDR,RMHR,1
CEPDR,SIBDR,1
CEPDR,SMBDL,1
CEPDR,URADR,1
CEPDR,URBR,1
CEPDR,URXR,1
CEPDR,URYDR,1
CEPVL,AVER,1
CEPVL,IL1VL,1
CEPVL,OLLL,1
CEPVL,OLQVL,1
CEPVL,PVR,1
CEPVL,RIAL,1
CEPVL,RIBL,1
CEPVL,RICL,1
CEPVL,RICR,1
CEPVL,RIH,1
CEPVL,RIPL,1
CEPVL,RMDDL,1
CEPVL,RMDVR,1
CEPVL,RMGL,1
CEPVL,RMHL,1
CEPVL,RMHR,1
CEPVL,SIAVL,1
CEPVL,SMBVL,1
CEPVL,SMDVR,1
CEPVL,URAVL,1
CEPVL,URXL,1
CEPVL,URYVL,1
CEPVR,ADLR,1
CEPVR,AIMR,1
CEPVR,ASGR,1
CEPVR,AVEL,1
CEPVR,CEPDR,1
CEPVR,IL1VR,1
CEPVR,IL2VR,1
CEPVR,OLLR,1
CEPVR,OLQVR,1
CEPVR,RIAL,1
CEPVR,RIAR,1
CEPVR,RICL,1
CEPVR,RICR,1
CEPVR,RIPR,1
CEPVR,RIVL,1
CEPVR,RMDDR,1
CEPVR,RMHR,1
CEPVR,SIAVR,1
CEPVR,SMBVR,1
CEPVR,SMDDR,1
CEPVR,URAVR,1
CEPVR,URYVR,1
DA1,AS1,1
DA1,AVAL,1
DA1,AVAR,1
DA1,AVER,1
DA1,DA2,1
DA1,DB1,1
DA1,DD1,1
DA1,FLPR,1
DA1,VD2,1
DA2,AS2,1
DA2,AS4,1
DA2,AVAL,1
DA2,AVAR,1
DA2,DA1,1
DA2,DA3,1
DA2,DA5,1
DA2,DB1,1
DA2,DD1,1
DA2,FLPR,1
DA2,VA1,1
DA2,VA6,1
DA2,VD2,1
DA2,VD3,1
DA3,AS4,1
DA3,AVAL,1
DA3,AVAR,1
DA3,DA4,1
DA3,DA5,1
DA3,DB3,1
DA3,DD2,1
DA3,FLPR,1
DA3,VA2,1
DA3,VA6,1
DA3,VD3,1
DA3,VD4,1
DA4,AVAL,1
DA4,AVAR,1
DA4,DA3,1
DA4,DB2,1
DA4,DD2,1
DA4,PVCL,1
DA4,VA3,1
DA4,VD4,1
DA4,VD5,1
DA5,AS6,1
DA5,AVAL,1
DA5,AVAR,1
DA5,DA2,1
DA5,DA3,1
DA5,DA4,1
DA5,DB4,1
DA5,DD3,1
DA5,VD5,1
DA5,VD6,1
DA6,AVAL,1
DA6,AVAR,1
DA6,DA5,1
DA6,DB5,1
DA6,DD3,1
DA6,VD4,1
DA6,VD5,1
DA6,VD6,1
DA6,VD7,1
DA7,AS10,1
DA7,AVAL,1
DA7,DA6,1
DA7,DA8,1
DA7,DB6,1
DA7,DD4,1
DA7,PVCL,1
DA7,PVCR,1
DA7,PVQR,1
DA7,VD11,1
DA7,VD7,1
DA7,VD8,1
DA7,VD9,1
DA8,AS11,1
DA8,AVAL,1
DA8,AVAR,1
DA8,AVHR,1
DA8,DA7,1
DA8,DA9,1
DA8,DB7,1
DA8,DD4,1
DA8,DD5,1
DA8,DD6,1
DA8,DVB,1
DA8,PDA,1
DA8,PHCL,1
DA8,PVCL,1
DA8,PVCR,1
DA8,PVWL,1
DA8,VA10,1
DA8,VA12,1
DA8,VD10,1
DA8,VD11,1
DA8,VD12,1
DA8,VD13,1
DA8,VD8,1
DA8,VD9,1
DA9,AS10,1
DA9,AS11,1
DA9,AVAL,1
DA9,AVAR,1
DA9,AVL,1
DA9,DA8,1
DA9,DB7,1
DA9,DD6,1
DA9,DVA,1
DA9,PDA,1
DA9,PHCR,1
DA9,PVCR,1
DA9,PVR,1
DA9,VA10,1
DA9,VA11,1
DA9,VA12,1
DA9,VB11,1
DA9,VD10,1
DA9,VD11,1
DA9,VD12,1
DA9,VD13,1
DA9,VD9,1
DB1,AS1,1
DB1,AS2,1
DB1,AVBR,1
DB1,DA1,1
DB1,DA2,1
DB1,DB2,1
DB1,DD1,1
DB1,DVA,1
DB1,FLPR,1
DB1,RID,1
DB1,VB3,1
DB1,VD2,1
DB1,VD3,1
DB2,AS3,1
DB2,AS4,1
DB2,AVBL,1
DB2,AVBR,1
DB2,DA2,1
DB2,DA3,1
DB2,DA4,1
DB2,DB1,1
DB2,DB3,1
DB2,DD1,1
DB2,DD2,1
DB2,VB4,1
DB2,VD3,1
DB2,VD4,1
DB3,AS4,1
DB3,AS5,1
DB3,AVBL,1
DB3,AVBR,1
DB3,DA4,1
DB3,DA5,1
DB3,DB2,1
DB3,DB4,1
DB3,DD2,1
DB3,DD3,1
DB3,DD5,1
DB3,PVM,1
DB3,RID,1
DB3,VB6,1
DB3,VD4,1
DB3,VD5,1
DB3,VD6,1
DB4,AS6,1
DB4,AVBL,1
DB4,AVBR,1
DB4,DA5,1
DB4,DB3,1
DB4,DB5,1
DB4,DD3,1
DB4,DD4,1
DB4,DD5,1
DB4,DD6,1
DB4,VD6,1
DB5,AS7,1
DB5,AS8,1
DB5,AVBL,1
DB5,AVBR,1
DB5,DA6,1
DB5,DA7,1
DB5,DA8,1
DB5,DB4,1
DB5,DB6,1
DB5,VD4,1
DB5,VD5,1
DB5,VD6,1
DB5,VD7,1
DB6,AS8,1
DB6,AS9,1
DB6,AVBL,1
DB6,AVBR,1
DB6,DA8,1
DB6,DA9,1
DB6,DB5,1
DB6,DB7,1
DB6,DVA,1
DB6,VD7,1
DB6,VD8,1
DB6,VD9,1
DB7,AS10,1
DB7,AS11,1
DB7,AVBL,1
DB7,AVBR,1
DB7,AVHL,1
DB7,DA9,1
DB7,DB6,1
DB7,DVA,1
DB7,PDB,1
DB7,PVCL,1
DB7,PVCR,1
DB7,PVR,1
DB7,VA10,1
DB7,VD10,1
DB7,VD11,1
DB7,VD12,1
DB7,VD13,1
DB7,VD8,1
DB7,VD9,1
DD1,DA2,1
DD1,DD2,1
DD1,FLPL,1
DD1,RIFR,1
DD1,SABVR,1
DD1,VB2,1
DD1,VC1,1
DD1,VD2,1
DD1,VD3,1
DD2,DA3,1
DD2,DD1,1
DD2,DD3,1
DD2,VD3,1
DD2,VD4,1
DD2,VD5,1
DD3,DA5,1
DD3,DB3,1
DD3,DB4,1
DD3,DD2,1
DD3,DD4,1
DD4,DD3,1
DD4,DD5,1
DD5,DD4,1
DD5,DD6,1
DD5,DVB,1
DD6,AVG,1
DD6,AVHR,1
DD6,AVL,1
DD6,DA8,1
DD6,DD5,1
DD6,DVB,1
DD6,DVC,1
DD6,PDA,1
DD6,PVNL,1
DD6,PVPL,1
DD6,PVPR,1
DD6,PVT,1
DD6,VA12,1
DD6,VD11,1
DD6,VD12,1
DD6,VD13,1
DVA,AIZL,1
DVA,AIZR,1
DVA,AQR,1
DVA,AS11,1
DVA,AUAL,1
DVA,AUAR,1
DVA,AVAL,1
DVA,AVAR,1
DVA,AVBL,1
DVA,AVBR,1
DVA,AVDR,1
DVA,AVEL,1
DVA,AVER,1
DVA,AVKL,1
DVA,DA2,1
DVA,DA9,1
DVA,DB1,1
DVA,DB2,1
DVA,DB3,1
DVA,DB4,1
DVA,DB6,1
DVA,DB7,1
DVA,DVC,1
DVA,PDA,1
DVA,PDEL,1
DVA,PDER,1
DVA,PVCL,1
DVA,PVCR,1
DVA,PVM,1
DVA,PVPL,1
DVA,PVPR,1
DVA,PVR,1
DVA,PVT,1
DVA,RIAL,1
DVA,RIAR,1
DVA,RIMR,1
DVA,RIR,1
DVA,SAADR,1
DVA,SAAVL,1
DVA,SAAVR,1
DVA,SABD,1
DVA,SDQL,1
DVA,SDQR,1
DVA,SIADR,1
DVA,SIAVR,1
DVA,SMBDL,1
DVA,SMBDR,1
DVA,SMBVL,1
DVA,SMBVR,1
DVA,SMDVL,1
DVA,URXL,1
DVA,URYDL,1
DVA,VA11,1
DVA,VA12,1
DVA,VA2,1
DVA,VA6,1
DVA,VA8,1
DVA,VB1,1
DVA,VB11,1
DVA,VB4,1
DVB,AS11,1
DVB,AVHL,1
DVB,AVL,1
DVB,DA8,1
DVB,DD5,1
DVB,DD6,1
DVB,DVB,1
DVB,DVC,1
DVB,PDA,1
DVB,PHCL,1
DVB,PVPL,1
DVB,PVPR,1
DVB,PVT,1
DVB,VD11,1
DVB,VD13,1
DVC,AIBL,1
DVC,AIBR,1
DVC,AVAL,1
DVC,AVAR,1
DVC,AVBL,1
DVC,AVG,1
DVC,AVHR,1
DVC,AVKL,1
DVC,AVL,1
DVC,DD6,1
DVC,DVA,1
DVC,DVB,1
DVC,PVDR,1
DVC,PVNR,1
DVC,PVPL,1
DVC,PVPR,1
DVC,PVQR,1
DVC,PVT,1
DVC,RIBL,1
DVC,RIBR,1
DVC,RIGL,1
DVC,RIGR,1
DVC,RIVR,1
DVC,RMFL,1
DVC,RMFR,1
DVC,URAVL,1
DVC,VC6,1
DVC,VD1,1
DVC,VD11,1
DVC,VD13,1
DVC,VD9,1
FLPL,ADEL,1
FLPL,ADER,1
FLPL,AIBL,1
FLPL,AIBR,1
FLPL,AVAL,1
FLPL,AVAR,1
FLPL,AVBL,1
FLPL,AVBR,1
FLPL,AVDL,1
FLPL,AVDR,1
FLPL,DD1,1
FLPL,DVA,1
FLPL,FLPR,1
FLPL,PVCR,1
FLPL,RIH,1
FLPL,RIS,1
FLPL,SDQL,1
FLPL,SIADR,1
FLPL,VA1,1
FLPR,ADAL,1
FLPR,ADAR,1
FLPR,ADER,1
FLPR,AS1,1
FLPR,AVAL,1
FLPR,AVAR,1
FLPR,AVBL,1
FLPR,AVBR,1
FLPR,AVDL,1
FLPR,AVDR,1
FLPR,AVEL,1
FLPR,AVER,1
FLPR,AVJL,1
FLPR,AVJR,1
FLPR,DA1,1
FLPR,DA2,1
FLPR,DA3,1
FLPR,DVA,1
FLPR,FLPL,1
FLPR,PVCL,1
FLPR,VB1,1
HSNL,ADLL,1
HSNL,ADLR,1
HSNL,AIAL,1
HSNL,AIMR,1
HSNL,AIZL,1
HSNL,AIZR,1
HSNL,ASHL,1
HSNL,ASHR,1
HSNL,ASJR,1
HSNL,ASKL,1
HSNL,ASKR,1
HSNL,AVFL,1
HSNL,AVFR,1
HSNL,AVJL,1
HSNL,AWAR,1
HSNL,AWBL,1
HSNL,AWBR,1
HSNL,HSNL,1
HSNL,HSNR,1
HSNL,PVPL,1
HSNL,PVQL,1
HSNL,RIFL,1
HSNL,RIML,1
HSNL,RIR,1
HSNL,RMGR,1
HSNL,VC5,1
HSNR,AIAL,1
HSNR,AIBL,1
HSNR,AIZL,1
HSNR,AIZR,1
HSNR,ALA,1
HSNR,AS5,1
HSNR,ASHL,1
HSNR,ASKR,1
HSNR,AVBR,1
HSNR,AVDR,1
HSNR,AVER,1
HSNR,AVFL,1
HSNR,AVFR,1
HSNR,AVHL,1
HSNR,AVHR,1
HSNR,AVJL,1
HSNR,AWBL,1
HSNR,BDUR,1
HSNR,DA5,1
HSNR,DA6,1
HSNR,HSNL,1
HSNR,PVNR,1
HSNR,PVPR,1
HSNR,PVQR,1
HSNR,PVT,1
HSNR,RIFR,1
HSNR,RIML,1
HSNR,RIMR,1
HSNR,RMDDR,1
HSNR,RMGR,1
HSNR,SABD,1
HSNR,SABVR,1
HSNR,VA6,1
HSNR,VC2,1
HSNR,VC3,1
HSNR,VC4,1
HSNR,VC5,1
I1L,I2L,1
I1L,I3,1
I1L,I5,1
I1L,I6,1
I1L,M2L,1
I1L,M3L,1
I1L,M3R,1
I1L,MCL,1
I1L,MCR,1
I1L,MI,1
I1L,NSML,1
I1L,RIPL,1
I1R,I2R,1
I1R,I3,1
I1R,I5,1
I1R,M1,1
I1R,M2L,1
I1R,M2R,1
I1R,M3L,1
I1R,M3R,1
I1R,MCL,1
I1R,MCR,1
I1R,MI,1
I1R,NSML,1
I1R,NSMR,1
I1R,RIPR,1
I2L,I1L,1
I2L,I2R,1
I2L,I4,1
I2L,I5,1
I2L,M1,1
I2L,M2L,1
I2L,NSML,1
I2L,NSMR,1
I2R,I1R,1
I2R,I2L,1
I2R,I4,1
I2R,I5,1
I2R,M1,1
I2R,M2R,1
I2R,M3R,1
I2R,M4,1
I2R,MCL,1
I2R,MCR,1
I2R,NSML,1
I2R,NSMR,1
I3,I1L,1
I3,I1R,1
I3,I5,1
I3,I6,1
I3,M1,1
I3,M2L,1
I3,M3L,1
I3,M3R,1
I3,M4,1
I3,MCL,1
I3,MCR,1
I3,MI,1
I3,NSMR,1
I4,I2L,1
I4,I2R,1
I4,I5,1
I4,M2L,1
I4,M2R,1
I4,M3L,1
I4,M3R,1
I4,M4,1
I4,MI,1
I4,NSML,1
I4,NSMR,1
I5,I1L,1
I5,I2L,1
I5,I2R,1
I5,I3,1
I5,I4,1
I5,M1,1
I5,M2L,1
I5,M2R,1
I5,M3L,1
I5,M3R,1
I5,M4,1
I5,M5,1
I5,MI,1
I5,NSML,1
I5,NSMR,1
I6,I1R,1
I6,I2L,1
I6,I2R,1
I6,I3,1
I6,M3L,1
I6,M4,1
I6,NSML,1
I6,NSMR,1
IL1DL,IL1DR,1
IL1DL,IL1L,1
IL1DL,IL2DL,1
IL1DL,RIPL,1
IL1DL,RMDDR,1
IL1DL,RMDVL,1
IL1DL,RMEL,1
IL1DL,RMEV,1
IL1DL,SIBDL,1
IL1DL,URADL,1
IL1DR,IL1DL,1
IL1DR,IL1DR,1
IL1DR,IL1R,1
IL1DR,IL2DR,1
IL1DR,OLLR,1
IL1DR,PVR,1
IL1DR,RIPR,1
IL1DR,RMDDL,1
IL1DR,RMDVR,1
IL1DR,RMEV,1
IL1DR,URADR,1
IL1DR,URYDR,1
IL1L,AVER,1
IL1L,IL1DL,1
IL1L,IL1VL,1
IL1L,IL2L,1
IL1L,OLLL,1
IL1L,RIPL,1
IL1L,RMDDL,1
IL1L,RMDL,1
IL1L,RMDR,1
IL1L,RMDVL,1
IL1L,RMDVR,1
IL1L,RMER,1
IL1L,RMGL,1
IL1L,URAVL,1
IL1L,URBL,1
IL1R,AVEL,1
IL1R,AVER,1
IL1R,IL1DR,1
IL1R,IL1VR,1
IL1R,OLLR,1
IL1R,RMDDL,1
IL1R,RMDDR,1
IL1R,RMDL,1
IL1R,RMDR,1
IL1R,RMDVL,1
IL1R,RMDVR,1
IL1R,RMEL,1
IL1R,RMHL,1
IL1R,URXR,1
IL1VL,AVL,1
IL1VL,IL1L,1
IL1VL,IL1VL,1
IL1VL,IL1VR,1
IL1VL,OLQVL,1
IL1VL,RIPL,1
IL1VL,RMDDL,1
IL1VL,RMDVR,1
IL1VL,RMED,1
IL1VL,RMHL,1
IL1VL,URAVL,1
IL1VL,URYVL,1
IL1VR,IL1R,1
IL1VR,IL1VL,1
IL1VR,IL2VR,1
IL1VR,OLLR,1
IL1VR,OLQVR,1
IL1VR,RIPR,1
IL1VR,RMDDR,1
IL1VR,RMDVL,1
IL1VR,URAVR,1
IL2DL,AUAL,1
IL2DL,AVBR,1
IL2DL,IL1DL,1
IL2DL,IL2DL,1
IL2DL,OLQDL,1
IL2DL,RIBL,1
IL2DL,RIH,1
IL2DL,RIPL,1
IL2DL,RMED,1
IL2DL,RMEL,1
IL2DL,RMER,1
IL2DL,RMEV,1
IL2DL,RMHL,1
IL2DL,URADL,1
IL2DR,CEPDR,1
IL2DR,IL1DR,1
IL2DR,OLQDR,1
IL2DR,RICL,1
IL2DR,RICR,1
IL2DR,RIPL,1
IL2DR,RIPR,1
IL2DR,RMED,1
IL2DR,RMEL,1
IL2DR,RMER,1
IL2DR,RMEV,1
IL2DR,URADR,1
IL2L,ADEL,1
IL2L,ASJL,1
IL2L,AVEL,1
IL2L,IL1L,1
IL2L,OLLL,1
IL2L,OLQDL,1
IL2L,OLQVL,1
IL2L,RICL,1
IL2L,RIH,1
IL2L,RMDL,1
IL2L,RMDR,1
IL2L,RMER,1
IL2L,RMEV,1
IL2L,RMGL,1
IL2L,URAVL,1
IL2L,URBL,1
IL2L,URXL,1
IL2R,ADER,1
IL2R,AVER,1
IL2R,IL1R,1
IL2R,OLLR,1
IL2R,OLQDR,1
IL2R,OLQVR,1
IL2R,RIH,1
IL2R,RMDL,1
IL2R,RMEL,1
IL2R,RMEV,1
IL2R,RMGR,1
IL2R,URADR,1
IL2R,URAVR,1
IL2R,URBR,1
IL2R,URXR,1
IL2VL,BAGR,1
IL2VL,DVC,1
IL2VL,IL1VL,1
IL2VL,IL2L,1
IL2VL,OLQVL,1
IL2VL,RIAL,1
IL2VL,RIH,1
IL2VL,RIPL,1
IL2VL,RMEL,1
IL2VL,RMER,1
IL2VL,RMEV,1
IL2VL,URAVL,1
IL2VR,ADLR,1
IL2VR,AVAL,1
IL2VR,CEPVR,1
IL2VR,IL1VR,1
IL2VR,OLQVR,1
IL2VR,RIAR,1
IL2VR,RIH,1
IL2VR,RIPR,1
IL2VR,RMED,1
IL2VR,RMEL,1
IL2VR,RMER,1
IL2VR,RMEV,1
IL2VR,SIADR,1
IL2VR,URAVR,1
IL2VR,URXR,1
LUAL,AVAL,1
LUAL,AVAR,1
LUAL,AVDL,1
LUAL,AVDR,1
LUAL,AVHL,1
LUAL,AVJL,1
LUAL,AVJR,1
LUAL,PHBL,1
LUAL,PLML,1
LUAL,PVNL,1
LUAL,PVQL,1
LUAL,PVR,1
LUAL,PVWL,1
LUAR,AVAL,1
LUAR,AVAR,1
LUAR,AVDL,1
LUAR,AVDR,1
LUAR,AVJL,1
LUAR,AVJR,1
LUAR,PDB,1
LUAR,PHCR,1
LUAR,PLMR,1
LUAR,PQR,1
LUAR,PVCR,1
LUAR,PVNL,1
LUAR,PVNR,1
LUAR,PVR,1
LUAR,PVT,1
LUAR,PVWL,1
LUAR,PVWR,1
M1,I2L,1
M1,I2R,1
M1,I3,1
M1,I4,1
M1,I5,1
M1,MI,1
M1,NSML,1
M2L,I2L,1
M2L,I3,1
M2L,I4,1
M2L,I5,1
M2L,M3L,1
M2L,M3R,1
M2L,M4,1
M2L,MCL,1
M2R,I2R,1
M2R,I4,1
M2R,I5,1
M2R,M3L,1
M2R,M3R,1
M2R,MCR,1
M2R,MI,1
M2R,NSMR,1
M3L,I1L,1
M3L,NSML,1
M3L,NSMR,1
M3R,M2R,1
M3R,M4,1
M3R,NSMR,1
M4,I4,1
M4,I5,1
M4,I6,1
M4,M2L,1
M4,M3L,1
M4,M4,1
M4,M5,1
M4,MCL,1
M5,I5,1
M5,M4,1
M5,M5,1
MCL,M2L,1
MCR,I1L,1
MCR,I1R,1
MCR,I2R,1
MCR,M2R,1
MI,I1L,1
MI,I3,1
MI,I4,1
MI,M1,1
MI,M2L,1
MI,M2R,1
MI,M3L,1
MI,MCL,1
MI,NSML,1
MI,NSMR,1
NSML,I1L,1
NSML,I4,1
NSML,M3L,1
NSML,M3R,1
NSML,M4,1
NSML,NSMR,1
NSMR,I1R,1
NSMR,I2L,1
NSMR,I2R,1
NSMR,I4,1
NSMR,I6,1
NSMR,M3L,1
NSMR,M3R,1
NSMR,NSML,1
OLLL,AVER,1
OLLL,CEPDL,1
OLLL,CEPVL,1
OLLL,IL1VL,1
OLLL,IL2L,1
OLLL,OLLL,1
OLLL,OLLR,1
OLLL,RIBL,1
OLLL,RIGL,1
OLLL,RMDDL,1
OLLL,RMDL,1
OLLL,RMDVL,1
OLLL,RMEL,1
OLLL,SMDDL,1
OLLL,SMDDR,1
OLLL,SMDVR,1
OLLL,URYDL,1
OLLL,URYVL,1
OLLR,ADER,1
OLLR,AVEL,1
OLLR,CEPDR,1
OLLR,CEPVR,1
OLLR,IL1DR,1
OLLR,IL1VR,1
OLLR,IL2R,1
OLLR,OLLL,1
OLLR,OLLR,1
OLLR,OLQDR,1
OLLR,RIBR,1
OLLR,RIGR,1
OLLR,RIS,1
OLLR,RMDDR,1
OLLR,RMDL,1
OLLR,RMDR,1
OLLR,RMDVR,1
OLLR,RMED,1
OLLR,RMER,1
OLLR,SMDDL,1
OLLR,SMDDR,1
OLLR,SMDVL,1
OLLR,SMDVR,1
OLLR,URYVL,1
OLQDL,CEPDL,1
OLQDL,RIBL,1
OLQDL,RICR,1
OLQDL,RIGL,1
OLQDL,RIH,1
OLQDL,RMDDL,1
OLQDL,RMDDR,1
OLQDL,RMDVL,1
OLQDL,RMED,1
OLQDL,RMEL,1
OLQDL,RMHL,1
OLQDL,SIBDL,1
OLQDL,URBL,1
OLQDL,URYDL,1
OLQDR,CEPDR,1
OLQDR,IL1DR,1
OLQDR,RIBR,1
OLQDR,RICL,1
OLQDR,RICR,1
OLQDR,RIGR,1
OLQDR,RIH,1
OLQDR,RMDDL,1
OLQDR,RMDVR,1
OLQDR,RMER,1
OLQDR,RMHR,1
OLQDR,SIBDR,1
OLQDR,URBR,1
OLQVL,ADAL,1
OLQVL,AVAL,1
OLQVL,AVDR,1
OLQVL,CEPVL,1
OLQVL,IL2L,1
OLQVL,RIBL,1
OLQVL,RICL,1
OLQVL,RIGL,1
OLQVL,RMDDL,1
OLQVL,RMDVR,1
OLQVL,RMHL,1
OLQVL,SIBVL,1
OLQVR,CEPVR,1
OLQVR,IL1VR,1
OLQVR,RIAR,1
OLQVR,RIBR,1
OLQVR,RICR,1
OLQVR,RIGR,1
OLQVR,RIH,1
OLQVR,RIPR,1
OLQVR,RMDVL,1
OLQVR,RMER,1
OLQVR,RMHR,1
OLQVR,SIBVR,1
OLQVR,URBR,1
PDA,AVL,1
PDA,DA8,1
PDA,DA9,1
PDA,DD6,1
PDA,DVA,1
PDA,PDB,1
PDA,PVCR,1
PDA,PVNR,1
PDA,VD11,1
PDA,VD12,1
PDA,VD13,1
PDB,AS11,1
PDB,AVJL,1
PDB,DB7,1
PDB,DD6,1
PDB,PDA,1
PDB,PVPL,1
PDB,PVR,1
PDB,VD12,1
PDB,VD13,1
PDEL,AVKL,1
PDEL,AVKR,1
PDEL,DVA,1
PDEL,PDER,1
PDEL,PLML,1
PDEL,PLMR,1
PDEL,PVCR,1
PDEL,PVM,1
PDEL,PVR,1
PDEL,VB10,1
PDEL,VB11,1
PDEL,VD6,1
PDER,AVKL,1
PDER,DVA,1
PDER,PDEL,1
PDER,PLML,1
PDER,PLMR,1
PDER,PVCL,1
PDER,PVDR,1
PDER,PVM,1
PDER,PVR,1
PDER,VB10,1
PDER,VB9,1
PDER,VD9,1
PHAL,AVDR,1
PHAL,AVFL,1
PHAL,AVG,1
PHAL,AVHL,1
PHAL,AVHR,1
PHAL,DA8,1
PHAL,DVA,1
PHAL,PHAR,1
PHAL,PHBL,1
PHAL,PHBR,1
PHAL,PHCL,1
PHAL,PLNL,1
PHAL,PVPR,1
PHAL,PVQL,1
PHAR,AVDR,1
PHAR,AVG,1
PHAR,AVHR,1
PHAR,DA8,1
PHAR,DVA,1
PHAR,PHAL,1
PHAR,PHBL,1
PHAR,PHBR,1
PHAR,PLNR,1
PHAR,PVCR,1
PHAR,PVPL,1
PHAR,PVQL,1
PHAR,PVQR,1
PHAR,PVR,1
PHAR,PVT,1
PHBL,AS11,1
PHBL,AVAL,1
PHBL,AVAR,1
PHBL,AVDL,1
PHBL,AVDR,1
PHBL,AVG,1
PHBL,AVHL,1
PHBL,AVHR,1
PHBL,AVJR,1
PHBL,DA8,1
PHBL,PHBR,1
PHBL,PLNL,1
PHBL,PQR,1
PHBL,PVCL,1
PHBL,PVNL,1
PHBL,PVQL,1
PHBL,VA12,1
PHBR,AVAL,1
PHBR,AVAR,1
PHBR,AVDL,1
PHBR,AVDR,1
PHBR,AVHL,1
PHBR,AVHR,1
PHBR,PHAR,1
PHBR,PHBL,1
PHBR,PHCR,1
PHBR,PLNR,1
PHBR,PVCL,1
PHBR,PVCR,1
PHBR,PVPL,1
PHBR,PVQR,1
PHBR,PVR,1
PHBR,PVT,1
PHBR,PVWR,1
PHBR,VA12,1
PHCL,AVAL,1
PHCL,AVHR,1
PHCL,DA8,1
PHCL,DA9,1
PHCL,DVA,1
PHCL,LUAL,1
PHCL,PHAL,1
PHCL,PHCR,1
PHCL,PLML,1
PHCL,PLNL,1
PHCL,PVCL,1
PHCL,PVQR,1
PHCL,VA12,1
PHCR,AVAL,1
PHCR,AVAR,1
PHCR,AVG,1
PHCR,AVHL,1
PHCR,AVHR,1
PHCR,AVJR,1
PHCR,DA9,1
PHCR,DVA,1
PHCR,LUAR,1
PHCR,PHAR,1
PHCR,PHBR,1
PHCR,PHCL,1
PHCR,PVCR,1
PHCR,PVQR,1
PHCR,VA12,1
PLML,LUAL,1
PLML,PDEL,1
PLML,PDER,1
PLML,PHCL,1
PLML,PLNL,1
PLML,PVCL,1
PLMR,LUAR,1
PLMR,PDEL,1
PLMR,PDER,1
PLMR,PLNR,1
PLMR,PVCR,1
PLMR,PVR,1
PLNL,PHAL,1
PLNL,PHBL,1
PLNL,PHCL,1
PLNL,PLML,1
PLNL,PVWL,1
PLNL,RMDVL,1
PLNL,SAADR,1
PLNL,SAAVL,1
PLNL,SIAVL,1
PLNL,SMBVL,1
PLNL,SMBVR,1
PLNL,SMDVR,1
PLNL,VA2,1
PLNR,PHAR,1
PLNR,PHBR,1
PLNR,PLMR,1
PLNR,SAADL,1
PLNR,SIAVR,1
PLNR,SMBVL,1
PLNR,SMBVR,1
PLNR,SMDVL,1
PQR,AVAL,1
PQR,AVAR,1
PQR,AVDL,1
PQR,AVDR,1
PQR,AVG,1
PQR,AVHL,1
PQR,AVJL,1
PQR,AVJR,1
PQR,DA8,1
PQR,DB7,1
PQR,LUAR,1
PQR,PHBL,1
PQR,PVCL,1
PQR,PVCR,1
PQR,PVNL,1
PQR,PVNR,1
PQR,PVPL,1
PQR,PVPR,1
PQR,PVWL,1
PVCL,ADLR,1
PVCL,AS1,1
PVCL,AS2,1
PVCL,ASHR,1
PVCL,AVAL,1
PVCL,AVAR,1
PVCL,AVBL,1
PVCL,AVBR,1
PVCL,AVDL,1
PVCL,AVDR,1
PVCL,AVEL,1
PVCL,AVER,1
PVCL,AVFL,1
PVCL,AVG,1
PVCL,AVJL,1
PVCL,AVJR,1
PVCL,DA4,1
PVCL,DA5,1
PVCL,DA7,1
PVCL,DA8,1
PVCL,DB2,1
PVCL,DB3,1
PVCL,DB4,1
PVCL,DB7,1
PVCL,DVA,1
PVCL,PDER,1
PVCL,PHBL,1
PVCL,PLML,1
PVCL,PQR,1
PVCL,PVCL,1
PVCL,PVCR,1
PVCL,PVNL,1
PVCL,PVQR,1
PVCL,PVWL,1
PVCL,RID,1
PVCL,RIS,1
PVCL,SIBVL,1
PVCL,SMBVR,1
PVCL,VA11,1
PVCL,VA12,1
PVCL,VB10,1
PVCL,VB11,1
PVCL,VB4,1
PVCL,VB6,1
PVCL,VD13,1
PVCR,AQR,1
PVCR,AVAL,1
PVCR,AVAR,1
PVCR,AVBL,1
PVCR,AVBR,1
PVCR,AVDL,1
PVCR,AVDR,1
PVCR,AVEL,1
PVCR,AVER,1
PVCR,AVHL,1
PVCR,AVJL,1
PVCR,AVJR,1
PVCR,AVL,1
PVCR,DA2,1
PVCR,DA4,1
PVCR,DA5,1
PVCR,DA7,1
PVCR,DA8,1
PVCR,DA9,1
PVCR,DB2,1
PVCR,DB3,1
PVCR,DB4,1
PVCR,DB7,1
PVCR,DVA,1
PVCR,FLPL,1
PVCR,LUAR,1
PVCR,PDA,1
PVCR,PDEL,1
PVCR,PDER,1
PVCR,PHAR,1
PVCR,PHCR,1
PVCR,PLMR,1
PVCR,PVCL,1
PVCR,PVDL,1
PVCR,PVDR,1
PVCR,PVPR,1
PVCR,PVR,1
PVCR,PVT,1
PVCR,PVWL,1
PVCR,PVWR,1
PVCR,RID,1
PVCR,SIBVL,1
PVCR,SIBVR,1
PVCR,VA11,1
PVCR,VA12,1
PVCR,VB10,1
PVCR,VB11,1
PVCR,VB3,1
PVCR,VB4,1
PVCR,VB6,1
PVCR,VD12,1
PVDL,AVAL,1
PVDL,AVAR,1
PVDL,AVDL,1
PVDL,AVDR,1
PVDL,AVFL,1
PVDL,AVG,1
PVDL,DD5,1
PVDL,PVCL,1
PVDL,PVCR,1
PVDL,PVDR,1
PVDL,PVPL,1
PVDL,VA10,1
PVDL,VD10,1
PVDR,AVAL,1
PVDR,AVAR,1
PVDR,AVDL,1
PVDR,DVA,1
PVDR,DVC,1
PVDR,PDER,1
PVDR,PVCL,1
PVDR,PVCR,1
PVDR,PVDL,1
PVDR,VA12,1
PVDR,VA9,1
PVDR,VB5,1
PVDR,VB6,1
PVDR,VD9,1
PVM,AVKL,1
PVM,AVM,1
PVM,DB3,1
PVM,DVA,1
PVM,PDEL,1
PVM,PDER,1
PVM,PVCL,1
PVM,PVCR,1
PVM,PVM,1
PVM,PVR,1
PVM,VD9,1
PVNL,AVAL,1
PVNL,AVBR,1
PVNL,AVDL,1
PVNL,AVDR,1
PVNL,AVG,1
PVNL,AVHL,1
PVNL,AVHR,1
PVNL,AVJL,1
PVNL,AVJR,1
PVNL,AVL,1
PVNL,BDUL,1
PVNL,BDUR,1
PVNL,DD1,1
PVNL,DD6,1
PVNL,LUAL,1
PVNL,PQR,1
PVNL,PVCL,1
PVNL,PVDL,1
PVNL,PVNR,1
PVNL,PVPL,1
PVNL,PVPR,1
PVNL,PVT,1
PVNL,PVWL,1
PVNL,PVWR,1
PVNL,VA12,1
PVNL,VD12,1
PVNR,ALML,1
PVNR,AVAL,1
PVNR,AVBL,1
PVNR,AVBR,1
PVNR,AVDL,1
PVNR,AVDR,1
PVNR,AVEL,1
PVNR,AVFL,1
PVNR,AVHL,1
PVNR,AVHR,1
PVNR,AVJL,1
PVNR,AVJR,1
PVNR,AVL,1
PVNR,BDUL,1
PVNR,CEPDL,1
PVNR,DB3,1
PVNR,DD2,1
PVNR,DVC,1
PVNR,HSNR,1
PVNR,LUAR,1
PVNR,PQR,1
PVNR,PVCR,1
PVNR,PVDR,1
PVNR,PVNL,1
PVNR,PVNR,1
PVNR,PVPR,1
PVNR,PVR,1
PVNR,PVT,1
PVNR,PVWL,1
PVNR,PVWR,1
PVNR,URBL,1
PVNR,URXL,1
PVNR,VA11,1
PVNR,VA6,1
PVNR,VC2,1
PVNR,VC6,1
PVNR,VD13,1
PVNR,VD3,1
PVNR,VD4,1
PVNR,VD6,1
PVNR,VD7,1
PVPL,ADAL,1
PVPL,AIBR,1
PVPL,AQR,1
PVPL,AS11,1
PVPL,AVAL,1
PVPL,AVAR,1
PVPL,AVBL,1
PVPL,AVBR,1
PVPL,AVDR,1
PVPL,AVFL,1
PVPL,AVFR,1
PVPL,AVG,1
PVPL,AVHL,1
PVPL,AVHR,1
PVPL,AVKL,1
PVPL,AVKR,1
PVPL,AVL,1
PVPL,DD6,1
PVPL,DVA,1
PVPL,DVB,1
PVPL,DVC,1
PVPL,HSNL,1
PVPL,PDB,1
PVPL,PHAR,1
PVPL,PHBR,1
PVPL,PQR,1
PVPL,PVCL,1
PVPL,PVCR,1
PVPL,PVDL,1
PVPL,PVNL,1
PVPL,PVPL,1
PVPL,PVPR,1
PVPL,PVQL,1
PVPL,PVT,1
PVPL,RIGL,1
PVPL,RIR,1
PVPL,VA11,1
PVPL,VA12,1
PVPL,VD11,1
PVPL,VD13,1
PVPR,ADFR,1
PVPR,AQR,1
PVPR,ASHR,1
PVPR,AVAL,1
PVPR,AVAR,1
PVPR,AVBL,1
PVPR,AVBR,1
PVPR,AVEL,1
PVPR,AVFL,1
PVPR,AVG,1
PVPR,AVHL,1
PVPR,AVHR,1
PVPR,AVJL,1
PVPR,AVKL,1
PVPR,AVL,1
PVPR,DD2,1
PVPR,DD6,1
PVPR,DVB,1
PVPR,DVC,1
PVPR,HSNR,1
PVPR,PHAL,1
PVPR,PQR,1
PVPR,PVCL,1
PVPR,PVCR,1
PVPR,PVNL,1
PVPR,PVNR,1
PVPR,PVPL,1
PVPR,PVQR,1
PVPR,PVT,1
PVPR,PVWL,1
PVPR,RIAR,1
PVPR,RIGR,1
PVPR,RMGR,1
PVPR,URXR,1
PVPR,VC1,1
PVPR,VC6,1
PVPR,VD12,1
PVQL,ADAL,1
PVQL,AIAL,1
PVQL,ASJL,1
PVQL,ASKL,1
PVQL,AVFR,1
PVQL,AVG,1
PVQL,AVHR,1
PVQL,AVKR,1
PVQL,AWAL,1
PVQL,DA8,1
PVQL,DD6,1
PVQL,HSNL,1
PVQL,HSNR,1
PVQL,LUAL,1
PVQL,PHAL,1
PVQL,PHBL,1
PVQL,PVPL,1
PVQL,PVQR,1
PVQL,RMGL,1
PVQR,ADAR,1
PVQR,ADER,1
PVQR,AIAL,1
PVQR,AIAR,1
PVQR,AIMR,1
PVQR,ASER,1
PVQR,ASJL,1
PVQR,ASJR,1
PVQR,ASKR,1
PVQR,AVBR,1
PVQR,AVFL,1
PVQR,AVFR,1
PVQR,AVHR,1
PVQR,AVL,1
PVQR,AWAR,1
PVQR,DA7,1
PVQR,DD1,1
PVQR,DD6,1
PVQR,DVC,1
PVQR,PHBR,1
PVQR,PVCL,1
PVQR,PVQL,1
PVQR,PVT,1
PVQR,PVWR,1
PVQR,RIFR,1
PVQR,RMGR,1
PVQR,VC2,1
PVQR,VD1,1
PVR,ADAR,1
PVR,ALML,1
PVR,ALMR,1
PVR,ALNR,1
PVR,AVBL,1
PVR,AVBR,1
PVR,AVJL,1
PVR,AVJR,1
PVR,AVKL,1
PVR,AVM,1
PVR,BDUR,1
PVR,CEPVR,1
PVR,DA5,1
PVR,DA9,1
PVR,DB2,1
PVR,DB3,1
PVR,DB4,1
PVR,DB7,1
PVR,DVA,1
PVR,IL1DR,1
PVR,IL1VL,1
PVR,IL1VR,1
PVR,LUAL,1
PVR,LUAR,1
PVR,PDB,1
PVR,PDEL,1
PVR,PDER,1
PVR,PHAR,1
PVR,PHBR,1
PVR,PLMR,1
PVR,PVCL,1
PVR,PVCR,1
PVR,PVM,1
PVR,PVNR,1
PVR,PVR,1
PVR,PVWR,1
PVR,RIPL,1
PVR,RIPR,1
PVR,SABD,1
PVR,SDQR,1
PVR,URADL,1
PVR,VB3,1
PVR,VD13,1
PVT,AIBL,1
PVT,AIBR,1
PVT,AVAR,1
PVT,AVDL,1
PVT,AVG,1
PVT,AVHR,1
PVT,AVJR,1
PVT,AVKL,1
PVT,AVKR,1
PVT,AVL,1
PVT,DD6,1
PVT,DVA,1
PVT,DVB,1
PVT,DVC,1
PVT,LUAR,1
PVT,PHBR,1
PVT,PVCR,1
PVT,PVNL,1
PVT,PVNR,1
PVT,PVPL,1
PVT,PVPR,1
PVT,PVQR,1
PVT,PVWR,1
PVT,RIGL,1
PVT,RIGR,1
PVT,RIH,1
PVT,RIS,1
PVT,RMEV,1
PVT,RMFL,1
PVT,RMFR,1
PVT,URAVL,1
PVT,VC3,1
PVT,VC6,1
PVT,VD11,1
PVT,VD12,1
PVT,VD13,1
PVWL,AVJL,1
PVWL,DA8,1
PVWL,LUAR,1
PVWL,PLNL,1
PVWL,PQR,1
PVWL,PVCL,1
PVWL,PVCR,1
PVWL,PVPR,1
PVWL,PVT,1
PVWL,PVWR,1
PVWL,VD12,1
PVWL,VD13,1
PVWR,AVAR,1
PVWR,AVDR,1
PVWR,AVJL,1
PVWR,AVJR,1
PVWR,AVL,1
PVWR,LUAR,1
PVWR,PHBR,1
PVWR,PVCR,1
PVWR,PVNR,1
PVWR,PVQR,1
PVWR,PVR,1
PVWR,PVT,1
PVWR,PVWL,1
PVWR,VA12,1
PVWR,VD13,1
RIAL,ADFL,1
RIAL,AINR,1
RIAL,AIZL,1
RIAL,AQR,1
RIAL,AVAL,1
RIAL,BAGR,1
RIAL,CEPDL,1
RIAL,RIAR,1
RIAL,RIBL,1
RIAL,RIML,1
RIAL,RIMR,1
RIAL,RIR,1
RIAL,RIVL,1
RIAL,RIVR,1
RIAL,RMDDL,1
RIAL,RMDDR,1
RIAL,RMDL,1
RIAL,RMDR,1
RIAL,RMDVL,1
RIAL,RMDVR,1
RIAL,SAADL,1
RIAL,SIADL,1
RIAL,SIAVR,1
RIAL,SMBDR,1
RIAL,SMDDL,1
RIAL,SMDDR,1
RIAL,SMDVL,1
RIAL,SMDVR,1
RIAL,URXL,1
RIAR,ADFR,1
RIAR,AUAR,1
RIAR,AVAR,1
RIAR,CEPVL,1
RIAR,CEPVR,1
RIAR,IL1R,1
RIAR,RIAL,1
RIAR,RIAR,1
RIAR,RIBR,1
RIAR,RIVL,1
RIAR,RIVR,1
RIAR,RMDDL,1
RIAR,RMDDR,1
RIAR,RMDL,1
RIAR,RMDR,1
RIAR,RMDVL,1
RIAR,RMDVR,1
RIAR,SAADR,1
RIAR,SAAVR,1
RIAR,SIADR,1
RIAR,SIAVL,1
RIAR,SIAVR,1
RIAR,SMBDR,1
RIAR,SMBVR,1
RIAR,SMDDL,1
RIAR,SMDDR,1
RIAR,SMDVL,1
RIAR,SMDVR,1
RIBL,AIBR,1
RIBL,AUAL,1
RIBL,AVAL,1
RIBL,AVBL,1
RIBL,AVBR,1
RIBL,AVDR,1
RIBL,AVEL,1
RIBL,AVER,1
RIBL,BAGR,1
RIBL,CEPVL,1
RIBL,DVC,1
RIBL,OLQDL,1
RIBL,OLQVL,1
RIBL,RIAL,1
RIBL,RIBL,1
RIBL,RIBR,1
RIBL,RIGL,1
RIBL,RIML,1
RIBL,RIS,1
RIBL,RMDR,1
RIBL,RMEV,1
RIBL,SIADL,1
RIBL,SIAVL,1
RIBL,SIBDL,1
RIBL,SIBVL,1
RIBL,SIBVR,1
RIBL,SMDDL,1
RIBL,SMDVR,1
RIBL,URYDL,1
RIBR,AIBL,1
RIBR,AINL,1
RIBR,AIZR,1
RIBR,AUAR,1
RIBR,AVAR,1
RIBR,AVBL,1
RIBR,AVBR,1
RIBR,AVEL,1
RIBR,AVER,1
RIBR,BAGL,1
RIBR,OLLR,1
RIBR,OLQDR,1
RIBR,OLQVR,1
RIBR,RIAR,1
RIBR,RIBL,1
RIBR,RIBR,1
RIBR,RIGR,1
RIBR,RIH,1
RIBR,RIS,1
RIBR,RMDVR,1
RIBR,RMED,1
RIBR,SIADR,1
RIBR,SIAVR,1
RIBR,SIBDR,1
RIBR,SIBVR,1
RIBR,SMBDR,1
RIBR,SMDDL,1
RIBR,SMDDR,1
RIBR,SMDVL,1
RIBR,SMDVR,1
RIBR,URYVR,1
RICL,ADAL,1
RICL,ADAR,1
RICL,ADLR,1
RICL,ASHL,1
RICL,AVAL,1
RICL,AVAR,1
RICL,AVKR,1
RICL,AWBR,1
RICL,CEPDL,1
RICL,CEPVL,1
RICL,OLQVL,1
RICL,RICR,1
RICL,RIML,1
RICL,RIMR,1
RICL,RIVR,1
RICL,RMFR,1
RICL,SAAVL,1
RICL,SMBDL,1
RICL,SMBDR,1
RICL,SMDDL,1
RICL,SMDDR,1
RICL,SMDVR,1
RICL,URBR,1
RICR,ADAR,1
RICR,AIBL,1
RICR,AIBR,1
RICR,AIZL,1
RICR,ASHR,1
RICR,AVAL,1
RICR,AVAR,1
RICR,AVKR,1
RICR,CEPDL,1
RICR,CEPDR,1
RICR,RICL,1
RICR,RIML,1
RICR,RIMR,1
RICR,RIVL,1
RICR,RMFL,1
RICR,RMGL,1
RICR,RMHR,1
RICR,SMBDR,1
RICR,SMDDL,1
RICR,SMDDR,1
RICR,SMDVL,1
RICR,SMDVR,1
RICR,URBR,1
RICR,URXR,1
RICR,VB1,1
RID,ALA,1
RID,AVBL,1
RID,AVBR,1
RID,DA2,1
RID,DA6,1
RID,DB1,1
RID,DB3,1
RID,DD1,1
RID,DD2,1
RID,FLPL,1
RID,RID,1
RID,RMED,1
RID,VD5,1
RIFL,ALML,1
RIFL,AVBL,1
RIFL,AVBR,1
RIFL,AVDL,1
RIFL,AVER,1
RIFL,AVHR,1
RIFL,AVJR,1
RIFL,HSNL,1
RIFL,PVPL,1
RIFL,RIML,1
RIFR,ADLR,1
RIFR,AIZL,1
RIFR,ASHR,1
RIFR,AVBL,1
RIFR,AVBR,1
RIFR,AVFL,1
RIFR,AVG,1
RIFR,AVJL,1
RIFR,AVJR,1
RIFR,AWBR,1
RIFR,CEPVR,1
RIFR,DD1,1
RIFR,HSNL,1
RIFR,HSNR,1
RIFR,PVCL,1
RIFR,PVCR,1
RIFR,PVPR,1
RIFR,RIAR,1
RIFR,RIFL,1
RIFR,RIMR,1
RIFR,RIPR,1
RIFR,RMGR,1
RIFR,URXR,1
RIGL,ADFL,1
RIGL,ADLL,1
RIGL,AIBR,1
RIGL,AIZL,1
RIGL,AIZR,1
RIGL,ALNL,1
RIGL,AVEL,1
RIGL,AVER,1
RIGL,AVKL,1
RIGL,AVKR,1
RIGL,BAGL,1
RIGL,BAGR,1
RIGL,DVA,1
RIGL,OLLL,1
RIGL,OLQDL,1
RIGL,OLQVL,1
RIGL,PVPL,1
RIGL,RIBL,1
RIGL,RIGR,1
RIGL,RIH,1
RIGL,RIR,1
RIGL,RMEL,1
RIGL,RMFL,1
RIGL,RMGL,1
RIGL,RMHR,1
RIGL,URXL,1
RIGL,URYDL,1
RIGL,URYVL,1
RIGL,VD1,1
RIGR,ADEL,1
RIGR,AFDR,1
RIGR,AIBL,1
RIGR,AIZR,1
RIGR,ALNR,1
RIGR,AQR,1
RIGR,AVDL,1
RIGR,AVER,1
RIGR,AVKL,1
RIGR,AVKR,1
RIGR,BAGL,1
RIGR,DVA,1
RIGR,DVC,1
RIGR,OLLR,1
RIGR,OLQDR,1
RIGR,OLQVR,1
RIGR,PVT,1
RIGR,RIAR,1
RIGR,RIBR,1
RIGR,RIGL,1
RIGR,RIR,1
RIGR,RMFL,1
RIGR,RMHL,1
RIGR,URXR,1
RIGR,URYDR,1
RIGR,URYVR,1
RIGR,VD1,1
RIH,ADFR,1
RIH,AIYL,1
RIH,AIYR,1
RIH,AIZL,1
RIH,AIZR,1
RIH,AUAR,1
RIH,BAGL,1
RIH,BAGR,1
RIH,CEPDL,1
RIH,CEPVL,1
RIH,CEPVR,1
RIH,FLPL,1
RIH,IL2L,1
RIH,IL2R,1
RIH,IL2VL,1
RIH,IL2VR,1
RIH,OLQDL,1
RIH,OLQDR,1
RIH,OLQVL,1
RIH,OLQVR,1
RIH,RIAL,1
RIH,RIAR,1
RIH,RIBL,1
RIH,RIBR,1
RIH,RIPL,1
RIH,RIPR,1
RIH,RMER,1
RIH,RMEV,1
RIH,URAVR,1
RIH,URYVR,1
RIML,AIBL,1
RIML,AIBR,1
RIML,AIYL,1
RIML,AVAL,1
RIML,AVAR,1
RIML,AVBL,1
RIML,AVBR,1
RIML,AVEL,1
RIML,AVER,1
RIML,AVKR,1
RIML,RIAL,1
RIML,RIBL,1
RIML,RICR,1
RIML,RIML,1
RIML,RIMR,1
RIML,RIS,1
RIML,RMDL,1
RIML,RMDR,1
RIML,RMFL,1
RIML,RMFR,1
RIML,SAADL,1
RIML,SAADR,1
RIML,SAAVL,1
RIML,SAAVR,1
RIML,SIADL,1
RIML,SMDDL,1
RIML,SMDDR,1
RIML,SMDVL,1
RIML,VB1,1
RIMR,ADAR,1
RIMR,AIBL,1
RIMR,AIYR,1
RIMR,AVAL,1
RIMR,AVAR,1
RIMR,AVBL,1
RIMR,AVBR,1
RIMR,AVEL,1
RIMR,AVER,1
RIMR,AVJL,1
RIMR,AVKL,1
RIMR,AVKR,1
RIMR,RIBR,1
RIMR,RIML,1
RIMR,RIS,1
RIMR,RMDL,1
RIMR,RMDR,1
RIMR,RMFL,1
RIMR,RMFR,1
RIMR,SAAVL,1
RIMR,SAAVR,1
RIMR,SIADR,1
RIMR,SMDDL,1
RIMR,SMDDR,1
RIMR,SMDVL,1
RIMR,SMDVR,1
RIMR,VB1,1
RIPL,ADFL,1
RIPL,I1L,1
RIPL,IL1L,1
RIPL,OLQDR,1
RIPL,OLQVL,1
RIPL,RIH,1
RIPL,RIPL,1
RIPL,RIPR,1
RIPL,RMED,1
RIPL,URAVL,1
RIPR,AVBR,1
RIPR,I1R,1
RIPR,OLQDR,1
RIPR,OLQVR,1
RIPR,RIH,1
RIPR,RIPL,1
RIPR,RMED,1
RIPR,URAVR,1
RIR,ADAR,1
RIR,ADFL,1
RIR,ADFR,1
RIR,AFDR,1
RIR,AIMR,1
RIR,AIZL,1
RIR,AIZR,1
RIR,AQR,1
RIR,ASHL,1
RIR,ASHR,1
RIR,AUAL,1
RIR,AVEL,1
RIR,AWBR,1
RIR,BAGL,1
RIR,BAGR,1
RIR,DVA,1
RIR,HSNL,1
RIR,PVPL,1
RIR,PVPR,1
RIR,RIAL,1
RIR,RIAR,1
RIR,RIGL,1
RIR,RIGR,1
RIR,RMGL,1
RIR,RMGR,1
RIR,URXL,1
RIR,URXR,1
RIS,AIBL,1
RIS,AIBR,1
RIS,AVEL,1
RIS,AVER,1
RIS,AVJL,1
RIS,AVKL,1
RIS,AVKR,1
RIS,AVL,1
RIS,CEPDL,1
RIS,CEPVL,1
RIS,CEPVR,1
RIS,OLLR,1
RIS,RIBL,1
RIS,RIBR,1
RIS,RIML,1
RIS,RIMR,1
RIS,RIS,1
RIS,RMDDL,1
RIS,RMDDR,1
RIS,RMDL,1
RIS,RMDR,1
RIS,RMEV,1
RIS,SMDDL,1
RIS,SMDDR,1
RIS,SMDVL,1
RIS,SMDVR,1
RIS,URYDR,1
RIS,URYVL,1
RIS,URYVR,1
RIVL,ASGL,1
RIVL,ASJL,1
RIVL,RIAL,1
RIVL,RIAR,1
RIVL,RIVR,1
RIVL,RMDL,1
RIVL,RMDVL,1
RIVL,SAADR,1
RIVL,SDQR,1
RIVL,SIAVR,1
RIVL,SIBVR,1
RIVL,SMDDR,1
RIVL,SMDVL,1
RIVR,AIBR,1
RIVR,RIAL,1
RIVR,RIAR,1
RIVR,RIVL,1
RIVR,RMDDL,1
RIVR,RMDR,1
RIVR,RMDVR,1
RIVR,RMHR,1
RIVR,SAADL,1
RIVR,SDQR,1
RIVR,SIAVL,1
RIVR,SIBVL,1
RIVR,SMBDL,1
RIVR,SMDDL,1
RIVR,SMDVR,1
RMDDL,AVER,1
RMDDL,CEPVL,1
RMDDL,IL1DR,1
RMDDL,IL1R,1
RMDDL,IL1VL,1
RMDDL,OLQVL,1
RMDDL,RIAL,1
RMDDL,RIAR,1
RMDDL,RMDL,1
RMDDL,RMDVL,1
RMDDL,RMDVR,1
RMDDL,RMEV,1
RMDDL,RMHL,1
RMDDL,SIBDR,1
RMDDL,SMDDL,1
RMDDR,ALML,1
RMDDR,RIAR,1
RMDDR,RMDDL,1
RMDDR,RMDL,1
RMDDR,RMDVL,1
RMDDR,RMDVR,1
RMDDR,RMGL,1
RMDDR,SAADR,1
RMDDR,SIADL,1
RMDDR,SMDDR,1
RMDL,ADEL,1
RMDL,ADER,1
RMDL,AVKR,1
RMDL,CEPVL,1
RMDL,IL1L,1
RMDL,IL1R,1
RMDL,IL2L,1
RMDL,OLLL,1
RMDL,OLLR,1
RMDL,RIAL,1
RMDL,RIAR,1
RMDL,RIBR,1
RMDL,RIML,1
RMDL,RIS,1
RMDL,RIVL,1
RMDL,RMDDL,1
RMDL,RMDDR,1
RMDL,RMDR,1
RMDL,RMDVL,1
RMDL,RMDVR,1
RMDL,RMER,1
RMDL,RMFR,1
RMDL,RMHL,1
RMDL,RMHR,1
RMDL,SIAVR,1
RMDL,SIBDR,1
RMDL,SIBVL,1
RMDL,SMBVR,1
RMDL,SMDDL,1
RMDL,SMDDR,1
RMDL,URXR,1
RMDR,AVAR,1
RMDR,AVER,1
RMDR,AVKR,1
RMDR,IL1L,1
RMDR,OLLR,1
RMDR,RIAL,1
RMDR,RIAR,1
RMDR,RIMR,1
RMDR,RIS,1
RMDR,RMDDL,1
RMDR,RMDL,1
RMDR,RMDVL,1
RMDR,RMDVR,1
RMDR,RMGL,1
RMDR,SIAVL,1
RMDR,SMDDR,1
RMDVL,AUAL,1
RMDVL,AVER,1
RMDVL,CEPDL,1
RMDVL,IL1R,1
RMDVL,IL2VR,1
RMDVL,OLQDL,1
RMDVL,OLQVR,1
RMDVL,RMDDL,1
RMDVL,RMDDR,1
RMDVL,RMDL,1
RMDVL,RMDR,1
RMDVL,RMDVR,1
RMDVL,SAAVL,1
RMDVL,SIAVR,1
RMDVL,SIBVR,1
RMDVL,URYVR,1
RMDVR,AFDR,1
RMDVR,AVAR,1
RMDVR,AVEL,1
RMDVR,AVER,1
RMDVR,IL1DR,1
RMDVR,IL1L,1
RMDVR,OLQDR,1
RMDVR,OLQVL,1
RMDVR,RIAR,1
RMDVR,RMDDL,1
RMDVR,RMDDR,1
RMDVR,RMDR,1
RMDVR,RMDVR,1
RMDVR,SAADL,1
RMDVR,SAAVR,1
RMDVR,SIAVL,1
RMDVR,SIBDR,1
RMDVR,SIBVL,1
RMDVR,SMBDR,1
RMDVR,SMDVR,1
RMDVR,URAVL,1
RMDVR,URYVL,1
RMED,AIBL,1
RMED,IL1VL,1
RMED,IL2DR,1
RMED,RIBL,1
RMED,RIBR,1
RMED,RIPL,1
RMED,RIPR,1
RMED,RMED,1
RMED,RMEV,1
RMED,SMDDL,1
RMED,SMDDR,1
RMEL,IL1R,1
RMEL,OLLR,1
RMEL,RIGL,1
RMEL,RIPR,1
RMEL,RMEV,1
RMER,IL1L,1
RMER,IL2L,1
RMER,RMDL,1
RMER,RMER,1
RMER,RMEV,1
RMER,RMHR,1
RMEV,AVEL,1
RMEV,AVER,1
RMEV,IL1DL,1
RMEV,IL1DR,1
RMEV,PVT,1
RMEV,RIBL,1
RMEV,RIBR,1
RMEV,RIH,1
RMEV,RIS,1
RMEV,RMDDL,1
RMEV,RMDDR,1
RMEV,RMED,1
RMEV,RMEL,1
RMEV,RMER,1
RMEV,SMDDR,1
RMEV,SMDVL,1
RMFL,AVKL,1
RMFL,AVKR,1
RMFL,BAGL,1
RMFL,DVC,1
RMFL,PVT,1
RMFL,RIBR,1
RMFL,RIGL,1
RMFL,RIGR,1
RMFL,RIML,1
RMFL,RIMR,1
RMFL,RIS,1
RMFL,RMDR,1
RMFL,RMHL,1
RMFL,SAADR,1
RMFL,SAAVR,1
RMFL,SMDVL,1
RMFR,AVKL,1
RMFR,AVKR,1
RMFR,DVC,1
RMFR,RIH,1
RMFR,RMDL,1
RMFR,RMDR,1
RMGL,ADAL,1
RMGL,ADLL,1
RMGL,AIBR,1
RMGL,AIML,1
RMGL,ALML,1
RMGL,ASHL,1
RMGL,AVAL,1
RMGL,AVBR,1
RMGL,AVEL,1
RMGL,AVFR,1
RMGL,AWBL,1
RMGL,CEPDL,1
RMGL,IL2L,1
RMGL,PVPL,1
RMGL,RID,1
RMGL,RIFL,1
RMGL,RIVR,1
RMGL,RMDDR,1
RMGL,RMDL,1
RMGL,RMDR,1
RMGL,RMDVL,1
RMGL,RMHL,1
RMGL,RMHR,1
RMGL,SAADL,1
RMGL,SIADL,1
RMGL,SIADR,1
RMGL,SIAVL,1
RMGL,SIBDL,1
RMGL,SIBVR,1
RMGL,SMBVL,1
RMGL,SMDDL,1
RMGL,SMDDR,1
RMGL,URXL,1
RMGR,ADAR,1
RMGR,ADER,1
RMGR,AIMR,1
RMGR,ALMR,1
RMGR,ALNR,1
RMGR,ASHR,1
RMGR,ASKR,1
RMGR,AVAL,1
RMGR,AVBL,1
RMGR,AVBR,1
RMGR,AVDL,1
RMGR,AVER,1
RMGR,AVJL,1
RMGR,AWBR,1
RMGR,IL2DR,1
RMGR,IL2R,1
RMGR,OLLR,1
RMGR,PVPR,1
RMGR,RIFR,1
RMGR,RIGR,1
RMGR,RIR,1
RMGR,RMDDL,1
RMGR,RMDL,1
RMGR,RMDR,1
RMGR,RMDVR,1
RMGR,RMHL,1
RMGR,RMHR,1
RMGR,SAADL,1
RMGR,SIADL,1
RMGR,SIAVR,1
RMGR,SIBVL,1
RMGR,SMBVR,1
RMGR,URXR,1
RMHL,AVAR,1
RMHL,IL1R,1
RMHL,RICL,1
RMHL,RICR,1
RMHL,RID,1
RMHL,RMDDL,1
RMHL,RMDR,1
RMHL,RMGL,1
RMHL,RMGR,1
RMHL,SAAVL,1
RMHL,SIBDR,1
RMHL,SIBVR,1
RMHL,SMDDL,1
RMHR,AIBR,1
RMHR,CEPVL,1
RMHR,RICR,1
RMHR,RMDL,1
RMHR,RMDR,1
RMHR,RMER,1
RMHR,RMGL,1
RMHR,RMGR,1
RMHR,RMHL,1
RMHR,SMDDL,1
SAADL,AIBL,1
SAADL,AVAL,1
SAADL,AVBR,1
SAADL,OLLR,1
SAADL,RIGL,1
SAADL,RIML,1
SAADL,RIMR,1
SAADL,RIVR,1
SAADL,RMDVR,1
SAADL,RMFR,1
SAADL,SABD,1
SAADL,SDQR,1
SAADL,SIBDL,1
SAADL,SIBDR,1
SAADL,SIBVL,1
SAADL,SMBDL,1
SAADR,AIBL,1
SAADR,AIBR,1
SAADR,AVAL,1
SAADR,AVAR,1
SAADR,OLLL,1
SAADR,PLNL,1
SAADR,RIML,1
SAADR,RIMR,1
SAADR,RIVL,1
SAADR,RMDDR,1
SAADR,RMFL,1
SAADR,RMFR,1
SAADR,RMGL,1
SAADR,SABD,1
SAADR,SMBDR,1
SAADR,SMBVR,1
SAADR,SMDVL,1
SAAVL,AIBL,1
SAAVL,AVAL,1
SAAVL,DD1,1
SAAVL,OLLR,1
SAAVL,RIML,1
SAAVL,RIMR,1
SAAVL,RMDVL,1
SAAVL,RMFR,1
SAAVL,SAADR,1
SAAVL,SAAVR,1
SAAVL,SABD,1
SAAVL,SABVR,1
SAAVL,SMBDR,1
SAAVL,SMBVR,1
SAAVL,SMDDR,1
SAAVL,SMDVL,1
SAAVL,VA1,1
SAAVL,VA2,1
SAAVL,VA3,1
SAAVL,VA4,1
SAAVL,VB2,1
SAAVL,VD1,1
SAAVL,VD2,1
SAAVR,AIBR,1
SAAVR,ALNR,1
SAAVR,ASIR,1
SAAVR,AVAR,1
SAAVR,AVBL,1
SAAVR,DVA,1
SAAVR,IL1DL,1
SAAVR,RIAR,1
SAAVR,RIML,1
SAAVR,RIMR,1
SAAVR,RIPL,1
SAAVR,RMDVR,1
SAAVR,RMEV,1
SAAVR,RMFL,1
SAAVR,SAAVL,1
SAAVR,SAAVR,1
SAAVR,SABVL,1
SAAVR,SMBDL,1
SAAVR,SMBVL,1
SAAVR,SMDDL,1
SABD,AVAL,1
SABD,SAADL,1
SABD,SAADR,1
SABD,SAAVL,1
SABD,VA2,1
SABD,VA3,1
SABVL,AVAR,1
SABVL,RIGR,1
SABVL,SAAVR,1
SABVR,AVAL,1
SABVR,AVAR,1
SABVR,DD1,1
SABVR,SAAVL,1
SDQL,AIBR,1
SDQL,ALML,1
SDQL,AVAL,1
SDQL,AVAR,1
SDQL,AVBL,1
SDQL,AVBR,1
SDQL,AVDL,1
SDQL,AVEL,1
SDQL,DVA,1
SDQL,FLPL,1
SDQL,PVCL,1
SDQL,RICR,1
SDQL,RIPR,1
SDQL,RIS,1
SDQL,RMFL,1
SDQL,SAADR,1
SDQL,SDQR,1
SDQL,SIADR,1
SDQL,SIBVL,1
SDQL,SMBDR,1
SDQR,ADLL,1
SDQR,AIBL,1
SDQR,ALML,1
SDQR,ALMR,1
SDQR,AVAL,1
SDQR,AVBL,1
SDQR,AVBR,1
SDQR,DVA,1
SDQR,RICR,1
SDQR,RIVL,1
SDQR,RIVR,1
SDQR,RMHL,1
SDQR,RMHR,1
SDQR,SAADL,1
SDQR,SDQL,1
SDQR,SIADL,1
SDQR,SIAVR,1
SDQR,SIBDL,1
SDQR,SIBDR,1
SDQR,SMBVL,1
SIADL,ALNR,1
SIADL,AVDR,1
SIADL,AVFR,1
SIADL,RIBL,1
SIADL,RIML,1
SIADL,RMDDR,1
SIADL,RMDL,1
SIADL,SDQR,1
SIADL,SIBDL,1
SIADL,SIBVR,1
SIADL,SMBDL,1
SIADL,SMDDL,1
SIADR,AIBL,1
SIADR,ALML,1
SIADR,AVAL,1
SIADR,CEPDL,1
SIADR,DVA,1
SIADR,FLPL,1
SIADR,IL1VR,1
SIADR,RIBR,1
SIADR,RIMR,1
SIADR,SDQL,1
SIADR,SIBDR,1
SIADR,SMBDR,1
SIADR,SMDDR,1
SIAVL,ADEL,1
SIAVL,AIBR,1
SIAVL,AVHR,1
SIAVL,IL2L,1
SIAVL,PLNL,1
SIAVL,RIAR,1
SIAVL,RIBL,1
SIAVL,RMDVR,1
SIAVL,SIBDL,1
SIAVL,SIBVL,1
SIAVL,SIBVR,1
SIAVL,SMBVL,1
SIAVL,SMDVR,1
SIAVR,DVA,1
SIAVR,PLNR,1
SIAVR,RIAR,1
SIAVR,RIBR,1
SIAVR,RMDL,1
SIAVR,RMDVL,1
SIAVR,SDQR,1
SIAVR,SIBVL,1
SIAVR,SMBVR,1
SIAVR,SMDVL,1
SIBDL,AQR,1
SIBDL,AVBR,1
SIBDL,CEPDL,1
SIBDL,PVPL,1
SIBDL,RIBL,1
SIBDL,SDQR,1
SIBDL,SIADL,1
SIBDL,SIAVL,1
SIBDL,SIBVL,1
SIBDL,SMBVL,1
SIBDL,SMDDL,1
SIBDR,RIBR,1
SIBDR,RMDDL,1
SIBDR,SIADR,1
SIBDR,SIBVL,1
SIBDR,SIBVR,1
SIBDR,SMBDL,1
SIBDR,SMDDR,1
SIBVL,AIZR,1
SIBVL,ALNR,1
SIBVL,AVBL,1
SIBVL,PVCR,1
SIBVL,RIBL,1
SIBVL,RMDDL,1
SIBVL,RMDL,1
SIBVL,RMGR,1
SIBVL,SIAVL,1
SIBVL,SIAVR,1
SIBVL,SIBDL,1
SIBVL,SIBDR,1
SIBVL,SIBVR,1
SIBVL,SMBDL,1
SIBVL,SMBVL,1
SIBVL,SMDDL,1
SIBVL,SMDVL,1
SIBVR,ADLR,1
SIBVR,AIML,1
SIBVR,OLQVR,1
SIBVR,PLNL,1
SIBVR,RIBL,1
SIBVR,RIBR,1
SIBVR,RICL,1
SIBVR,RIVL,1
SIBVR,RMHL,1
SIBVR,RMHR,1
SIBVR,SIADL,1
SIBVR,SIAVL,1
SIBVR,SIAVR,1
SIBVR,SIBDR,1
SIBVR,SIBVL,1
SIBVR,SMBDL,1
SIBVR,SMDVR,1
SMBDL,AIZL,1
SMBDL,ALNR,1
SMBDL,AVKL,1
SMBDL,AVKR,1
SMBDL,RIH,1
SMBDL,RMED,1
SMBDL,SAADL,1
SMBDL,SAAVR,1
SMBDL,SDQR,1
SMBDL,SIADL,1
SMBDL,SIAVL,1
SMBDL,SIBDR,1
SMBDL,SIBVL,1
SMBDL,SIBVR,1
SMBDL,SMBVL,1
SMBDL,SMDDL,1
SMBDR,ALML,1
SMBDR,ALNL,1
SMBDR,AVAL,1
SMBDR,AVKL,1
SMBDR,AVKR,1
SMBDR,RIBR,1
SMBDR,RIVL,1
SMBDR,RMED,1
SMBDR,SAAVL,1
SMBDR,SDQL,1
SMBDR,SIADR,1
SMBDR,SIAVR,1
SMBDR,SMBDL,1
SMBDR,SMBVR,1
SMBDR,SMDDR,1
SMBVL,AIML,1
SMBVL,AVBR,1
SMBVL,AVFL,1
SMBVL,AVHR,1
SMBVL,AVJR,1
SMBVL,AVKL,1
SMBVL,PLNL,1
SMBVL,PLNR,1
SMBVL,PVPL,1
SMBVL,RMDVR,1
SMBVL,RMEV,1
SMBVL,SAADL,1
SMBVL,SAAVR,1
SMBVL,SIAVL,1
SMBVL,SIBVL,1
SMBVL,SMBDL,1
SMBVR,ADFR,1
SMBVR,ADLR,1
SMBVR,AIMR,1
SMBVR,AVHL,1
SMBVR,AVKL,1
SMBVR,AVKR,1
SMBVR,CEPVR,1
SMBVR,PLNL,1
SMBVR,PLNR,1
SMBVR,PVR,1
SMBVR,RIAR,1
SMBVR,RMDL,1
SMBVR,RMDR,1
SMBVR,RMEV,1
SMBVR,RMGR,1
SMBVR,SAADR,1
SMBVR,SAAVL,1
SMBVR,SIAVR,1
SMBVR,SMBDR,1
SMBVR,URBR,1
SMDDL,AIBR,1
SMDDL,ALNR,1
SMDDL,AVEL,1
SMDDL,AVER,1
SMDDL,RIAL,1
SMDDL,RIAR,1
SMDDL,RIBL,1
SMDDL,RIBR,1
SMDDL,RIML,1
SMDDL,RIMR,1
SMDDL,RIS,1
SMDDL,RIVR,1
SMDDL,RMDDL,1
SMDDL,RMDL,1
SMDDL,RMDR,1
SMDDL,RMED,1
SMDDL,RMEV,1
SMDDL,RMHL,1
SMDDL,SAAVR,1
SMDDL,SIADL,1
SMDDL,SIBDL,1
SMDDL,SIBVL,1
SMDDL,SMBDL,1
SMDDL,SMDDR,1
SMDDL,SMDVR,1
SMDDR,AIBL,1
SMDDR,AIZR,1
SMDDR,ALNL,1
SMDDR,ALNR,1
SMDDR,AVER,1
SMDDR,RIAL,1
SMDDR,RIAR,1
SMDDR,RIBL,1
SMDDR,RIBR,1
SMDDR,RIMR,1
SMDDR,RIS,1
SMDDR,RIVL,1
SMDDR,RMDDR,1
SMDDR,RMDR,1
SMDDR,RMED,1
SMDDR,SIADR,1
SMDDR,SIBDR,1
SMDDR,SIBVR,1
SMDDR,SMBDR,1
SMDDR,SMDDL,1
SMDDR,SMDVL,1
SMDDR,VD1,1
SMDVL,ALNL,1
SMDVL,ALNR,1
SMDVL,CEPVR,1
SMDVL,IL2L,1
SMDVL,PLNL,1
SMDVL,PVR,1
SMDVL,RIAL,1
SMDVL,RIAR,1
SMDVL,RIBR,1
SMDVL,RIS,1
SMDVL,RIVL,1
SMDVL,RMDDR,1
SMDVL,RMEV,1
SMDVL,SAAVL,1
SMDVL,SIADR,1
SMDVL,SIAVR,1
SMDVL,SIBVL,1
SMDVL,SMDDR,1
SMDVL,SMDVR,1
SMDVR,ADFR,1
SMDVR,AIBR,1
SMDVR,AVAR,1
SMDVR,AVEL,1
SMDVR,AVER,1
SMDVR,CEPVL,1
SMDVR,PLNL,1
SMDVR,RIAL,1
SMDVR,RIAR,1
SMDVR,RIML,1
SMDVR,RIVR,1
SMDVR,RMDDL,1
SMDVR,RMDVR,1
SMDVR,RMED,1
SMDVR,SIAVL,1
SMDVR,SIBDR,1
SMDVR,SMDDL,1
SMDVR,SMDVL,1
SMDVR,VB1,1
URADL,IL1DL,1
URADL,IL2DL,1
URADL,RIH,1
URADL,RIPL,1
URADL,RMEL,1
URADR,IL1DR,1
URADR,IL2DR,1
URADR,RIPR,1
URADR,RMER,1
URADR,URYDR,1
URAVL,AVER,1
URAVL,CEPVL,1
URAVL,DVC,1
URAVL,IL1L,1
URAVL,IL1VL,1
URAVL,IL2L,1
URAVL,IL2VL,1
URAVL,PVT,1
URAVL,RIBL,1
URAVL,RIPL,1
URAVL,RMDDL,1
URAVL,RMDVR,1
URAVL,RMEL,1
URAVL,RMER,1
URAVL,RMEV,1
URAVR,ADAR,1
URAVR,IL1R,1
URAVR,IL1VR,1
URAVR,IL2VR,1
URAVR,PVT,1
URAVR,RIH,1
URAVR,RIPR,1
URAVR,RMDDR,1
URAVR,RMDVL,1
URAVR,RMEL,1
URAVR,RMER,1
URAVR,RMEV,1
URAVR,URYVR,1
URBL,ADAL,1
URBL,ADFL,1
URBL,AFDL,1
URBL,AVBL,1
URBL,CEPDL,1
URBL,IL1L,1
URBL,IL2L,1
URBL,OLLL,1
URBL,OLQDL,1
URBL,PVR,1
URBL,RICL,1
URBL,RICR,1
URBL,RMDDR,1
URBL,RMHR,1
URBL,SIADR,1
URBL,SIAVL,1
URBL,SIBVL,1
URBL,SMBDR,1
URBL,SMBVL,1
URBL,URBL,1
URBL,URXL,1
URBL,URYDL,1
URBR,ADAR,1
URBR,ADER,1
URBR,ADLR,1
URBR,AFDR,1
URBR,AVBR,1
URBR,AVDL,1
URBR,CEPDR,1
URBR,CEPVR,1
URBR,IL1DR,1
URBR,IL1R,1
URBR,IL2R,1
URBR,OLLR,1
URBR,OLQDR,1
URBR,OLQVR,1
URBR,RICL,1
URBR,RICR,1
URBR,RMDL,1
URBR,RMDR,1
URBR,RMGR,1
URBR,SIADL,1
URBR,SIAVR,1
URBR,SIBDR,1
URBR,SIBVR,1
URBR,SMBDL,1
URBR,SMBVR,1
URBR,URXR,1
URXL,ADAL,1
URXL,ADFL,1
URXL,AIML,1
URXL,AIZL,1
URXL,ASHL,1
URXL,ASIL,1
URXL,AUAL,1
URXL,AVAL,1
URXL,AVBL,1
URXL,AVDR,1
URXL,AVEL,1
URXL,AVJR,1
URXL,BAGR,1
URXL,CEPDL,1
URXL,HSNR,1
URXL,IL1DL,1
URXL,IL2L,1
URXL,OLQVL,1
URXL,RIAL,1
URXL,RICL,1
URXL,RIGL,1
URXL,RIR,1
URXL,RMGL,1
URXL,URXL,1
URXR,ADAR,1
URXR,ADFR,1
URXR,ADLR,1
URXR,AIMR,1
URXR,ALMR,1
URXR,AUAR,1
URXR,AVAR,1
URXR,AVBL,1
URXR,AVBR,1
URXR,AVER,1
URXR,AWBR,1
URXR,CEPDR,1
URXR,IL2R,1
URXR,OLQVR,1
URXR,RIAR,1
URXR,RICR,1
URXR,RIFR,1
URXR,RIGR,1
URXR,RIPR,1
URXR,RIR,1
URXR,RMDDL,1
URXR,RMDR,1
URXR,RMGR,1
URXR,SIADL,1
URXR,SIAVR,1
URXR,SMBVR,1
URXR,URBR,1
URYDL,AIZL,1
URYDL,AVAL,1
URYDL,AVEL,1
URYDL,AVER,1
URYDL,IL1DL,1
URYDL,OLLL,1
URYDL,OLQDL,1
URYDL,RIBL,1
URYDL,RIGL,1
URYDL,RMDDR,1
URYDL,RMDVL,1
URYDL,SMDDL,1
URYDL,SMDDR,1
URYDR,AVAR,1
URYDR,AVBL,1
URYDR,AVEL,1
URYDR,AVER,1
URYDR,AWCL,1
URYDR,CEPDR,1
URYDR,IL1DR,1
URYDR,OLQDR,1
URYDR,RIBR,1
URYDR,RIGR,1
URYDR,RMDDL,1
URYDR,RMDVR,1
URYDR,RMED,1
URYDR,SMDDL,1
URYDR,SMDVR,1
URYDR,URADR,1
URYDR,URXR,1
URYVL,AVBR,1
URYVL,AVDR,1
URYVL,AVEL,1
URYVL,AVER,1
URYVL,AVJR,1
URYVL,CEPVL,1
URYVL,IL1VL,1
URYVL,OLLL,1
URYVL,OLLR,1
URYVL,OLQVL,1
URYVL,RIAL,1
URYVL,RIBL,1
URYVL,RIBR,1
URYVL,RID,1
URYVL,RIGL,1
URYVL,RIH,1
URYVL,RIS,1
URYVL,RMDDL,1
URYVL,RMDVR,1
URYVL,SIBVL,1
URYVL,SIBVR,1
URYVL,SMDVR,1
URYVL,URXL,1
URYVR,ADAR,1
URYVR,AVAL,1
URYVR,AVBL,1
URYVR,AVEL,1
URYVR,AVL,1
URYVR,CEPVR,1
URYVR,IL1VR,1
URYVR,RIAR,1
URYVR,RIBR,1
URYVR,RMDDR,1
URYVR,RMDL,1
URYVR,RMDVL,1
URYVR,SIBVL,1
URYVR,SIBVR,1
URYVR,SMBDR,1
URYVR,SMDVL,1
VA1,AVAL,1
VA1,AVAR,1
VA1,DA2,1
VA1,DD1,1
VA1,VD1,1
VA10,AS6,1
VA10,AS7,1
VA10,AVAL,1
VA10,AVAR,1
VA10,AVDL,1
VA10,DA8,1
VA10,DA9,1
VA10,DB7,1
VA10,DD5,1
VA10,DD6,1
VA10,PVDL,1
VA10,VB8,1
VA10,VB9,1
VA10,VD10,1
VA10,VD11,1
VA10,VD12,1
VA11,AS11,1
VA11,AS7,1
VA11,AS8,1
VA11,AS9,1
VA11,AVAL,1
VA11,AVAR,1
VA11,AVBL,1
VA11,AVBR,1
VA11,AVFL,1
VA11,AVHR,1
VA11,AVJR,1
VA11,DA9,1
VA11,DD6,1
VA11,DVA,1
VA11,PVCR,1
VA11,PVNR,1
VA11,PVPL,1
VA11,VA12,1
VA11,VB10,1
VA11,VD11,1
VA11,VD12,1
VA12,AS10,1
VA12,AS11,1
VA12,AS8,1
VA12,AS9,1
VA12,AVAL,1
VA12,AVAR,1
VA12,DA8,1
VA12,DA9,1
VA12,DB7,1
VA12,DD6,1
VA12,LUAL,1
VA12,PHCL,1
VA12,PHCR,1
VA12,PVCL,1
VA12,PVCR,1
VA12,PVPL,1
VA12,VA11,1
VA12,VB11,1
VA12,VD12,1
VA12,VD13,1
VA2,AVAL,1
VA2,DA3,1
VA2,DD1,1
VA2,PLNL,1
VA2,SAAVL,1
VA2,SABD,1
VA2,VA1,1
VA2,VA3,1
VA2,VA6,1
VA2,VB1,1
VA2,VB2,1
VA2,VD1,1
VA2,VD2,1
VA3,AS1,1
VA3,AS2,1
VA3,AVAL,1
VA3,AVAR,1
VA3,DA4,1
VA3,DD1,1
VA3,DD2,1
VA3,SABD,1
VA3,VA4,1
VA3,VB2,1
VA3,VB3,1
VA3,VD2,1
VA3,VD3,1
VA4,AS2,1
VA4,AVAL,1
VA4,AVAR,1
VA4,AVDL,1
VA4,AVER,1
VA4,DD2,1
VA4,VA7,1
VA4,VB3,1
VA4,VB4,1
VA4,VD4,1
VA5,AVAL,1
VA5,AVAR,1
VA5,DD2,1
VA5,DD3,1
VA5,VA6,1
VA5,VB4,1
VA5,VD5,1
VA6,AS1,1
VA6,AS2,1
VA6,AVAL,1
VA6,AVAR,1
VA6,DA2,1
VA6,DA3,1
VA6,DD3,1
VA6,VA2,1
VA6,VA5,1
VA6,VB4,1
VA6,VB5,1
VA6,VD5,1
VA6,VD6,1
VA7,AS1,1
VA7,AS2,1
VA7,AS3,1
VA7,AVAL,1
VA7,AVAR,1
VA7,DD3,1
VA7,DD4,1
VA7,VA4,1
VA7,VB6,1
VA7,VD6,1
VA7,VD7,1
VA8,AS2,1
VA8,AS3,1
VA8,AS4,1
VA8,AS5,1
VA8,AVAL,1
VA8,AVAR,1
VA8,DD4,1
VA8,DD5,1
VA8,VB6,1
VA8,VD7,1
VA8,VD8,1
VA8,VD9,1
VA9,AS6,1
VA9,AS7,1
VA9,AVAL,1
VA9,AVAR,1
VA9,DD4,1
VA9,DD5,1
VA9,DD6,1
VA9,VB7,1
VA9,VB8,1
VA9,VD10,1
VA9,VD11,1
VA9,VD9,1
VB1,ADAL,1
VB1,AIBR,1
VB1,AVBL,1
VB1,AVFR,1
VB1,DD1,1
VB1,RIML,1
VB1,RMFL,1
VB1,SAADL,1
VB1,SMBVL,1
VB1,VA1,1
VB1,VA2,1
VB1,VA3,1
VB1,VA4,1
VB1,VB2,1
VB1,VD1,1
VB1,VD2,1
VB10,AVBL,1
VB10,AVBR,1
VB10,AVKL,1
VB10,DD6,1
VB10,PDEL,1
VB10,PDER,1
VB10,PVCL,1
VB10,PVCR,1
VB10,PVT,1
VB10,VA11,1
VB10,VB11,1
VB10,VB9,1
VB10,VD11,1
VB10,VD12,1
VB11,AS11,1
VB11,AVAL,1
VB11,AVBL,1
VB11,AVBR,1
VB11,DA9,1
VB11,DD6,1
VB11,PDEL,1
VB11,PVCL,1
VB11,PVCR,1
VB11,PVWL,1
VB11,PVWR,1
VB11,VA12,1
VB11,VB10,1
VB11,VD12,1
VB11,VD13,1
VB2,AVBL,1
VB2,AVBR,1
VB2,AVEL,1
VB2,DD1,1
VB2,DD2,1
VB2,VA2,1
VB2,VA3,1
VB2,VB1,1
VB2,VB3,1
VB2,VB4,1
VB2,VC2,1
VB2,VD2,1
VB2,VD3,1
VB3,AVBR,1
VB3,DB1,1
VB3,DD2,1
VB3,VA4,1
VB3,VA5,1
VB3,VB2,1
VB3,VB4,1
VB3,VD3,1
VB3,VD4,1
VB4,AVBL,1
VB4,AVBR,1
VB4,AVG,1
VB4,DB2,1
VB4,DD2,1
VB4,DD3,1
VB4,DVA,1
VB4,VA4,1
VB4,VA5,1
VB4,VB2,1
VB4,VB3,1
VB4,VB5,1
VB4,VD4,1
VB4,VD5,1
VB5,AVBL,1
VB5,AVBR,1
VB5,DD3,1
VB5,VA6,1
VB5,VB4,1
VB5,VB6,1
VB5,VD6,1
VB6,AVBL,1
VB6,AVBR,1
VB6,DB3,1
VB6,DD4,1
VB6,PVNR,1
VB6,VA7,1
VB6,VA8,1
VB6,VB5,1
VB6,VB7,1
VB6,VD6,1
VB6,VD7,1
VB7,AVBL,1
VB7,AVBR,1
VB7,DD5,1
VB7,VA10,1
VB7,VA9,1
VB7,VB6,1
VB7,VB8,1
VB7,VD8,1
VB7,VD9,1
VB8,AVBL,1
VB8,AVBR,1
VB8,DD5,1
VB8,DD6,1
VB8,VA11,1
VB8,VB7,1
VB8,VB9,1
VB8,VD10,1
VB8,VD9,1
VB9,AVBL,1
VB9,AVBR,1
VB9,DD5,1
VB9,DD6,1
VB9,PDER,1
VB9,VA11,1
VB9,VB10,1
VB9,VB8,1
VB9,VD10,1
VB9,VD11,1
VC1,AVFL,1
VC1,AVL,1
VC1,DD1,1
VC1,DD2,1
VC1,DD3,1
VC1,DVC,1
VC1,PVPR,1
VC1,PVT,1
VC1,VC2,1
VC1,VC3,1
VC1,VD1,1
VC1,VD2,1
VC1,VD3,1
VC1,VD4,1
VC1,VD5,1
VC1,VD6,1
VC2,DB4,1
VC2,DD1,1
VC2,DD2,1
VC2,DD3,1
VC2,DVC,1
VC2,PVCL,1
VC2,PVPR,1
VC2,PVQR,1
VC2,PVT,1
VC2,VC1,1
VC2,VC2,1
VC2,VC3,1
VC2,VD1,1
VC2,VD2,1
VC2,VD4,1
VC2,VD5,1
VC2,VD6,1
VC3,AVBL,1
VC3,AVJL,1
VC3,AVL,1
VC3,DD1,1
VC3,DD2,1
VC3,DD3,1
VC3,HSNR,1
VC3,PVNR,1
VC3,PVPR,1
VC3,PVQR,1
VC3,PVT,1
VC3,SABVL,1
VC3,VB2,1
VC3,VB4,1
VC3,VC1,1
VC3,VC2,1
VC3,VC4,1
VC3,VD1,1
VC3,VD2,1
VC3,VD3,1
VC3,VD4,1
VC3,VD5,1
VC3,VD6,1
VC3,VD7,1
VC4,AVBR,1
VC4,AVHR,1
VC4,VC3,1
VC4,VC5,1
VC5,AVFL,1
VC5,AVFR,1
VC5,DVC,1
VC5,HSNL,1
VC5,HSNR,1
VC5,PVR,1
VC5,PVT,1
VC5,VC4,1
VC5,VC5,1
VC5,VC6,1
VC6,AVG,1
VC6,AVL,1
VC6,DD6,1
VC6,DVC,1
VC6,PVNR,1
VC6,PVPR,1
VC6,PVT,1
VC6,VC5,1
VC6,VD11,1
VC6,VD12,1
VD1,DD1,1
VD1,DVC,1
VD1,RIGL,1
VD1,RIGR,1
VD1,SAAVL,1
VD1,SMDDR,1
VD1,VA1,1
VD1,VB1,1
VD1,VC2,1
VD1,VD2,1
VD10,VA10,1
VD10,VB9,1
VD10,VD11,1
VD10,VD9,1
VD11,AVAR,1
VD11,AVL,1
VD11,DA7,1
VD11,DD6,1
VD11,DVB,1
VD11,DVC,1
VD11,PVPL,1
VD11,PVT,1
VD11,VA11,1
VD11,VB10,1
VD11,VD10,1
VD11,VD12,1
VD12,AVFL,1
VD12,AVHL,1
VD12,AVHR,1
VD12,AVL,1
VD12,DD6,1
VD12,PVCR,1
VD12,PVNL,1
VD12,PVPR,1
VD12,PVT,1
VD12,PVWL,1
VD12,VA11,1
VD12,VA12,1
VD12,VB10,1
VD12,VB11,1
VD12,VC6,1
VD12,VD11,1
VD12,VD13,1
VD13,AVAR,1
VD13,AVL,1
VD13,DA9,1
VD13,DD6,1
VD13,DVB,1
VD13,DVC,1
VD13,PDB,1
VD13,PVCL,1
VD13,PVCR,1
VD13,PVNR,1
VD13,PVPL,1
VD13,PVR,1
VD13,PVT,1
VD13,PVWL,1
VD13,PVWR,1
VD13,VA12,1
VD13,VD12,1
VD2,AS1,1
VD2,AVEL,1
VD2,DD1,1
VD2,VA2,1
VD2,VB2,1
VD2,VD1,1
VD2,VD2,1
VD2,VD3,1
VD3,DD1,1
VD3,DD2,1
VD3,VA3,1
VD3,VB2,1
VD3,VB3,1
VD3,VD2,1
VD3,VD4,1
VD4,DD2,1
VD4,VA4,1
VD4,VB3,1
VD4,VD3,1
VD4,VD5,1
VD5,AVAR,1
VD5,DD2,1
VD5,SAAVL,1
VD5,VA5,1
VD5,VA6,1
VD5,VB1,1
VD5,VB4,1
VD5,VD4,1
VD5,VD6,1
VD6,AVAL,1
VD6,PDEL,1
VD6,PVNR,1
VD6,VA6,1
VD6,VB5,1
VD6,VD5,1
VD6,VD7,1
VD7,VA7,1
VD7,VB6,1
VD7,VB7,1
VD7,VD6,1
VD7,VD8,1
VD8,VA8,1
VD8,VA9,1
VD8,VB7,1
VD8,VD7,1
VD8,VD9,1
VD9,PDER,1
VD9,PVDR,1
VD9,PVM,1
VD9,VA9,1
VD9,VB8,1
VD9,VD10,1
VD9,VD8,1
