ADEL,ADER,1
ADEL,ADLL,1
ADEL,ADLR,1
ADEL,AFDR,1
ADEL,AIAL,1
ADEL,AIAR,1
ADEL,AIBR,1
ADEL,AIMR,1
ADEL,AIYL,1
ADEL,AIYR,1
ADEL,AIZL,1
ADEL,AIZR,1
ADEL,ALML,1
ADEL,ALNL,1
ADEL,ALNR,1
ADEL,AS10,1
ADEL,AS2,1
ADEL,AS3,1
ADEL,AS6,1
ADEL,AS9,1
ADEL,ASEL,1
ADEL,ASER,1
ADEL,ASGL,1
ADEL,ASGR,1
ADEL,ASHL,1
ADEL,ASHR,1
ADEL,ASIR,1
ADEL,ASKR,1
ADEL,AUAL,1
ADEL,AVBL,1
ADEL,AVFL,1
ADEL,AVFR,1
ADEL,AVJL,1
ADEL,AVJR,1
ADEL,AVL,1
ADEL,AVM,1
ADEL,AWBR,1
ADEL,BAGL,1
ADEL,CANR,1
ADEL,CEPDL,1
ADEL,CEPDR,1
ADEL,CEPVL,1
ADEL,CEPVR,1
ADEL,DA1,1
ADEL,DA2,1
ADEL,DA3,1
ADEL,DA4,1
ADEL,DA8,1
ADEL,DA9,1
ADEL,DB1,1
ADEL,DB2,1
ADEL,DB3,1
ADEL,DB4,1
ADEL,DB5,1
ADEL,DB6,1
ADEL,DD1,1
ADEL,DD3,1
ADEL,DD4,1
ADEL,DVC,1
ADEL,FLPL,1
ADEL,FLPR,1
ADEL,HSNL,1
ADEL,HSNR,1
ADEL,I2L,1
ADEL,I2R,1
ADEL,I4,1
ADEL,I6,1
ADEL,IL1DR,1
ADEL,IL2DR,1
ADEL,IL2L,1
ADEL,IL2VL,1
ADEL,LUAL,1
ADEL,LUAR,1
ADEL,M2L,1
ADEL,M2R,1
ADEL,M3L,1
ADEL,M3R,1
ADEL,M4,1
ADEL,M5,1
ADEL,NSMR,1
ADEL,OLLL,1
ADEL,OLLR,1
ADEL,OLQDR,1
ADEL,OLQVL,1
ADEL,PDEL,1
ADEL,PHAR,1
ADEL,PHBR,1
ADEL,PHCL,1
ADEL,PHCR,1
ADEL,PLML,1
ADEL,PLMR,1
ADEL,PLNL,1
ADEL,PVCL,1
ADEL,PVDL,1
ADEL,PVDR,1
ADEL,PVQL,1
ADEL,PVT,1
ADEL,RIAL,1
ADEL,RIAR,1
ADEL,RIBL,1
ADEL,RIBR,1
ADEL,RICL,1
ADEL,RICR,1
ADEL,RIML,1
ADEL,RMDDR,1
ADEL,RMDL,1
ADEL,RMDVL,1
ADEL,RMDVR,1
ADEL,RMED,1
ADEL,RMER,1
ADEL,RMEV,1
ADEL,RMFL,1
ADEL,RMHL,1
ADEL,RMHR,1
ADEL,SIADL,1
ADEL,SIADR,1
ADEL,SIAVL,1
ADEL,SIBDL,1
ADEL,SIBVR,1
ADEL,SMDDR,1
ADEL,SMDVR,1
ADEL,URYDL,1
ADEL,URYVL,1
ADEL,VA1,1
ADEL,VA10,1
ADEL,VA11,1
ADEL,VA2,1
ADEL,VA4,1
ADEL,VA5,1
ADEL,VA8,1
ADEL,VA9,1
ADEL,VB10,1
ADEL,VB2,1
ADEL,VB3,1
ADEL,VB4,1
ADEL,VB5,1
ADEL,VB7,1
ADEL,VB8,1
ADEL,VD1,1
ADEL,VD10,1
ADEL,VD12,1
ADEL,VD13,1
ADEL,VD2,1
ADEL,VD3,1
ADEL,VD4,1
ADEL,VD7,1
ADEL,VD9,1
ADER,ADEL,1
ADER,ADLL,1
ADER,AIAL,1
ADER,AIAR,1
ADER,AIBR,1
ADER,AIML,1
ADER,AIMR,1
ADER,AIYL,1
ADER,AIZL,1
ADER,AIZR,1
ADER,ALMR,1
ADER,ALNR,1
ADER,AS10,1
ADER,AS4,1
ADER,AS5,1
ADER,AS6,1
ADER,AS7,1
ADER,AS8,1
ADER,ASER,1
ADER,ASHL,1
ADER,ASHR,1
ADER,ASIR,1
ADER,ASKL,1
ADER,ASKR,1
ADER,AUAR,1
ADER,AVBL,1
ADER,AVFR,1
ADER,AVHR,1
ADER,AVJL,1
ADER,AVJR,1
ADER,AWBL,1
ADER,AWBR,1
ADER,AWCL,1
ADER,BAGR,1
ADER,BDUL,1
ADER,CEPDL,1
ADER,CEPDR,1
ADER,CEPVL,1
ADER,CEPVR,1
ADER,DA2,1
ADER,DA3,1
ADER,DA5,1
ADER,DA7,1
ADER,DA9,1
ADER,DB1,1
ADER,DB2,1
ADER,DB3,1
ADER,DB4,1
ADER,DB5,1
ADER,DB6,1
ADER,DD2,1
ADER,DD3,1
ADER,DVA,1
ADER,DVC,1
ADER,FLPR,1
ADER,HSNR,1
ADER,I1L,1
ADER,I2L,1
ADER,I2R,1
ADER,I3,1
ADER,I4,1
ADER,I6,1
ADER,IL2DL,1
ADER,IL2DR,1
ADER,IL2R,1
ADER,IL2VL,1
ADER,IL2VR,1
ADER,LUAL,1
ADER,M1,1
ADER,M2L,1
ADER,M2R,1
ADER,M3R,1
ADER,M4,1
ADER,M5,1
ADER,MCL,1
ADER,MCR,1
ADER,NSML,1
ADER,NSMR,1
ADER,OLLR,1
ADER,OLQDL,1
ADER,OLQDR,1
ADER,PDEL,1
ADER,PHAL,1
ADER,PHCR,1
ADER,PLML,1
ADER,PLMR,1
ADER,PLNL,1
ADER,PQR,1
ADER,PVCR,1
ADER,PVDR,1
ADER,PVQL,1
ADER,PVQR,1
ADER,PVT,1
ADER,RIAL,1
ADER,RIBL,1
ADER,RIBR,1
ADER,RID,1
ADER,RIML,1
ADER,RIMR,1
ADER,RIS,1
ADER,RMDDL,1
ADER,RMDDR,1
ADER,RMDR,1
ADER,RMDVR,1
ADER,RMED,1
ADER,RMEL,1
ADER,RMER,1
ADER,RMEV,1
ADER,RMFL,1
ADER,RMFR,1
ADER,RMHL,1
ADER,RMHR,1
ADER,SABVL,1
ADER,SDQR,1
ADER,SIADR,1
ADER,SIAVL,1
ADER,SIBDL,1
ADER,SIBDR,1
ADER,SIBVL,1
ADER,SIBVR,1
ADER,SMDVL,1
ADER,URYDL,1
ADER,URYVR,1
ADER,VA1,1
ADER,VA10,1
ADER,VA11,1
ADER,VA2,1
ADER,VA3,1
ADER,VA4,1
ADER,VA6,1
ADER,VA9,1
ADER,VB1,1
ADER,VB10,1
ADER,VB2,1
ADER,VB3,1
ADER,VB6,1
ADER,VB7,1
ADER,VD1,1
ADER,VD10,1
ADER,VD11,1
ADER,VD12,1
ADER,VD13,1
ADER,VD2,1
ADER,VD3,1
ADER,VD5,1
ADER,VD7,1
ADER,VD9,1
ADFL,ADER,1
ADFL,AFDL,1
ADFL,AIBR,1
ADFL,AIML,1
ADFL,AIYR,1
ADFL,AIZR,1
ADFL,ALML,1
ADFL,ALMR,1
ADFL,ALNR,1
ADFL,AS1,1
ADFL,AS4,1
ADFL,AS5,1
ADFL,AS6,1
ADFL,AS8,1
ADFL,ASEL,1
ADFL,ASGL,1
ADFL,ASIL,1
ADFL,ASKL,1
ADFL,ASKR,1
ADFL,AUAR,1
ADFL,AVBL,1
ADFL,AVBR,1
ADFL,AVHR,1
ADFL,AVJR,1
ADFL,BAGL,1
ADFL,CANL,1
ADFL,CEPVR,1
ADFL,DA1,1
ADFL,DA2,1
ADFL,DA5,1
ADFL,DA6,1
ADFL,DA7,1
ADFL,DA8,1
ADFL,DA9,1
ADFL,DB1,1
ADFL,DB4,1
ADFL,DD4,1
ADFL,DD5,1
ADFL,DD6,1
ADFL,FLPL,1
ADFL,I2R,1
ADFL,I3,1
ADFL,IL1DR,1
ADFL,LUAL,1
ADFL,M2L,1
ADFL,MCL,1
ADFL,NSML,1
ADFL,PDA,1
ADFL,PDER,1
ADFL,PHCL,1
ADFL,PLMR,1
ADFL,PLNL,1
ADFL,PQR,1
ADFL,PVDR,1
ADFL,PVQL,1
ADFL,PVT,1
ADFL,RIAR,1
ADFL,RICL,1
ADFL,RIML,1
ADFL,RIS,1
ADFL,RMDDR,1
ADFL,RMDVR,1
ADFL,RMEL,1
ADFL,RMFR,1
ADFL,RMHR,1
ADFL,SIAVL,1
ADFL,SIAVR,1
ADFL,SIBDL,1
ADFL,SIBDR,1
ADFL,SIBVL,1
ADFL,URYDR,1
ADFL,URYVL,1
ADFL,VA11,1
ADFL,VA4,1
ADFL,VA5,1
ADFL,VA6,1
ADFL,VB3,1
ADFL,VB5,1
ADFL,VB8,1
ADFL,VD11,1
ADFL,VD12,1
ADFL,VD7,1
ADFR,ADLL,1
ADFR,AFDR,1
ADFR,AIBR,1
ADFR,AIMR,1
ADFR,AIYR,1
ADFR,ALNL,1
ADFR,AS11,1
ADFR,AS2,1
ADFR,AS5,1
ADFR,ASGR,1
ADFR,ASHL,1
ADFR,ASKL,1
ADFR,ASKR,1
ADFR,AVFR,1
ADFR,AVJR,1
ADFR,AWBL,1
ADFR,BAGL,1
ADFR,CANL,1
ADFR,CANR,1
ADFR,CEPVL,1
ADFR,CEPVR,1
ADFR,DA1,1
ADFR,DB1,1
ADFR,DB3,1
ADFR,DB4,1
ADFR,DB5,1
ADFR,DD3,1
ADFR,DD6,1
ADFR,DVA,1
ADFR,FLPL,1
ADFR,HSNR,1
ADFR,I1L,1
ADFR,I2L,1
ADFR,I4,1
ADFR,I6,1
ADFR,IL2L,1
ADFR,M2L,1
ADFR,M3R,1
ADFR,M5,1
ADFR,MCL,1
ADFR,NSML,1
ADFR,NSMR,1
ADFR,OLLR,1
ADFR,OLQVR,1
ADFR,PDER,1
ADFR,PHAR,1
ADFR,PHBR,1
ADFR,PLML,1
ADFR,PVDR,1
ADFR,PVQL,1
ADFR,PVQR,1
ADFR,RIAL,1
ADFR,RICL,1
ADFR,RMDDR,1
ADFR,RMDR,1
ADFR,RMDVL,1
ADFR,RMDVR,1
ADFR,RMED,1
ADFR,SIAVR,1
ADFR,SIBDL,1
ADFR,SIBVL,1
ADFR,URYDL,1
ADFR,URYDR,1
ADFR,URYVL,1
ADFR,URYVR,1
ADFR,VA1,1
ADFR,VA10,1
ADFR,VA11,1
ADFR,VA2,1
ADFR,VA5,1
ADFR,VA6,1
ADFR,VB10,1
ADFR,VB2,1
ADFR,VB4,1
ADFR,VB5,1
ADFR,VB8,1
ADFR,VD2,1
ADFR,VD4,1
ADFR,VD5,1
ADFR,VD6,1
ADFR,VD7,1
ADFR,VD9,1
CEPDL,ADEL,1
CEPDL,ADLR,1
CEPDL,AFDR,1
CEPDL,AIBL,1
CEPDL,AIBR,1
CEPDL,AIML,1
CEPDL,AIMR,1
CEPDL,AIYL,1
CEPDL,AIZR,1
CEPDL,ALML,1
CEPDL,ALMR,1
CEPDL,ALNL,1
CEPDL,ALNR,1
CEPDL,AS1,1
CEPDL,AS10,1
CEPDL,AS3,1
CEPDL,AS4,1
CEPDL,AS5,1
CEPDL,AS6,1
CEPDL,AS8,1
CEPDL,AS9,1
CEPDL,ASEL,1
CEPDL,ASGR,1
CEPDL,ASHL,1
CEPDL,ASHR,1
CEPDL,ASKL,1
CEPDL,ASKR,1
CEPDL,AUAR,1
CEPDL,AVBL,1
CEPDL,AVFL,1
CEPDL,AVFR,1
CEPDL,AVJL,1
CEPDL,AVL,1
CEPDL,AVM,1
CEPDL,AWBR,1
CEPDL,BAGR,1
CEPDL,BDUL,1
CEPDL,BDUR,1
CEPDL,CANL,1
CEPDL,CEPDR,1
CEPDL,CEPVR,1
CEPDL,DA1,1
CEPDL,DA2,1
CEPDL,DA4,1
CEPDL,DA5,1
CEPDL,DA7,1
CEPDL,DA9,1
CEPDL,DB1,1
CEPDL,DB3,1
CEPDL,DB4,1
CEPDL,DB6,1
CEPDL,DB7,1
CEPDL,DD2,1
CEPDL,DD3,1
CEPDL,DD5,1
CEPDL,DD6,1
CEPDL,DVA,1
CEPDL,DVC,1
CEPDL,FLPL,1
CEPDL,FLPR,1
CEPDL,HSNL,1
CEPDL,I2L,1
CEPDL,I2R,1
CEPDL,I4,1
CEPDL,I6,1
CEPDL,IL1VR,1
CEPDL,IL2DL,1
CEPDL,IL2L,1
CEPDL,LUAL,1
CEPDL,LUAR,1
CEPDL,M2L,1
CEPDL,M2R,1
CEPDL,M4,1
CEPDL,M5,1
CEPDL,MCL,1
CEPDL,MCR,1
CEPDL,NSML,1
CEPDL,NSMR,1
CEPDL,OLQDL,1
CEPDL,OLQDR,1
CEPDL,OLQVR,1
CEPDL,PDA,1
CEPDL,PHCL,1
CEPDL,PHCR,1
CEPDL,PLML,1
CEPDL,PLMR,1
CEPDL,PLNR,1
CEPDL,PQR,1
CEPDL,PVCR,1
CEPDL,PVDL,1
CEPDL,PVDR,1
CEPDL,PVQL,1
CEPDL,PVT,1
CEPDL,RIAL,1
CEPDL,RIBL,1
CEPDL,RIBR,1
CEPDL,RICL,1
CEPDL,RICR,1
CEPDL,RIML,1
CEPDL,RIMR,1
CEPDL,RIS,1
CEPDL,RMDL,1
CEPDL,RMDVR,1
CEPDL,RMED,1
CEPDL,RMER,1
CEPDL,RMFL,1
CEPDL,RMHL,1
CEPDL,RMHR,1
CEPDL,SIADL,1
CEPDL,SIADR,1
CEPDL,SIAVR,1
CEPDL,SIBDL,1
CEPDL,SIBDR,1
CEPDL,SIBVL,1
CEPDL,SMDDL,1
CEPDL,SMDDR,1
CEPDL,SMDVR,1
CEPDL,URYDL,1
CEPDL,URYDR,1
CEPDL,URYVL,1
CEPDL,URYVR,1
CEPDL,VA1,1
CEPDL,VA11,1
CEPDL,VA2,1
CEPDL,VA4,1
CEPDL,VA5,1
CEPDL,VA6,1
CEPDL,VA8,1
CEPDL,VA9,1
CEPDL,VB1,1
CEPDL,VB10,1
CEPDL,VB11,1
CEPDL,VB2,1
CEPDL,VB3,1
CEPDL,VB5,1
CEPDL,VB6,1
CEPDL,VB7,1
CEPDL,VB8,1
CEPDL,VD10,1
CEPDL,VD11,1
CEPDL,VD13,1
CEPDL,VD3,1
CEPDL,VD4,1
CEPDL,VD5,1
CEPDL,VD7,1
CEPDL,VD8,1
CEPDL,VD9,1
CEPDR,ADEL,1
CEPDR,ADER,1
CEPDR,ADLL,1
CEPDR,AIAL,1
CEPDR,AIAR,1
CEPDR,AIBR,1
CEPDR,AIMR,1
CEPDR,AIYL,1
CEPDR,AIYR,1
CEPDR,AIZR,1
CEPDR,ALMR,1
CEPDR,ALNR,1
CEPDR,AS1,1
CEPDR,AS10,1
CEPDR,AS2,1
CEPDR,AS3,1
CEPDR,AS5,1
CEPDR,AS8,1
CEPDR,AS9,1
CEPDR,ASEL,1
CEPDR,ASER,1
CEPDR,ASGR,1
CEPDR,ASHL,1
CEPDR,ASHR,1
CEPDR,ASIR,1
CEPDR,ASKL,1
CEPDR,AUAL,1
CEPDR,AUAR,1
CEPDR,AVBL,1
CEPDR,AVFR,1
CEPDR,AVHL,1
CEPDR,AVHR,1
CEPDR,AVJL,1
CEPDR,AVM,1
CEPDR,AWBL,1
CEPDR,AWBR,1
CEPDR,CANL,1
CEPDR,CANR,1
CEPDR,CEPDL,1
CEPDR,CEPVR,1
CEPDR,DA2,1
CEPDR,DA3,1
CEPDR,DA7,1
CEPDR,DA9,1
CEPDR,DB3,1
CEPDR,DB5,1
CEPDR,DB6,1
CEPDR,DB7,1
CEPDR,DD1,1
CEPDR,DD3,1
CEPDR,DD4,1
CEPDR,DD5,1
CEPDR,DD6,1
CEPDR,DVA,1
CEPDR,FLPL,1
CEPDR,FLPR,1
CEPDR,HSNL,1
CEPDR,HSNR,1
CEPDR,I1L,1
CEPDR,I1R,1
CEPDR,I2R,1
CEPDR,I3,1
CEPDR,I4,1
CEPDR,I6,1
CEPDR,IL1DL,1
CEPDR,IL1L,1
CEPDR,IL1R,1
CEPDR,IL2DL,1
CEPDR,IL2R,1
CEPDR,IL2VL,1
CEPDR,IL2VR,1
CEPDR,LUAL,1
CEPDR,LUAR,1
CEPDR,M1,1
CEPDR,M2L,1
CEPDR,M2R,1
CEPDR,M3L,1
CEPDR,M4,1
CEPDR,M5,1
CEPDR,MCR,1
CEPDR,NSML,1
CEPDR,OLQDL,1
CEPDR,OLQDR,1
CEPDR,PHBL,1
CEPDR,PHCL,1
CEPDR,PLMR,1
CEPDR,PQR,1
CEPDR,PVCL,1
CEPDR,PVCR,1
CEPDR,PVDL,1
CEPDR,PVDR,1
CEPDR,PVQL,1
CEPDR,PVT,1
CEPDR,RIBL,1
CEPDR,RIBR,1
CEPDR,RICL,1
CEPDR,RICR,1
CEPDR,RID,1
CEPDR,RIML,1
CEPDR,RIMR,1
CEPDR,RIS,1
CEPDR,RMDDL,1
CEPDR,RMDL,1
CEPDR,RMDR,1
CEPDR,RMDVL,1
CEPDR,RMDVR,1
CEPDR,RMED,1
CEPDR,RMEL,1
CEPDR,RMEV,1
CEPDR,RMFL,1
CEPDR,RMFR,1
CEPDR,RMHL,1
CEPDR,SDQL,1
CEPDR,SIADL,1
CEPDR,SIADR,1
CEPDR,SIAVL,1
CEPDR,SIBDR,1
CEPDR,SIBVR,1
CEPDR,SMDDL,1
CEPDR,SMDDR,1
CEPDR,URYDL,1
CEPDR,URYDR,1
CEPDR,URYVL,1
CEPDR,URYVR,1
CEPDR,VA1,1
CEPDR,VA11,1
CEPDR,VA5,1
CEPDR,VA6,1
CEPDR,VA8,1
CEPDR,VA9,1
CEPDR,VB10,1
CEPDR,VB2,1
CEPDR,VB3,1
CEPDR,VB4,1
CEPDR,VB5,1
CEPDR,VB9,1
CEPDR,VD10,1
CEPDR,VD11,1
CEPDR,VD12,1
CEPDR,VD13,1
CEPDR,VD2,1
CEPDR,VD3,1
CEPDR,VD4,1
CEPDR,VD5,1
CEPDR,VD6,1
CEPDR,VD7,1
CEPDR,VD8,1
CEPVL,ADEL,1
CEPVL,ADER,1
CEPVL,ADLL,1
CEPVL,AFDR,1
CEPVL,AIAL,1
CEPVL,AIBL,1
CEPVL,AIBR,1
CEPVL,AIML,1
CEPVL,AIMR,1
CEPVL,AIYR,1
CEPVL,AIZL,1
CEPVL,ALML,1
CEPVL,ALNL,1
CEPVL,AS10,1
CEPVL,AS11,1
CEPVL,AS3,1
CEPVL,AS4,1
CEPVL,AS7,1
CEPVL,AS8,1
CEPVL,ASEL,1
CEPVL,ASER,1
CEPVL,ASGL,1
CEPVL,ASHL,1
CEPVL,ASHR,1
CEPVL,ASIL,1
CEPVL,ASKL,1
CEPVL,AUAL,1
CEPVL,AUAR,1
CEPVL,AVBL,1
CEPVL,AVFL,1
CEPVL,AVHL,1
CEPVL,AVJL,1
CEPVL,AVM,1
CEPVL,AWBL,1
CEPVL,AWBR,1
CEPVL,BAGL,1
CEPVL,BAGR,1
CEPVL,BDUR,1
CEPVL,CANL,1
CEPVL,CANR,1
CEPVL,CEPDL,1
CEPVL,CEPDR,1
CEPVL,CEPVL,1
CEPVL,CEPVR,1
CEPVL,DA1,1
CEPVL,DA2,1
CEPVL,DA3,1
CEPVL,DA5,1
CEPVL,DA6,1
CEPVL,DA7,1
CEPVL,DA8,1
CEPVL,DB1,1
CEPVL,DB2,1
CEPVL,DB3,1
CEPVL,DB4,1
CEPVL,DB5,1
CEPVL,DB6,1
CEPVL,DD1,1
CEPVL,DD2,1
CEPVL,DD4,1
CEPVL,DD5,1
CEPVL,DD6,1
CEPVL,FLPL,1
CEPVL,HSNR,1
CEPVL,I1R,1
CEPVL,I2L,1
CEPVL,I2R,1
CEPVL,I3,1
CEPVL,I4,1
CEPVL,I6,1
CEPVL,IL1R,1
CEPVL,IL2DL,1
CEPVL,IL2DR,1
CEPVL,IL2R,1
CEPVL,IL2VL,1
CEPVL,LUAL,1
CEPVL,LUAR,1
CEPVL,M3L,1
CEPVL,M3R,1
CEPVL,M4,1
CEPVL,MCL,1
CEPVL,MCR,1
CEPVL,NSMR,1
CEPVL,OLQDL,1
CEPVL,OLQVR,1
CEPVL,PDA,1
CEPVL,PDEL,1
CEPVL,PHAL,1
CEPVL,PHCL,1
CEPVL,PHCR,1
CEPVL,PLML,1
CEPVL,PLNL,1
CEPVL,PVCR,1
CEPVL,PVDL,1
CEPVL,PVDR,1
CEPVL,PVQL,1
CEPVL,PVQR,1
CEPVL,PVT,1
CEPVL,RIAR,1
CEPVL,RIBL,1
CEPVL,RICL,1
CEPVL,RID,1
CEPVL,RIML,1
CEPVL,RIMR,1
CEPVL,RMDDL,1
CEPVL,RMDDR,1
CEPVL,RMDL,1
CEPVL,RMDVL,1
CEPVL,RMED,1
CEPVL,RMER,1
CEPVL,RMEV,1
CEPVL,RMFL,1
CEPVL,RMFR,1
CEPVL,RMHL,1
CEPVL,SIADL,1
CEPVL,SIBDL,1
CEPVL,SIBDR,1
CEPVL,SIBVL,1
CEPVL,SMDDR,1
CEPVL,URYDR,1
CEPVL,URYVL,1
CEPVL,URYVR,1
CEPVL,VA1,1
CEPVL,VA10,1
CEPVL,VA11,1
CEPVL,VA2,1
CEPVL,VA3,1
CEPVL,VA4,1
CEPVL,VA5,1
CEPVL,VA6,1
CEPVL,VA8,1
CEPVL,VB1,1
CEPVL,VB10,1
CEPVL,VB2,1
CEPVL,VB3,1
CEPVL,VB7,1
CEPVL,VD10,1
CEPVL,VD11,1
CEPVL,VD12,1
CEPVL,VD13,1
CEPVL,VD2,1
CEPVL,VD3,1
CEPVL,VD4,1
CEPVL,VD5,1
CEPVL,VD6,1
CEPVL,VD8,1
CEPVL,VD9,1
CEPVR,ADEL,1
CEPVR,ADLL,1
CEPVR,AFDL,1
CEPVR,AFDR,1
CEPVR,AIAR,1
CEPVR,AIBR,1
CEPVR,AIML,1
CEPVR,AIYL,1
CEPVR,AIYR,1
CEPVR,AIZL,1
CEPVR,AIZR,1
CEPVR,ALML,1
CEPVR,ALNL,1
CEPVR,AS1,1
CEPVR,AS10,1
CEPVR,AS11,1
CEPVR,AS2,1
CEPVR,AS3,1
CEPVR,AS4,1
CEPVR,AS5,1
CEPVR,AS7,1
CEPVR,AS8,1
CEPVR,AS9,1
CEPVR,ASER,1
CEPVR,ASGR,1
CEPVR,ASHR,1
CEPVR,ASIL,1
CEPVR,ASIR,1
CEPVR,ASKL,1
CEPVR,AUAR,1
CEPVR,AVBL,1
CEPVR,AVFL,1
CEPVR,AVFR,1
CEPVR,AVHR,1
CEPVR,AVJR,1
CEPVR,AVL,1
CEPVR,AVM,1
CEPVR,AWBR,1
CEPVR,BAGL,1
CEPVR,BAGR,1
CEPVR,BDUL,1
CEPVR,CANR,1
CEPVR,CEPDL,1
CEPVR,CEPVL,1
CEPVR,DA1,1
CEPVR,DA2,1
CEPVR,DA3,1
CEPVR,DA4,1
CEPVR,DA5,1
CEPVR,DA7,1
CEPVR,DA8,1
CEPVR,DB1,1
CEPVR,DB3,1
CEPVR,DB4,1
CEPVR,DB5,1
CEPVR,DD1,1
CEPVR,DD2,1
CEPVR,DD3,1
CEPVR,DD5,1
CEPVR,DVA,1
CEPVR,DVC,1
CEPVR,FLPL,1
CEPVR,HSNR,1
CEPVR,I1L,1
CEPVR,I2L,1
CEPVR,I2R,1
CEPVR,I4,1
CEPVR,I6,1
CEPVR,IL1R,1
CEPVR,IL2DR,1
CEPVR,IL2R,1
CEPVR,IL2VL,1
CEPVR,IL2VR,1
CEPVR,LUAL,1
CEPVR,LUAR,1
CEPVR,M1,1
CEPVR,M2L,1
CEPVR,M3R,1
CEPVR,M4,1
CEPVR,M5,1
CEPVR,MCL,1
CEPVR,MCR,1
CEPVR,NSML,1
CEPVR,NSMR,1
CEPVR,OLQDL,1
CEPVR,OLQDR,1
CEPVR,OLQVR,1
CEPVR,PHAR,1
CEPVR,PHBL,1
CEPVR,PLMR,1
CEPVR,PLNL,1
CEPVR,PLNR,1
CEPVR,PVDL,1
CEPVR,PVDR,1
CEPVR,PVQL,1
CEPVR,PVT,1
CEPVR,RIAR,1
CEPVR,RICL,1
CEPVR,RID,1
CEPVR,RIML,1
CEPVR,RIMR,1
CEPVR,RIS,1
CEPVR,RMDDL,1
CEPVR,RMDDR,1
CEPVR,RMDR,1
CEPVR,RMDVL,1
CEPVR,RMDVR,1
CEPVR,RMED,1
CEPVR,RMEL,1
CEPVR,RMER,1
CEPVR,RMEV,1
CEPVR,RMFR,1
CEPVR,RMHL,1
CEPVR,SABD,1
CEPVR,SDQR,1
CEPVR,SIADL,1
CEPVR,SIAVL,1
CEPVR,SIAVR,1
CEPVR,SIBDL,1
CEPVR,SIBDR,1
CEPVR,SIBVL,1
CEPVR,SIBVR,1
CEPVR,SMDDL,1
CEPVR,SMDDR,1
CEPVR,URYDR,1
CEPVR,URYVL,1
CEPVR,URYVR,1
CEPVR,VA1,1
CEPVR,VA11,1
CEPVR,VA2,1
CEPVR,VA6,1
CEPVR,VA7,1
CEPVR,VA9,1
CEPVR,VB1,1
CEPVR,VB10,1
CEPVR,VB11,1
CEPVR,VB2,1
CEPVR,VB3,1
CEPVR,VB4,1
CEPVR,VB6,1
CEPVR,VB8,1
CEPVR,VD10,1
CEPVR,VD11,1
CEPVR,VD2,1
CEPVR,VD3,1
CEPVR,VD6,1
CEPVR,VD7,1
HSNL,ADEL,1
HSNL,ADER,1
HSNL,AFDR,1
HSNL,AIYL,1
HSNL,AIYR,1
HSNL,AIZR,1
HSNL,ALMR,1
HSNL,AS1,1
HSNL,AS10,1
HSNL,AS11,1
HSNL,AS4,1
HSNL,AS5,1
HSNL,AS9,1
HSNL,ASEL,1
HSNL,ASER,1
HSNL,ASGL,1
HSNL,ASGR,1
HSNL,ASKL,1
HSNL,ASKR,1
HSNL,AUAL,1
HSNL,AVFR,1
HSNL,AVJR,1
HSNL,BAGL,1
HSNL,CANL,1
HSNL,CEPDR,1
HSNL,CEPVR,1
HSNL,DA2,1
HSNL,DA4,1
HSNL,DA5,1
HSNL,DA6,1
HSNL,DA7,1
HSNL,DA9,1
HSNL,DB1,1
HSNL,DB5,1
HSNL,FLPR,1
HSNL,HSNR,1
HSNL,I1L,1
HSNL,I2R,1
HSNL,I3,1
HSNL,IL2L,1
HSNL,IL2VR,1
HSNL,M3R,1
HSNL,M5,1
HSNL,MCL,1
HSNL,NSMR,1
HSNL,OLQDL,1
HSNL,OLQVR,1
HSNL,PDER,1
HSNL,PHCL,1
HSNL,PHCR,1
HSNL,PVCL,1
HSNL,PVDR,1
HSNL,PVQL,1
HSNL,PVQR,1
HSNL,RIAL,1
HSNL,RICL,1
HSNL,RICR,1
HSNL,RID,1
HSNL,RIS,1
HSNL,RMDDL,1
HSNL,RMDR,1
HSNL,RMDVR,1
HSNL,RMHL,1
HSNL,RMHR,1
HSNL,SDQR,1
HSNL,SIADL,1
HSNL,SIADR,1
HSNL,SIBDL,1
HSNL,SIBDR,1
HSNL,VA1,1
HSNL,VA4,1
HSNL,VA5,1
HSNL,VA9,1
HSNL,VB1,1
HSNL,VB3,1
HSNL,VB6,1
HSNL,VB7,1
HSNL,VD1,1
HSNL,VD11,1
HSNL,VD13,1
HSNL,VD3,1
HSNL,VD7,1
HSNR,ADER,1
HSNR,ADLL,1
HSNR,AFDR,1
HSNR,AIBR,1
HSNR,AIYR,1
HSNR,ALML,1
HSNR,AS1,1
HSNR,AS10,1
HSNR,AS5,1
HSNR,ASGL,1
HSNR,ASGR,1
HSNR,ASKL,1
HSNR,ASKR,1
HSNR,AUAL,1
HSNR,AVBL,1
HSNR,AVJL,1
HSNR,AVL,1
HSNR,BAGR,1
HSNR,BDUR,1
HSNR,CANR,1
HSNR,CEPDR,1
HSNR,CEPVL,1
HSNR,CEPVR,1
HSNR,DA1,1
HSNR,DA2,1
HSNR,DA3,1
HSNR,DA5,1
HSNR,DA6,1
HSNR,DA8,1
HSNR,DB2,1
HSNR,DB7,1
HSNR,DD2,1
HSNR,DD3,1
HSNR,DD4,1
HSNR,DD6,1
HSNR,I1L,1
HSNR,I2R,1
HSNR,I6,1
HSNR,LUAL,1
HSNR,LUAR,1
HSNR,MCL,1
HSNR,OLQDL,1
HSNR,OLQVL,1
HSNR,OLQVR,1
HSNR,PLNR,1
HSNR,PQR,1
HSNR,PVCL,1
HSNR,PVQL,1
HSNR,PVQR,1
HSNR,PVT,1
HSNR,RIAL,1
HSNR,RICL,1
HSNR,RICR,1
HSNR,RIML,1
HSNR,RIMR,1
HSNR,RIS,1
HSNR,RMDDL,1
HSNR,RMDL,1
HSNR,RMDVL,1
HSNR,RMEL,1
HSNR,RMEV,1
HSNR,SABVL,1
HSNR,SABVR,1
HSNR,SIAVL,1
HSNR,SIBVL,1
HSNR,SMDVR,1
HSNR,URYDR,1
HSNR,URYVL,1
HSNR,VA1,1
HSNR,VA10,1
HSNR,VA11,1
HSNR,VA3,1
HSNR,VA4,1
HSNR,VA9,1
HSNR,VB3,1
HSNR,VB8,1
HSNR,VB9,1
HSNR,VD10,1
HSNR,VD11,1
HSNR,VD3,1
HSNR,VD5,1
HSNR,VD9,1
NSML,ADEL,1
NSML,ADER,1
NSML,AFDR,1
NSML,AIBR,1
NSML,AIYR,1
NSML,ALMR,1
NSML,ALNL,1
NSML,AS5,1
NSML,AS7,1
NSML,AS8,1
NSML,AS9,1
NSML,ASEL,1
NSML,ASER,1
NSML,ASGL,1
NSML,ASGR,1
NSML,ASHL,1
NSML,ASHR,1
NSML,AUAL,1
NSML,AVFR,1
NSML,AVJR,1
NSML,AVM,1
NSML,BAGR,1
NSML,CANR,1
NSML,CEPDR,1
NSML,CEPVR,1
NSML,DA1,1
NSML,DA2,1
NSML,DA5,1
NSML,DA8,1
NSML,DB3,1
NSML,DB4,1
NSML,DB7,1
NSML,DD4,1
NSML,DD5,1
NSML,DD6,1
NSML,DVA,1
NSML,FLPL,1
NSML,HSNR,1
NSML,I1L,1
NSML,I1R,1
NSML,I2R,1
NSML,I4,1
NSML,I6,1
NSML,IL2DL,1
NSML,IL2VR,1
NSML,LUAL,1
NSML,M2L,1
NSML,M3R,1
NSML,M4,1
NSML,M5,1
NSML,MCL,1
NSML,OLQDL,1
NSML,PDER,1
NSML,PHCR,1
NSML,PLMR,1
NSML,PQR,1
NSML,PVCR,1
NSML,RIAL,1
NSML,RIMR,1
NSML,RMDDL,1
NSML,RMDR,1
NSML,RMEV,1
NSML,RMFR,1
NSML,SDQR,1
NSML,SIAVR,1
NSML,SIBDL,1
NSML,SIBVL,1
NSML,VA12,1
NSML,VA2,1
NSML,VA5,1
NSML,VB10,1
NSML,VB2,1
NSML,VB3,1
NSML,VB4,1
NSML,VB7,1
NSML,VB8,1
NSML,VD1,1
NSML,VD12,1
NSML,VD13,1
NSML,VD2,1
NSML,VD5,1
NSML,VD6,1
NSMR,ADER,1
NSMR,ADLR,1
NSMR,AIBR,1
NSMR,AIML,1
NSMR,AIZL,1
NSMR,AIZR,1
NSMR,ALML,1
NSMR,ALNR,1
NSMR,AS10,1
NSMR,AS2,1
NSMR,AS3,1
NSMR,AS6,1
NSMR,ASEL,1
NSMR,ASER,1
NSMR,ASGL,1
NSMR,ASGR,1
NSMR,ASHR,1
NSMR,ASIL,1
NSMR,ASKL,1
NSMR,AUAR,1
NSMR,AVFL,1
NSMR,AVJL,1
NSMR,AVM,1
NSMR,AWBL,1
NSMR,CANR,1
NSMR,DA5,1
NSMR,DA6,1
NSMR,DA8,1
NSMR,DB5,1
NSMR,DB6,1
NSMR,DD3,1
NSMR,DVA,1
NSMR,DVC,1
NSMR,I1R,1
NSMR,I6,1
NSMR,IL1VL,1
NSMR,IL2DL,1
NSMR,IL2DR,1
NSMR,IL2L,1
NSMR,IL2VL,1
NSMR,M1,1
NSMR,M2L,1
NSMR,M3R,1
NSMR,M5,1
NSMR,NSML,1
NSMR,OLQDL,1
NSMR,OLQDR,1
NSMR,PLML,1
NSMR,PLMR,1
NSMR,PQR,1
NSMR,PVCL,1
NSMR,PVDR,1
NSMR,PVQR,1
NSMR,RIMR,1
NSMR,RIS,1
NSMR,RMDDR,1
NSMR,RMDR,1
NSMR,RMFL,1
NSMR,RMFR,1
NSMR,RMHR,1
NSMR,SABVR,1
NSMR,SIADL,1
NSMR,SIAVL,1
NSMR,SIAVR,1
NSMR,SIBDR,1
NSMR,SIBVR,1
NSMR,URYDL,1
NSMR,URYDR,1
NSMR,VA1,1
NSMR,VA12,1
NSMR,VA2,1
NSMR,VB1,1
NSMR,VB10,1
NSMR,VB2,1
NSMR,VB3,1
NSMR,VB6,1
NSMR,VB7,1
NSMR,VD1,1
NSMR,VD10,1
NSMR,VD12,1
NSMR,VD3,1
NSMR,VD8,1
PDEL,ADER,1
PDEL,ADLL,1
PDEL,AFDR,1
PDEL,AIAR,1
PDEL,AIBR,1
PDEL,AIML,1
PDEL,AIMR,1
PDEL,AIYL,1
PDEL,AIYR,1
PDEL,AIZR,1
PDEL,ALML,1
PDEL,ALMR,1
PDEL,AS10,1
PDEL,AS11,1
PDEL,AS2,1
PDEL,AS3,1
PDEL,AS4,1
PDEL,AS5,1
PDEL,AS6,1
PDEL,AS7,1
PDEL,ASEL,1
PDEL,ASER,1
PDEL,ASGR,1
PDEL,ASHL,1
PDEL,ASKL,1
PDEL,ASKR,1
PDEL,AUAL,1
PDEL,AUAR,1
PDEL,AVBL,1
PDEL,AVBR,1
PDEL,AVFL,1
PDEL,AVFR,1
PDEL,AVHL,1
PDEL,AVL,1
PDEL,AWBL,1
PDEL,BAGR,1
PDEL,BDUR,1
PDEL,CANL,1
PDEL,CANR,1
PDEL,CEPDL,1
PDEL,CEPDR,1
PDEL,CEPVR,1
PDEL,DA1,1
PDEL,DA2,1
PDEL,DA4,1
PDEL,DA7,1
PDEL,DB1,1
PDEL,DB3,1
PDEL,DB5,1
PDEL,DB6,1
PDEL,DB7,1
PDEL,DD2,1
PDEL,DD3,1
PDEL,DD4,1
PDEL,DD5,1
PDEL,DD6,1
PDEL,DVA,1
PDEL,DVC,1
PDEL,FLPL,1
PDEL,I1R,1
PDEL,I3,1
PDEL,I4,1
PDEL,I6,1
PDEL,IL1L,1
PDEL,IL2DL,1
PDEL,IL2L,1
PDEL,IL2VL,1
PDEL,LUAL,1
PDEL,LUAR,1
PDEL,M1,1
PDEL,M2L,1
PDEL,M2R,1
PDEL,M3R,1
PDEL,M4,1
PDEL,M5,1
PDEL,MCL,1
PDEL,MCR,1
PDEL,NSML,1
PDEL,NSMR,1
PDEL,OLLL,1
PDEL,OLQDL,1
PDEL,PDA,1
PDEL,PHAL,1
PDEL,PHBR,1
PDEL,PHCR,1
PDEL,PLML,1
PDEL,PLMR,1
PDEL,PLNL,1
PDEL,PQR,1
PDEL,PVCL,1
PDEL,PVCR,1
PDEL,PVQL,1
PDEL,PVT,1
PDEL,RIAL,1
PDEL,RIAR,1
PDEL,RICL,1
PDEL,RICR,1
PDEL,RIML,1
PDEL,RIMR,1
PDEL,RIS,1
PDEL,RMDDR,1
PDEL,RMDL,1
PDEL,RMDR,1
PDEL,RMDVL,1
PDEL,RMED,1
PDEL,RMEL,1
PDEL,RMFR,1
PDEL,RMHL,1
PDEL,RMHR,1
PDEL,SIADL,1
PDEL,SIADR,1
PDEL,SIAVR,1
PDEL,SIBDL,1
PDEL,SIBDR,1
PDEL,SIBVL,1
PDEL,SMDDR,1
PDEL,SMDVR,1
PDEL,URYDL,1
PDEL,URYDR,1
PDEL,URYVR,1
PDEL,VA1,1
PDEL,VA10,1
PDEL,VA11,1
PDEL,VA12,1
PDEL,VA2,1
PDEL,VA3,1
PDEL,VA6,1
PDEL,VA8,1
PDEL,VA9,1
PDEL,VB1,1
PDEL,VB10,1
PDEL,VB2,1
PDEL,VB3,1
PDEL,VB4,1
PDEL,VB6,1
PDEL,VB7,1
PDEL,VB8,1
PDEL,VD1,1
PDEL,VD11,1
PDEL,VD12,1
PDEL,VD13,1
PDEL,VD2,1
PDEL,VD3,1
PDEL,VD4,1
PDEL,VD5,1
PDEL,VD6,1
PDEL,VD7,1
PDER,ADEL,1
PDER,ADER,1
PDER,ADLL,1
PDER,AFDR,1
PDER,AIAR,1
PDER,AIBL,1
PDER,AIML,1
PDER,AIMR,1
PDER,AIYL,1
PDER,AIYR,1
PDER,AIZL,1
PDER,AIZR,1
PDER,ALML,1
PDER,ALMR,1
PDER,ALNR,1
PDER,AS1,1
PDER,AS10,1
PDER,AS11,1
PDER,AS2,1
PDER,AS4,1
PDER,AS7,1
PDER,AS8,1
PDER,AS9,1
PDER,ASER,1
PDER,ASGL,1
PDER,ASHL,1
PDER,ASHR,1
PDER,ASKR,1
PDER,AUAL,1
PDER,AUAR,1
PDER,AVBL,1
PDER,AVFR,1
PDER,AVHR,1
PDER,AVJR,1
PDER,AVL,1
PDER,AWBL,1
PDER,AWBR,1
PDER,AWCL,1
PDER,BAGR,1
PDER,BDUR,1
PDER,CANL,1
PDER,CANR,1
PDER,CEPDL,1
PDER,CEPDR,1
PDER,CEPVR,1
PDER,DA1,1
PDER,DA2,1
PDER,DA4,1
PDER,DA5,1
PDER,DA6,1
PDER,DB1,1
PDER,DB3,1
PDER,DB5,1
PDER,DB6,1
PDER,DB7,1
PDER,DD2,1
PDER,DD3,1
PDER,DD6,1
PDER,DVA,1
PDER,DVC,1
PDER,FLPL,1
PDER,HSNL,1
PDER,HSNR,1
PDER,I1L,1
PDER,I2R,1
PDER,I3,1
PDER,I4,1
PDER,I6,1
PDER,IL1DL,1
PDER,IL1DR,1
PDER,IL2DL,1
PDER,IL2DR,1
PDER,IL2VL,1
PDER,LUAL,1
PDER,M1,1
PDER,M2L,1
PDER,M2R,1
PDER,M3L,1
PDER,M3R,1
PDER,M5,1
PDER,MCL,1
PDER,NSML,1
PDER,NSMR,1
PDER,OLQDL,1
PDER,OLQVR,1
PDER,PHCL,1
PDER,PHCR,1
PDER,PLMR,1
PDER,PLNR,1
PDER,PQR,1
PDER,PVCL,1
PDER,PVCR,1
PDER,PVDL,1
PDER,PVDR,1
PDER,PVQL,1
PDER,PVQR,1
PDER,PVT,1
PDER,RIAL,1
PDER,RIAR,1
PDER,RIBR,1
PDER,RICL,1
PDER,RID,1
PDER,RIMR,1
PDER,RIS,1
PDER,RMDDL,1
PDER,RMDDR,1
PDER,RMDVL,1
PDER,RMDVR,1
PDER,RMED,1
PDER,RMEL,1
PDER,RMER,1
PDER,RMFR,1
PDER,RMHL,1
PDER,RMHR,1
PDER,SIADL,1
PDER,SIAVL,1
PDER,SIBDR,1
PDER,SIBVR,1
PDER,SMDDL,1
PDER,URYDR,1
PDER,URYVR,1
PDER,VA1,1
PDER,VA11,1
PDER,VA2,1
PDER,VA3,1
PDER,VA4,1
PDER,VA5,1
PDER,VA6,1
PDER,VA8,1
PDER,VB10,1
PDER,VB2,1
PDER,VB3,1
PDER,VB4,1
PDER,VB5,1
PDER,VB6,1
PDER,VB8,1
PDER,VB9,1
PDER,VD10,1
PDER,VD11,1
PDER,VD12,1
PDER,VD13,1
PDER,VD2,1
PDER,VD3,1
PDER,VD4,1
PDER,VD7,1
PDER,VD8,1
PDER,VD9,1
RICL,AFDR,1
RICL,AIBR,1
RICL,AIMR,1
RICL,AIYL,1
RICL,AS1,1
RICL,AS4,1
RICL,AS8,1
RICL,ASHL,1
RICL,ASKL,1
RICL,AVM,1
RICL,AWBL,1
RICL,AWCR,1
RICL,DA7,1
RICL,DB1,1
RICL,HSNR,1
RICL,IL2VR,1
RICL,PDA,1
RICL,PLNR,1
RICL,RIBL,1
RICL,RIBR,1
RICL,RIMR,1
RICL,RMFR,1
RICL,RMHR,1
RICL,SIADL,1
RICL,SIAVL,1
RICL,URYDL,1
RICL,VD10,1
RICL,VD2,1
RICR,ADER,1
RICR,AIZL,1
RICR,AUAL,1
RICR,AVBL,1
RICR,AVJL,1
RICR,DA3,1
RICR,DB5,1
RICR,DD2,1
RICR,I1L,1
RICR,M2L,1
RICR,M3R,1
RICR,OLQDL,1
RICR,PHCL,1
RICR,PVQL,1
RICR,RIS,1
RICR,RMDDL,1
RICR,RMDDR,1
RICR,RMDVL,1
RICR,RMED,1
RICR,RMFR,1
RICR,SIADL,1
RICR,SIBVL,1
RICR,VA2,1
RICR,VD1,1
RICR,VD10,1
RICR,VD3,1
RICR,VD4,1
RICR,VD8,1
RIML,ADEL,1
RIML,ADER,1
RIML,AFDR,1
RIML,AIAL,1
RIML,AIML,1
RIML,AIMR,1
RIML,AIYL,1
RIML,AIYR,1
RIML,AIZL,1
RIML,AIZR,1
RIML,ALNL,1
RIML,ALNR,1
RIML,AS10,1
RIML,AS11,1
RIML,AS3,1
RIML,AS7,1
RIML,AS8,1
RIML,AS9,1
RIML,ASER,1
RIML,ASGL,1
RIML,ASHL,1
RIML,ASIL,1
RIML,ASKL,1
RIML,ASKR,1
RIML,AUAL,1
RIML,AUAR,1
RIML,AVBL,1
RIML,AVJL,1
RIML,AVL,1
RIML,AWBL,1
RIML,AWBR,1
RIML,DA2,1
RIML,DA4,1
RIML,DA5,1
RIML,DB1,1
RIML,DB4,1
RIML,DB5,1
RIML,DD1,1
RIML,DD2,1
RIML,DD3,1
RIML,DD4,1
RIML,DVC,1
RIML,FLPL,1
RIML,I1L,1
RIML,I1R,1
RIML,I2R,1
RIML,I3,1
RIML,I4,1
RIML,I6,1
RIML,IL1R,1
RIML,IL2DL,1
RIML,IL2DR,1
RIML,LUAR,1
RIML,M1,1
RIML,M2R,1
RIML,M3R,1
RIML,M4,1
RIML,MCL,1
RIML,MCR,1
RIML,NSML,1
RIML,NSMR,1
RIML,OLQVR,1
RIML,PHBR,1
RIML,PHCL,1
RIML,PHCR,1
RIML,PLNL,1
RIML,PQR,1
RIML,PVDL,1
RIML,PVQL,1
RIML,PVQR,1
RIML,PVT,1
RIML,RIAL,1
RIML,RIAR,1
RIML,RIBR,1
RIML,RICR,1
RIML,RID,1
RIML,RIMR,1
RIML,RIS,1
RIML,RMDVL,1
RIML,RMED,1
RIML,RMEV,1
RIML,RMFL,1
RIML,RMFR,1
RIML,RMHL,1
RIML,RMHR,1
RIML,SIAVR,1
RIML,SIBDL,1
RIML,SIBDR,1
RIML,SIBVL,1
RIML,SIBVR,1
RIML,SMDDL,1
RIML,SMDVR,1
RIML,URYDR,1
RIML,URYVL,1
RIML,VA1,1
RIML,VA3,1
RIML,VA4,1
RIML,VA5,1
RIML,VA6,1
RIML,VA8,1
RIML,VA9,1
RIML,VB1,1
RIML,VB10,1
RIML,VB2,1
RIML,VB3,1
RIML,VB7,1
RIML,VB8,1
RIML,VD10,1
RIML,VD13,1
RIML,VD2,1
RIML,VD3,1
RIML,VD4,1
RIML,VD7,1
RIML,VD9,1
RIMR,ADEL,1
RIMR,AFDR,1
RIMR,AIAL,1
RIMR,AIBR,1
RIMR,AIML,1
RIMR,AIMR,1
RIMR,AIYL,1
RIMR,ALMR,1
RIMR,AS10,1
RIMR,AS2,1
RIMR,AS5,1
RIMR,AS6,1
RIMR,AS9,1
RIMR,ASGR,1
RIMR,ASHL,1
RIMR,AVFL,1
RIMR,AVJL,1
RIMR,AVL,1
RIMR,AWBL,1
RIMR,AWCR,1
RIMR,BDUR,1
RIMR,CANL,1
RIMR,CEPDR,1
RIMR,CEPVL,1
RIMR,DA1,1
RIMR,DA2,1
RIMR,DA3,1
RIMR,DA6,1
RIMR,DA7,1
RIMR,DA8,1
RIMR,DB3,1
RIMR,DB4,1
RIMR,DB5,1
RIMR,DD1,1
RIMR,DD3,1
RIMR,DD4,1
RIMR,DD6,1
RIMR,DVA,1
RIMR,DVC,1
RIMR,FLPL,1
RIMR,FLPR,1
RIMR,HSNL,1
RIMR,HSNR,1
RIMR,I1L,1
RIMR,I1R,1
RIMR,I2R,1
RIMR,I3,1
RIMR,I4,1
RIMR,IL2DR,1
RIMR,IL2R,1
RIMR,IL2VL,1
RIMR,IL2VR,1
RIMR,LUAR,1
RIMR,M3L,1
RIMR,M3R,1
RIMR,M4,1
RIMR,M5,1
RIMR,MCL,1
RIMR,NSMR,1
RIMR,OLLR,1
RIMR,OLQVL,1
RIMR,PHCR,1
RIMR,PLML,1
RIMR,PLMR,1
RIMR,PLNR,1
RIMR,PQR,1
RIMR,PVCL,1
RIMR,PVDL,1
RIMR,PVT,1
RIMR,RIAL,1
RIMR,RIBL,1
RIMR,RICL,1
RIMR,RIML,1
RIMR,RIS,1
RIMR,RMDDR,1
RIMR,RMER,1
RIMR,RMEV,1
RIMR,RMFR,1
RIMR,RMHL,1
RIMR,RMHR,1
RIMR,SDQR,1
RIMR,SIADR,1
RIMR,SIAVL,1
RIMR,SIAVR,1
RIMR,SIBDR,1
RIMR,SIBVL,1
RIMR,SIBVR,1
RIMR,SMDDL,1
RIMR,SMDDR,1
RIMR,URYDL,1
RIMR,URYDR,1
RIMR,VA1,1
RIMR,VA10,1
RIMR,VA12,1
RIMR,VA3,1
RIMR,VA6,1
RIMR,VA7,1
RIMR,VA9,1
RIMR,VB1,1
RIMR,VB2,1
RIMR,VB3,1
RIMR,VB4,1
RIMR,VB6,1
RIMR,VB7,1
RIMR,VB8,1
RIMR,VB9,1
RIMR,VD10,1
RIMR,VD12,1
RIMR,VD3,1
RIMR,VD4,1
RIMR,VD5,1
RIMR,VD6,1
RIMR,VD7,1
RIMR,VD9,1
