ADAL,AIBL,1
ADAL,AIBR,1
ADAL,AVAR,1
ADAL,AVBL,1
ADAL,AVBR,1
ADAL,AVDL,1
ADAL,AVEL,1
ADAL,AVJR,1
ADAL,FLPR,1
ADAL,RICL,1
ADAL,RICR,1
ADAL,RIML,1
ADAL,RIPL,1
ADAL,SMDVR,1
ADAR,AIBL,1
ADAR,AIBR,1
ADAR,AVAL,1
ADAR,AVBL,1
ADAR,AVBR,1
ADAR,AVEL,1
ADAR,AVJL,1
ADAR,RICL,1
ADAR,RIMR,1
ADAR,RIPR,1
ADAR,RIVR,1
ADAR,SMDVL,1
ADEL,ADAL,1
ADEL,ADER,1
ADEL,AVAL,1
ADEL,AVAR,1
ADEL,AVEL,1
ADEL,AVL,1
ADEL,BDUL,1
ADEL,CEPDL,1
ADEL,FLPL,1
ADEL,IL1L,1
ADEL,IL2L,1
ADEL,OLLL,1
ADEL,RIAL,1
ADEL,RIFL,1
ADEL,RIGL,1
ADEL,RIGR,1
ADEL,RIH,1
ADEL,RIVL,1
ADEL,RIVR,1
ADEL,RMDL,1
ADEL,RMGL,1
ADEL,RMHL,1
ADEL,SIADR,1
ADEL,SIBDR,1
ADEL,SMBDR,1
ADEL,URBL,1
ADER,ADAR,1
ADER,ADEL,1
ADER,ALA,1
ADER,AVAL,1
ADER,AVAR,1
ADER,AVDR,1
ADER,AVER,1
ADER,AVJR,1
ADER,AVKL,1
ADER,AVKR,1
ADER,CEPDR,1
ADER,FLPL,1
ADER,FLPR,1
ADER,OLLR,1
ADER,PVR,1
ADER,RIGL,1
ADER,RIGR,1
ADER,RIH,1
ADER,RMDR,1
ADER,SAAVR,1
ADFL,ADAL,1
ADFL,AIZL,1
ADFL,AUAL,1
ADFL,OLQVL,1
ADFL,RIAL,1
ADFL,RIGL,1
ADFL,RIR,1
ADFL,SMBVL,1
ADFR,ADAR,1
ADFR,AIYR,1
ADFR,AIZR,1
ADFR,ASHR,1
ADFR,AUAR,1
ADFR,AWBR,1
ADFR,PVPR,1
ADFR,RIAR,1
ADFR,RIGR,1
ADFR,RIR,1
ADFR,SMBDR,1
ADFR,SMBVR,1
ADFR,URXR,1
ADLL,AIAL,1
ADLL,AIBL,1
ADLL,AIBR,1
ADLL,ALA,1
ADLL,ASER,1
ADLL,ASHL,1
ADLL,AVAL,1
ADLL,AVAR,1
ADLL,AVBL,1
ADLL,AVDL,1
ADLL,AVDR,1
ADLL,AVJL,1
ADLL,AVJR,1
ADLL,AWBL,1
ADLL,OLQVL,1
ADLL,RIPL,1
ADLR,AIAR,1
ADLR,AIBR,1
ADLR,ASER,1
ADLR,ASHR,1
ADLR,AVAR,1
ADLR,AVBL,1
ADLR,AVBR,1
ADLR,AVDL,1
ADLR,AVDR,1
ADLR,AVJR,1
ADLR,AWCR,1
ADLR,OLLR,1
ADLR,PVCL,1
ADLR,RICL,1
ADLR,RICR,1
AFDL,AINR,1
AFDL,AIYL,1
AFDR,AIYR,1
AFDR,ASER,1
AIAL,ADAL,1
AIAL,AIBL,1
AIAL,AIML,1
AIAL,AIZL,1
AIAL,ASER,1
AIAL,ASGL,1
AIAL,ASHL,1
AIAL,ASKL,1
AIAL,AWCR,1
AIAL,HSNL,1
AIAL,RIFL,1
AIAL,RMGL,1
AIAR,ADAR,1
AIAR,ADLR,1
AIAR,AIBR,1
AIAR,AIZR,1
AIAR,ASER,1
AIAR,ASGR,1
AIAR,AWAR,1
AIAR,AWCL,1
AIAR,AWCR,1
AIAR,RIFR,1
AIBL,AIYL,1
AIBL,ASER,1
AIBL,AVAL,1
AIBL,AVBL,1
AIBL,FLPL,1
AIBL,RIBR,1
AIBL,RIFL,1
AIBL,RIGR,1
AIBL,RIML,1
AIBL,RIMR,1
AIBL,SAADL,1
AIBL,SAADR,1
AIBL,SMDDR,1
AIBR,AVAR,1
AIBR,AVBR,1
AIBR,AVEL,1
AIBR,RIAL,1
AIBR,RIBL,1
AIBR,RIML,1
AIBR,RIMR,1
AIBR,SAADL,1
AIBR,SMDDL,1
AIBR,SMDVL,1
AIBR,VB1,1
AIML,AIAL,1
AIML,ALML,1
AIML,ASGL,1
AIML,ASKL,1
AIML,AVBR,1
AIML,AVDL,1
AIML,AVDR,1
AIML,AVER,1
AIML,AVFL,1
AIML,AVFR,1
AIML,AVHL,1
AIML,AVHR,1
AIML,AVJL,1
AIML,PVQL,1
AIML,RIFL,1
AIML,SMBVL,1
AIMR,AIAR,1
AIMR,ASGR,1
AIMR,ASJR,1
AIMR,ASKR,1
AIMR,AVDR,1
AIMR,AVFL,1
AIMR,AVFR,1
AIMR,HSNL,1
AIMR,HSNR,1
AIMR,OLQDR,1
AIMR,PVNR,1
AIMR,RIFR,1
AIMR,RMGR,1
AINL,AFDR,1
AINL,ASEL,1
AINL,ASGR,1
AINL,AUAR,1
AINL,BAGL,1
AINL,RIBL,1
AINL,RIBR,1
AINR,AFDL,1
AINR,AFDR,1
AINR,AIAL,1
AINR,AIBL,1
AINR,ASEL,1
AINR,ASER,1
AINR,AUAR,1
AINR,BAGR,1
AINR,RIBL,1
AINR,RID,1
AIYL,AIZL,1
AIYL,AWAL,1
AIYL,AWCL,1
AIYL,AWCR,1
AIYL,HSNR,1
AIYL,RIAL,1
AIYL,RIBL,1
AIYR,ADFR,1
AIYR,AIZR,1
AIYR,AWAR,1
AIYR,HSNL,1
AIYR,RIAR,1
AIYR,RIBR,1
AIZL,AIAL,1
AIZL,AIBL,1
AIZL,AIBR,1
AIZL,ASEL,1
AIZL,AVER,1
AIZL,DVA,1
AIZL,RIAL,1
AIZL,RIGL,1
AIZL,RIML,1
AIZL,SMBDL,1
AIZL,SMBVL,1
AIZL,VB2,1
AIZR,AIAR,1
AIZR,AIBL,1
AIZR,AIBR,1
AIZR,AVEL,1
AIZR,AVER,1
AIZR,DVA,1
AIZR,RIAR,1
AIZR,RIMR,1
AIZR,SMBDR,1
AIZR,SMBVR,1
AIZR,SMDDR,1
ALA,ADEL,1
ALA,AVAL,1
ALA,AVEL,1
ALA,AVER,1
ALA,RMDR,1
ALML,AVDR,1
ALML,AVEL,1
ALML,BDUL,1
ALML,CEPDL,1
ALML,CEPVL,1
ALML,PVCL,1
ALML,PVCR,1
ALML,RMDDR,1
ALML,RMGL,1
ALML,SDQL,1
ALMR,BDUR,1
ALMR,CEPDR,1
ALMR,CEPVR,1
ALMR,PVCR,1
ALMR,RMDDL,1
ALMR,SIADL,1
ALNL,SAAVL,1
ALNL,SMBDR,1
ALNL,SMDVL,1
ALNR,ADER,1
ALNR,RMHR,1
ALNR,SAAVR,1
ALNR,SMBDL,1
ALNR,SMDDR,1
ALNR,SMDVL,1
AQR,AVAL,1
AQR,AVAR,1
AQR,AVBL,1
AQR,AVBR,1
AQR,AVDL,1
AQR,AVDR,1
AQR,AVJL,1
AQR,BAGL,1
AQR,BAGR,1
AQR,PVCR,1
AQR,PVPL,1
AQR,RIAL,1
AQR,RIAR,1
AQR,URXL,1
AS1,DA1,1
AS1,VD1,1
AS11,PDA,1
AS11,PDB,1
AS11,VD13,1
AS2,DB1,1
AS2,DD1,1
AS2,VD2,1
AS3,DA3,1
AS3,DD1,1
AS3,VD2,1
AS3,VD3,1
AS4,AS5,1
AS4,VD4,1
AS5,DD2,1
AS5,VD5,1
AS6,VD6,1
AS9,AVAR,1
ASEL,ADFR,1
ASEL,AIAL,1
ASEL,AIBL,1
ASEL,AIBR,1
ASEL,AIYL,1
ASEL,AIYR,1
ASEL,AWCL,1
ASEL,AWCR,1
ASEL,RIAR,1
ASER,AFDL,1
ASER,AFDR,1
ASER,AIAL,1
ASER,AIAR,1
ASER,AIBL,1
ASER,AIBR,1
ASER,AIYL,1
ASER,AIYR,1
ASER,AWAR,1
ASER,AWCL,1
ASER,AWCR,1
ASGL,AIAL,1
ASGL,AIBL,1
ASGL,AINR,1
ASGL,ASKL,1
ASGR,AIAR,1
ASGR,AIBR,1
ASGR,AIYR,1
ASHL,ADAL,1
ASHL,ADFL,1
ASHL,AIAL,1
ASHL,AIBL,1
ASHL,ASKL,1
ASHL,AVAL,1
ASHL,AVBL,1
ASHL,AVDL,1
ASHL,AVDR,1
ASHL,RIAL,1
ASHL,RIML,1
ASHL,RIPL,1
ASHR,ADAR,1
ASHR,ADFR,1
ASHR,AIAR,1
ASHR,AIBR,1
ASHR,AVAR,1
ASHR,AVBR,1
ASHR,AVDL,1
ASHR,AVDR,1
ASHR,AVER,1
ASHR,HSNR,1
ASHR,PVPR,1
ASHR,RIAR,1
ASHR,RMGR,1
ASIL,AIBL,1
ASIL,AIYL,1
ASIL,AIZL,1
ASIL,ASER,1
ASIL,ASKL,1
ASIL,AWCL,1
ASIL,AWCR,1
ASIL,RIBL,1
ASIR,AIAL,1
ASIR,AIAR,1
ASIR,AIBR,1
ASIR,ASEL,1
ASIR,ASHR,1
ASIR,AWCL,1
ASIR,AWCR,1
ASJL,ASKL,1
ASJL,HSNL,1
ASJL,HSNR,1
ASJL,PVQL,1
ASJR,ASKR,1
ASJR,HSNR,1
ASJR,PVQR,1
ASKL,AIAL,1
ASKL,AIBL,1
ASKL,AIML,1
ASKR,AIAR,1
ASKR,AIMR,1
ASKR,AWAR,1
ASKR,CEPVR,1
ASKR,RIFR,1
AUAL,AVAL,1
AUAL,AVDR,1
AUAL,AVEL,1
AUAL,RIAL,1
AUAL,RIBL,1
AUAR,AIYR,1
AUAR,AVAR,1
AUAR,AVER,1
AUAR,RIAR,1
AUAR,RIBR,1
AUAR,URXR,1
AVAL,AS10,1
AVAL,AS11,1
AVAL,AS2,1
AVAL,AS3,1
AVAL,AS4,1
AVAL,AS5,1
AVAL,AS7,1
AVAL,AS8,1
AVAL,AS9,1
AVAL,AVAR,1
AVAL,AVBR,1
AVAL,AVDL,1
AVAL,AVHL,1
AVAL,DA1,1
AVAL,DA2,1
AVAL,DA3,1
AVAL,DA4,1
AVAL,DA5,1
AVAL,DA6,1
AVAL,DA7,1
AVAL,DA8,1
AVAL,DA9,1
AVAL,DB5,1
AVAL,DB6,1
AVAL,LUAL,1
AVAL,PVCL,1
AVAL,PVCR,1
AVAL,VA10,1
AVAL,VA11,1
AVAL,VA12,1
AVAL,VA2,1
AVAL,VA3,1
AVAL,VA4,1
AVAL,VA5,1
AVAL,VA6,1
AVAL,VA8,1
AVAL,VA9,1
AVAR,ADER,1
AVAR,AS1,1
AVAR,AS10,1
AVAR,AS11,1
AVAR,AS2,1
AVAR,AS3,1
AVAR,AS4,1
AVAR,AS5,1
AVAR,AS6,1
AVAR,AS7,1
AVAR,AS8,1
AVAR,AS9,1
AVAR,AVAL,1
AVAR,AVBL,1
AVAR,AVDL,1
AVAR,AVDR,1
AVAR,AVEL,1
AVAR,AVER,1
AVAR,DA1,1
AVAR,DA2,1
AVAR,DA3,1
AVAR,DA4,1
AVAR,DA5,1
AVAR,DA6,1
AVAR,DA7,1
AVAR,DA8,1
AVAR,DA9,1
AVAR,DB3,1
AVAR,DB5,1
AVAR,DB6,1
AVAR,LUAL,1
AVAR,LUAR,1
AVAR,PDEL,1
AVAR,PDER,1
AVAR,PVCL,1
AVAR,PVCR,1
AVAR,RIGL,1
AVAR,SABD,1
AVAR,SABVL,1
AVAR,VA10,1
AVAR,VA11,1
AVAR,VA2,1
AVAR,VA3,1
AVAR,VA4,1
AVAR,VA5,1
AVAR,VA6,1
AVAR,VA8,1
AVAR,VA9,1
AVAR,VD13,1
AVBL,AS10,1
AVBL,AS3,1
AVBL,AS4,1
AVBL,AS5,1
AVBL,AS6,1
AVBL,AS9,1
AVBL,AVAL,1
AVBL,AVAR,1
AVBL,AVBR,1
AVBL,AVDL,1
AVBL,AVDR,1
AVBL,AVEL,1
AVBL,AVER,1
AVBL,AVL,1
AVBL,PVNR,1
AVBL,VA10,1
AVBL,VA2,1
AVBL,VA7,1
AVBL,VB2,1
AVBL,VC3,1
AVBR,AS1,1
AVBR,AS10,1
AVBR,AS3,1
AVBR,AS4,1
AVBR,AS5,1
AVBR,AS6,1
AVBR,AS7,1
AVBR,AVAL,1
AVBR,AVAR,1
AVBR,AVBL,1
AVBR,DA5,1
AVBR,HSNR,1
AVBR,VA4,1
AVBR,VA9,1
AVBR,VD3,1
AVDL,AS1,1
AVDL,AS10,1
AVDL,AS11,1
AVDL,AS4,1
AVDL,AS5,1
AVDL,AVAL,1
AVDL,AVAR,1
AVDL,DA1,1
AVDL,DA2,1
AVDL,DA3,1
AVDL,DA4,1
AVDL,DA5,1
AVDL,DA8,1
AVDL,LUAL,1
AVDL,PVCL,1
AVDL,SABD,1
AVDL,SABVL,1
AVDL,SABVR,1
AVDL,VA5,1
AVDR,AS10,1
AVDR,AS5,1
AVDR,AVAL,1
AVDR,AVAR,1
AVDR,AVBL,1
AVDR,AVDL,1
AVDR,DA1,1
AVDR,DA2,1
AVDR,DA3,1
AVDR,DA4,1
AVDR,DA5,1
AVDR,DA8,1
AVDR,DA9,1
AVDR,DB4,1
AVDR,DVC,1
AVDR,LUAL,1
AVDR,PQR,1
AVDR,SABD,1
AVDR,SABVL,1
AVDR,SABVR,1
AVDR,VA11,1
AVDR,VA2,1
AVDR,VA3,1
AVDR,VA6,1
AVEL,AS1,1
AVEL,AVAL,1
AVEL,AVAR,1
AVEL,DA1,1
AVEL,DA2,1
AVEL,DA3,1
AVEL,DA4,1
AVEL,PVCR,1
AVEL,PVT,1
AVEL,SABD,1
AVEL,SABVL,1
AVEL,SABVR,1
AVEL,VA1,1
AVEL,VA3,1
AVEL,VD2,1
AVEL,VD3,1
AVER,AS1,1
AVER,AS2,1
AVER,AS3,1
AVER,AVAL,1
AVER,AVAR,1
AVER,AVDR,1
AVER,DA1,1
AVER,DA2,1
AVER,DA3,1
AVER,DB3,1
AVER,SABD,1
AVER,SABVL,1
AVER,SABVR,1
AVER,VA1,1
AVER,VA2,1
AVER,VA3,1
AVER,VA4,1
AVER,VA5,1
AVFL,AVBL,1
AVFL,AVBR,1
AVFL,AVFR,1
AVFL,AVG,1
AVFL,AVHL,1
AVFL,AVHR,1
AVFL,AVJL,1
AVFL,AVJR,1
AVFL,AVL,1
AVFL,HSNL,1
AVFL,PDER,1
AVFL,PVNL,1
AVFL,PVQL,1
AVFL,PVQR,1
AVFL,VB1,1
AVFR,ASJL,1
AVFR,ASKL,1
AVFR,AVBL,1
AVFR,AVBR,1
AVFR,AVFL,1
AVFR,AVHL,1
AVFR,AVHR,1
AVFR,AVJL,1
AVFR,AVJR,1
AVFR,HSNR,1
AVFR,PVQL,1
AVFR,VD11,1
AVG,AVAR,1
AVG,AVBL,1
AVG,AVBR,1
AVG,AVDR,1
AVG,AVEL,1
AVG,AVER,1
AVG,AVFL,1
AVG,AVJL,1
AVG,AVL,1
AVG,DA8,1
AVG,PHAL,1
AVG,PVCL,1
AVG,PVNR,1
AVG,PVPR,1
AVG,PVQR,1
AVG,PVT,1
AVG,VA11,1
AVHL,ADFR,1
AVHL,AVBL,1
AVHL,AVBR,1
AVHL,AVDL,1
AVHL,AVFL,1
AVHL,AVFR,1
AVHL,AVHR,1
AVHL,AVJL,1
AVHL,AWBR,1
AVHL,PVPR,1
AVHL,PVQL,1
AVHL,PVQR,1
AVHL,RIMR,1
AVHL,RIR,1
AVHL,SMBDR,1
AVHL,SMBVR,1
AVHL,VD1,1
AVHR,ADLL,1
AVHR,ADLR,1
AVHR,AQR,1
AVHR,AVBL,1
AVHR,AVBR,1
AVHR,AVDR,1
AVHR,AVFL,1
AVHR,AVFR,1
AVHR,AVHL,1
AVHR,AVJR,1
AVHR,PVNL,1
AVHR,PVPL,1
AVHR,RIGL,1
AVHR,RIR,1
AVHR,SMBDL,1
AVHR,SMBVL,1
AVJL,AVAR,1
AVJL,AVBL,1
AVJL,AVBR,1
AVJL,AVDL,1
AVJL,AVEL,1
AVJL,AVFR,1
AVJL,AVHL,1
AVJL,HSNR,1
AVJL,PLMR,1
AVJL,PVCL,1
AVJL,PVCR,1
AVJL,PVNR,1
AVJL,RIFR,1
AVJL,RIS,1
AVJR,AVAL,1
AVJR,AVAR,1
AVJR,AVBL,1
AVJR,AVBR,1
AVJR,AVDL,1
AVJR,AVDR,1
AVJR,AVER,1
AVJR,AVJL,1
AVJR,PVCL,1
AVJR,PVCR,1
AVJR,PVQR,1
AVJR,SABVL,1
AVKL,AVBL,1
AVKL,AVEL,1
AVKL,AVER,1
AVKL,AVM,1
AVKL,DVA,1
AVKL,PDEL,1
AVKL,PDER,1
AVKL,PVM,1
AVKL,RIML,1
AVKL,RIMR,1
AVKL,RMFR,1
AVKL,SAADR,1
AVKL,SIAVR,1
AVKL,SMDDR,1
AVKR,BDUL,1
AVKR,PVQL,1
AVKR,RIML,1
AVKR,RIMR,1
AVKR,RMDR,1
AVKR,RMFL,1
AVKR,SAADL,1
AVKR,SMBDL,1
AVKR,SMDDL,1
AVKR,SMDDR,1
AVL,AVEL,1
AVL,AVFR,1
AVL,DA2,1
AVL,DD1,1
AVL,DD6,1
AVL,HSNR,1
AVL,PVPR,1
AVL,PVWL,1
AVL,SABD,1
AVL,SABVL,1
AVL,SABVR,1
AVL,VD12,1
AVM,ADER,1
AVM,AVBL,1
AVM,AVBR,1
AVM,AVJR,1
AVM,BDUL,1
AVM,BDUR,1
AVM,DA1,1
AVM,PVCL,1
AVM,PVCR,1
AVM,PVNL,1
AVM,PVR,1
AVM,RID,1
AVM,SIBVL,1
AVM,VA1,1
AWAL,ADAL,1
AWAL,AFDL,1
AWAL,AIYL,1
AWAL,AIZL,1
AWAL,ASEL,1
AWAL,ASGL,1
AWAL,AWBL,1
AWAR,ADFR,1
AWAR,AFDR,1
AWAR,AIYR,1
AWAR,AIZR,1
AWAR,ASEL,1
AWAR,ASER,1
AWAR,AUAR,1
AWAR,AWBR,1
AWAR,RIFR,1
AWAR,RIGR,1
AWAR,RIR,1
AWBL,ADFL,1
AWBL,AIBR,1
AWBL,AIZL,1
AWBL,AVBL,1
AWBL,RIAL,1
AWBL,SMBDL,1
AWBR,ADFR,1
AWBR,AIZR,1
AWBR,ASGR,1
AWBR,ASHR,1
AWBR,AVBR,1
AWBR,RIAR,1
AWBR,RIR,1
AWBR,SMBVR,1
AWCL,AIAL,1
AWCL,AIAR,1
AWCL,AIBL,1
AWCL,AIBR,1
AWCL,AIYL,1
AWCL,ASEL,1
AWCL,AVAL,1
AWCL,AWCR,1
AWCL,RIAL,1
AWCR,AIAR,1
AWCR,AIBR,1
AWCR,AIYL,1
AWCR,AIYR,1
AWCR,ASEL,1
AWCR,ASGR,1
AWCR,AWCL,1
BAGL,AIBL,1
BAGL,AVAR,1
BAGL,AVEL,1
BAGL,AVER,1
BAGL,BAGR,1
BAGL,RIAR,1
BAGL,RIBL,1
BAGL,RIBR,1
BAGL,RIGL,1
BAGL,RIGR,1
BAGR,AIYL,1
BAGR,AVAL,1
BAGR,AVEL,1
BAGR,RIAL,1
BAGR,RIBL,1
BAGR,RIGL,1
BDUL,ADEL,1
BDUL,AVHL,1
BDUL,AVJR,1
BDUL,HSNL,1
BDUL,PVNL,1
BDUL,PVNR,1
BDUL,SAADL,1
BDUL,URADL,1
BDUR,ADER,1
BDUR,ALMR,1
BDUR,AVAL,1
BDUR,AVHL,1
BDUR,AVJL,1
BDUR,HSNR,1
BDUR,PVCL,1
BDUR,PVNL,1
BDUR,PVNR,1
BDUR,SDQL,1
BDUR,URADR,1
CEPDL,AVER,1
CEPDL,IL1DL,1
CEPDL,OLLL,1
CEPDL,OLQDL,1
CEPDL,RIBL,1
CEPDL,RICL,1
CEPDL,RICR,1
CEPDL,RIPL,1
CEPDL,RIS,1
CEPDL,RMDVL,1
CEPDL,RMGL,1
CEPDL,RMHR,1
CEPDL,SIADR,1
CEPDL,SMBDR,1
CEPDL,URADL,1
CEPDL,URBL,1
CEPDL,URYDL,1
CEPDR,AVEL,1
CEPDR,BDUR,1
CEPDR,IL1DR,1
CEPDR,IL1R,1
CEPDR,OLLR,1
CEPDR,OLQDR,1
CEPDR,RIBR,1
CEPDR,RICL,1
CEPDR,RICR,1
CEPDR,RIS,1
CEPDR,RMDDL,1
CEPDR,RMDVR,1
CEPDR,RMGR,1
CEPDR,RMHL,1
CEPDR,RMHR,1
CEPDR,SIADL,1
CEPDR,SMBDR,1
CEPDR,URADR,1
CEPDR,URBR,1
CEPDR,URYDR,1
CEPVL,ADLL,1
CEPVL,AVER,1
CEPVL,IL1VL,1
CEPVL,OLLL,1
CEPVL,OLQVL,1
CEPVL,RICL,1
CEPVL,RICR,1
CEPVL,RIPL,1
CEPVL,RMDDL,1
CEPVL,RMHL,1
CEPVL,SIAVL,1
CEPVL,URAVL,1
CEPVR,ASGR,1
CEPVR,AVEL,1
CEPVR,IL1VR,1
CEPVR,IL2VR,1
CEPVR,OLLR,1
CEPVR,OLQVR,1
CEPVR,RICL,1
CEPVR,RICR,1
CEPVR,RIPR,1
CEPVR,RIVL,1
CEPVR,RMDDR,1
CEPVR,RMHR,1
CEPVR,SIAVR,1
CEPVR,URAVR,1
DA1,DD1,1
DA1,VD1,1
DA1,VD2,1
DA2,DD1,1
DA2,VD1,1
DA2,VD2,1
DA2,VD3,1
DA3,AS4,1
DA3,DA4,1
DA3,DB3,1
DA3,DD2,1
DA3,VD3,1
DA3,VD4,1
DA4,DA3,1
DA4,DB3,1
DA4,DD2,1
DA4,VD4,1
DA4,VD5,1
DA5,DB4,1
DA5,VD5,1
DA5,VD6,1
DA6,VD4,1
DA6,VD5,1
DA6,VD6,1
DA9,DD6,1
DA9,VD13,1
DB1,AS1,1
DB1,AS2,1
DB1,AS3,1
DB1,DD1,1
DB1,VD1,1
DB1,VD2,1
DB1,VD3,1
DB2,DA3,1
DB2,DD2,1
DB2,VD3,1
DB2,VD4,1
DB2,VD5,1
DB3,AS4,1
DB3,AS5,1
DB3,DD2,1
DB3,DD3,1
DB3,VD4,1
DB3,VD5,1
DB3,VD6,1
DB4,DD3,1
DB4,VD6,1
DB7,VD13,1
DD1,DA2,1
DD1,VD2,1
DD2,DA3,1
DD2,VD3,1
DD2,VD4,1
DD5,VB8,1
DD5,VD9,1
DVA,AIZL,1
DVA,AQR,1
DVA,AUAL,1
DVA,AUAR,1
DVA,AVAL,1
DVA,AVAR,1
DVA,AVBL,1
DVA,AVEL,1
DVA,AVER,1
DVA,DB2,1
DVA,DB3,1
DVA,DB4,1
DVA,DB5,1
DVA,DB6,1
DVA,DB7,1
DVA,PDEL,1
DVA,PVCL,1
DVA,PVCR,1
DVA,PVR,1
DVA,RIAL,1
DVA,RIAR,1
DVA,RIMR,1
DVA,RIR,1
DVA,SAADR,1
DVA,SAAVL,1
DVA,SAAVR,1
DVA,SABD,1
DVA,SMBDL,1
DVA,SMBDR,1
DVA,SMBVL,1
DVA,SMBVR,1
DVA,VA12,1
DVA,VA2,1
DVA,VB1,1
DVA,VB11,1
DVB,AVL,1
DVB,DA8,1
DVB,DD6,1
DVB,DVC,1
DVB,PDA,1
DVB,PHCL,1
DVB,PVPL,1
DVC,AIBL,1
DVC,AIBR,1
DVC,AVAL,1
DVC,AVAR,1
DVC,AVBL,1
DVC,AVKL,1
DVC,AVKR,1
DVC,PVT,1
DVC,RIBL,1
DVC,RIBR,1
DVC,RIGL,1
DVC,RIGR,1
DVC,RMFL,1
DVC,RMFR,1
FLPL,ADEL,1
FLPL,ADER,1
FLPL,AIBL,1
FLPL,AIBR,1
FLPL,AVAL,1
FLPL,AVAR,1
FLPL,AVBL,1
FLPL,AVBR,1
FLPL,AVDL,1
FLPL,AVDR,1
FLPL,DVA,1
FLPL,FLPR,1
FLPR,ADER,1
FLPR,AIBR,1
FLPR,AVAL,1
FLPR,AVAR,1
FLPR,AVBL,1
FLPR,AVBR,1
FLPR,AVDL,1
FLPR,AVDR,1
FLPR,AVEL,1
FLPR,AVER,1
FLPR,AVJR,1
FLPR,DVA,1
FLPR,FLPL,1
FLPR,PVCL,1
FLPR,VB1,1
HSNL,AIAL,1
HSNL,AIZL,1
HSNL,AIZR,1
HSNL,ASHL,1
HSNL,ASHR,1
HSNL,ASJR,1
HSNL,ASKL,1
HSNL,AVDR,1
HSNL,AVFL,1
HSNL,AVJL,1
HSNL,AWBL,1
HSNL,AWBR,1
HSNL,HSNR,1
HSNL,RIFL,1
HSNL,RIML,1
HSNL,SABVL,1
HSNL,VC5,1
HSNR,AIBL,1
HSNR,AIBR,1
HSNR,AIZL,1
HSNR,AIZR,1
HSNR,AS5,1
HSNR,ASHL,1
HSNR,AVDR,1
HSNR,AVFL,1
HSNR,AVJL,1
HSNR,AVL,1
HSNR,AWBL,1
HSNR,BDUR,1
HSNR,DA5,1
HSNR,DA6,1
HSNR,HSNL,1
HSNR,PVNR,1
HSNR,PVQR,1
HSNR,RIFR,1
HSNR,RMGR,1
HSNR,SABD,1
HSNR,SABVR,1
HSNR,VA6,1
HSNR,VC2,1
HSNR,VC3,1
HSNR,VD4,1
I1L,I5,1
I1L,M1,1
I1L,M2L,1
I1L,M2R,1
I1L,M3L,1
I1L,M3R,1
I1L,MCL,1
I1L,MCR,1
I1L,NSML,1
I1L,NSMR,1
I1R,I5,1
I1R,M1,1
I1R,M2L,1
I1R,M2R,1
I1R,M3L,1
I1R,M3R,1
I1R,MCL,1
I1R,MCR,1
I1R,NSML,1
I1R,NSMR,1
I2L,I4,1
I2L,I6,1
I2L,M1,1
I2L,MCL,1
I2L,NSML,1
I2L,NSMR,1
I2R,I4,1
I2R,I6,1
I2R,M1,1
I2R,MCL,1
I2R,NSML,1
I2R,NSMR,1
I3,I1L,1
I3,I1R,1
I3,I6,1
I3,M1,1
I3,M2L,1
I3,M2R,1
I3,M3L,1
I3,M3R,1
I3,M4,1
I3,MCL,1
I3,MCR,1
I3,NSML,1
I3,NSMR,1
I4,M1,1
I4,M3L,1
I4,M3R,1
I4,NSML,1
I4,NSMR,1
I5,I4,1
I5,M1,1
I5,M3L,1
I5,M3R,1
I5,M4,1
I5,M5,1
I5,NSML,1
I5,NSMR,1
I6,M3L,1
I6,M3R,1
I6,M4,1
I6,NSML,1
I6,NSMR,1
IL1DL,PVR,1
IL1DL,RIH,1
IL1DL,RIPL,1
IL1DL,RMDDR,1
IL1DL,RMDVL,1
IL1DL,URYDL,1
IL1DR,RIPR,1
IL1DR,RMDVR,1
IL1L,AVER,1
IL1L,IL1DL,1
IL1L,RMDDL,1
IL1L,RMDL,1
IL1L,RMDR,1
IL1L,RMDVL,1
IL1L,RMDVR,1
IL1L,RMER,1
IL1R,AVEL,1
IL1R,AVER,1
IL1R,IL1DR,1
IL1R,RMDDL,1
IL1R,RMDDR,1
IL1R,RMDL,1
IL1R,RMDR,1
IL1R,RMDVL,1
IL1R,RMDVR,1
IL1R,RMEL,1
IL1R,RMHL,1
IL1R,URXR,1
IL1VL,IL1L,1
IL1VL,RIPL,1
IL1VL,RMDDL,1
IL1VL,URYVL,1
IL1VR,IL1R,1
IL1VR,IL2VR,1
IL1VR,RIPR,1
IL1VR,RMDDR,1
IL1VR,RMER,1
IL2DL,AUAL,1
IL2DL,IL1DL,1
IL2DL,OLQDL,1
IL2DL,RIBL,1
IL2DL,RIPL,1
IL2DL,RMEL,1
IL2DL,RMER,1
IL2DL,URADL,1
IL2DR,CEPDR,1
IL2DR,IL1DR,1
IL2DR,RICR,1
IL2DR,RIPR,1
IL2DR,RMED,1
IL2DR,RMEL,1
IL2DR,RMER,1
IL2DR,RMEV,1
IL2DR,URADR,1
IL2L,ADEL,1
IL2L,AVEL,1
IL2L,IL1L,1
IL2L,OLQDL,1
IL2L,OLQVL,1
IL2L,RICL,1
IL2L,RIH,1
IL2L,RMDL,1
IL2L,RMDR,1
IL2L,RMER,1
IL2L,RMEV,1
IL2L,URXL,1
IL2R,ADER,1
IL2R,IL1R,1
IL2R,OLLR,1
IL2R,OLQDR,1
IL2R,OLQVR,1
IL2R,RIH,1
IL2R,RMDL,1
IL2R,RMEL,1
IL2R,RMEV,1
IL2R,URBR,1
IL2VL,BAGR,1
IL2VL,IL1VL,1
IL2VL,IL2L,1
IL2VL,OLQVL,1
IL2VL,RIAL,1
IL2VL,RIH,1
IL2VL,RIPL,1
IL2VL,RMEL,1
IL2VL,RMER,1
IL2VL,RMEV,1
IL2VL,URAVL,1
IL2VR,IL1VR,1
IL2VR,OLQVR,1
IL2VR,RIAR,1
IL2VR,RIH,1
IL2VR,RIPR,1
IL2VR,RMEL,1
IL2VR,RMER,1
IL2VR,RMEV,1
IL2VR,URAVR,1
IL2VR,URXR,1
LUAL,AVAL,1
LUAL,AVAR,1
LUAL,AVDL,1
LUAL,AVDR,1
LUAL,AVJL,1
LUAL,PHBL,1
LUAL,PVNL,1
LUAL,PVWL,1
LUAR,AVAL,1
LUAR,AVAR,1
LUAR,AVDL,1
LUAR,AVDR,1
LUAR,AVJR,1
LUAR,PQR,1
LUAR,PVCR,1
LUAR,PVR,1
LUAR,PVWL,1
M1,I2L,1
M1,I2R,1
M1,I3,1
M1,I4,1
M1,I5,1
M1,M3L,1
M1,M3R,1
M1,M5,1
M1,MCL,1
M1,MCR,1
M4,M1,1
M5,I5,1
M5,M1,1
MI,I5,1
MI,M1,1
MI,M2L,1
MI,M2R,1
MI,M3L,1
MI,M3R,1
NSML,I6,1
NSML,M3L,1
NSML,M3R,1
NSML,M4,1
NSMR,I6,1
NSMR,M3L,1
NSMR,M3R,1
NSMR,M4,1
OLLL,AVER,1
OLLL,CEPDL,1
OLLL,CEPVL,1
OLLL,IL1VL,1
OLLL,RIBL,1
OLLL,RMDDL,1
OLLL,RMDL,1
OLLL,RMDVL,1
OLLL,RMEL,1
OLLL,SMDDL,1
OLLL,SMDDR,1
OLLL,SMDVR,1
OLLL,URYDL,1
OLLR,AVEL,1
OLLR,CEPDR,1
OLLR,CEPVR,1
OLLR,IL1DR,1
OLLR,IL1VR,1
OLLR,IL2R,1
OLLR,RIBR,1
OLLR,RMDDR,1
OLLR,RMDL,1
OLLR,RMDVR,1
OLLR,RMER,1
OLLR,SMDDR,1
OLLR,SMDVL,1
OLLR,SMDVR,1
OLQDL,RICR,1
OLQDL,RMDDR,1
OLQDL,SIBVL,1
OLQDR,RICL,1
OLQDR,RICR,1
OLQDR,RMDDL,1
OLQDR,RMHR,1
OLQDR,SIBVR,1
OLQVL,IL1VL,1
OLQVL,IL2VL,1
OLQVL,RICL,1
OLQVL,RIH,1
OLQVL,RIPL,1
OLQVL,RMDVR,1
OLQVL,SIBDL,1
OLQVR,IL1VR,1
OLQVR,RICR,1
OLQVR,RIH,1
OLQVR,RIPR,1
OLQVR,RMDVL,1
OLQVR,RMER,1
OLQVR,SIBDR,1
PDA,AS11,1
PDA,DA9,1
PDA,DD6,1
PDA,PVNR,1
PDA,VD13,1
PDB,VD13,1
PDEL,AVKL,1
PDEL,DVA,1
PDEL,PDER,1
PDEL,PVM,1
PDEL,PVR,1
PDEL,VA9,1
PDEL,VD11,1
PDER,AVKL,1
PDER,DVA,1
PDER,PVCL,1
PDER,PVCR,1
PHAL,AVDR,1
PHAL,AVFL,1
PHAL,AVG,1
PHAL,AVHL,1
PHAL,AVHR,1
PHAL,DVA,1
PHAL,PHAR,1
PHAL,PHBL,1
PHAL,PHBR,1
PHAL,PVQL,1
PHAR,AVG,1
PHAR,AVHR,1
PHAR,DA8,1
PHAR,DVA,1
PHAR,PHAL,1
PHAR,PHBL,1
PHAR,PHBR,1
PHAR,PVQL,1
PHBL,AVAL,1
PHBL,AVAR,1
PHBL,AVDL,1
PHBL,PHBR,1
PHBL,PVCL,1
PHBL,VA12,1
PHBR,AVAL,1
PHBR,AVAR,1
PHBR,AVDL,1
PHBR,AVDR,1
PHBR,AVFL,1
PHBR,DA8,1
PHBR,PHBL,1
PHBR,PVCL,1
PHBR,PVCR,1
PHBR,VA12,1
PHCL,AVAL,1
PHCL,DA9,1
PHCL,DVA,1
PHCL,LUAL,1
PHCL,PVCL,1
PHCL,VA12,1
PHCR,AVHR,1
PHCR,DA9,1
PHCR,DVA,1
PHCR,LUAR,1
PHCR,PHCL,1
PHCR,PVCR,1
PHCR,VA12,1
PLML,HSNL,1
PLMR,AS6,1
PLMR,AVAL,1
PLMR,AVAR,1
PLMR,AVDL,1
PLMR,AVDR,1
PLMR,DVA,1
PLMR,HSNR,1
PLMR,PDEL,1
PLMR,PDER,1
PLMR,PVCL,1
PLNL,SAADL,1
PLNL,SMBVL,1
PLNR,SAADR,1
PLNR,SMBVR,1
PQR,AVAL,1
PQR,AVAR,1
PQR,AVDL,1
PQR,AVDR,1
PQR,AVG,1
PQR,LUAR,1
PQR,PVNL,1
PVCL,AS1,1
PVCL,AVAL,1
PVCL,AVAR,1
PVCL,AVBL,1
PVCL,AVBR,1
PVCL,AVDL,1
PVCL,AVDR,1
PVCL,AVEL,1
PVCL,AVER,1
PVCL,AVJL,1
PVCL,AVJR,1
PVCL,DA2,1
PVCL,DA5,1
PVCL,DA6,1
PVCL,DB2,1
PVCL,DB3,1
PVCL,DB4,1
PVCL,DB5,1
PVCL,DB6,1
PVCL,DB7,1
PVCL,DVA,1
PVCL,PVCR,1
PVCL,RID,1
PVCL,RIS,1
PVCL,SIBVL,1
PVCL,VB10,1
PVCL,VB11,1
PVCL,VB3,1
PVCL,VB4,1
PVCL,VB5,1
PVCL,VB6,1
PVCL,VB8,1
PVCR,AQR,1
PVCR,AS2,1
PVCR,AVAL,1
PVCR,AVAR,1
PVCR,AVBL,1
PVCR,AVBR,1
PVCR,AVDL,1
PVCR,AVDR,1
PVCR,AVEL,1
PVCR,AVER,1
PVCR,AVL,1
PVCR,DA9,1
PVCR,DB2,1
PVCR,DB3,1
PVCR,DB4,1
PVCR,DB5,1
PVCR,DB6,1
PVCR,DB7,1
PVCR,FLPL,1
PVCR,LUAR,1
PVCR,PDEL,1
PVCR,PVCL,1
PVCR,PVDL,1
PVCR,PVR,1
PVCR,PVWR,1
PVCR,RID,1
PVCR,SIBVR,1
PVCR,VB10,1
PVCR,VB4,1
PVCR,VB6,1
PVCR,VB7,1
PVCR,VB8,1
PVDL,AVAL,1
PVDL,AVAR,1
PVDL,DD5,1
PVDL,PVCL,1
PVDL,PVCR,1
PVDL,VD10,1
PVDR,AVAL,1
PVDR,AVAR,1
PVDR,DVA,1
PVDR,PVCL,1
PVDR,PVCR,1
PVDR,PVDL,1
PVDR,VA9,1
PVM,AVKL,1
PVM,AVM,1
PVM,DVA,1
PVM,PDEL,1
PVM,PDER,1
PVM,PVCL,1
PVM,PVR,1
PVNL,AVAL,1
PVNL,AVBR,1
PVNL,AVDL,1
PVNL,AVDR,1
PVNL,AVEL,1
PVNL,AVFR,1
PVNL,AVG,1
PVNL,AVJL,1
PVNL,AVJR,1
PVNL,AVL,1
PVNL,BDUL,1
PVNL,BDUR,1
PVNL,DD1,1
PVNL,PQR,1
PVNL,PVCL,1
PVNL,PVNR,1
PVNL,PVT,1
PVNL,PVWL,1
PVNL,RIFL,1
PVNR,AVAL,1
PVNR,AVBL,1
PVNR,AVBR,1
PVNR,AVDR,1
PVNR,AVEL,1
PVNR,AVJL,1
PVNR,AVJR,1
PVNR,AVL,1
PVNR,BDUL,1
PVNR,BDUR,1
PVNR,DD3,1
PVNR,HSNR,1
PVNR,PQR,1
PVNR,PVCL,1
PVNR,PVNL,1
PVNR,PVT,1
PVNR,PVWL,1
PVNR,VC2,1
PVNR,VC3,1
PVNR,VD12,1
PVNR,VD6,1
PVNR,VD7,1
PVPL,ADAL,1
PVPL,AQR,1
PVPL,AVAL,1
PVPL,AVAR,1
PVPL,AVBL,1
PVPL,AVBR,1
PVPL,AVDR,1
PVPL,AVER,1
PVPL,AVHR,1
PVPL,PVCR,1
PVPL,RIGL,1
PVPR,ADFR,1
PVPR,AQR,1
PVPR,ASHR,1
PVPR,AVAL,1
PVPR,AVAR,1
PVPR,AVBL,1
PVPR,AVBR,1
PVPR,AVHL,1
PVPR,AVL,1
PVPR,DD2,1
PVPR,DVC,1
PVPR,PVCL,1
PVPR,PVCR,1
PVPR,PVQR,1
PVPR,RIAR,1
PVPR,RIGR,1
PVPR,RIMR,1
PVPR,RMGR,1
PVQL,AIAL,1
PVQL,ASJL,1
PVQL,ASKL,1
PVQL,HSNL,1
PVQL,RMGL,1
PVQR,AIAR,1
PVQR,ASER,1
PVQR,ASKR,1
PVQR,AVBL,1
PVQR,AVFR,1
PVQR,AVL,1
PVQR,AWAR,1
PVQR,DD1,1
PVQR,DVC,1
PVQR,HSNR,1
PVQR,PVT,1
PVQR,RIFR,1
PVQR,VD1,1
PVR,ADAL,1
PVR,AS6,1
PVR,AVBL,1
PVR,AVBR,1
PVR,AVJL,1
PVR,AVJR,1
PVR,AVKL,1
PVR,DA9,1
PVR,DB2,1
PVR,DB3,1
PVR,DVA,1
PVR,IL1DL,1
PVR,IL1DR,1
PVR,IL1VL,1
PVR,IL1VR,1
PVR,PDEL,1
PVR,PDER,1
PVR,PVCR,1
PVR,RIPL,1
PVR,RIPR,1
PVR,SABD,1
PVR,URADL,1
PVT,AIBL,1
PVT,AIBR,1
PVT,AVKL,1
PVT,AVKR,1
PVT,AVL,1
PVT,DVC,1
PVT,RIGL,1
PVT,RIGR,1
PVT,RIH,1
PVT,RMEV,1
PVT,RMFL,1
PVT,RMFR,1
PVT,SMBDR,1
PVWL,AVJL,1
PVWL,PVT,1
PVWL,PVWR,1
PVWL,VA12,1
PVWR,AVAR,1
PVWR,AVDR,1
PVWR,PVCR,1
PVWR,PVT,1
PVWR,VA12,1
RIAL,CEPVL,1
RIAL,RIAR,1
RIAL,RIVL,1
RIAL,RIVR,1
RIAL,RMDDL,1
RIAL,RMDDR,1
RIAL,RMDL,1
RIAL,RMDR,1
RIAL,RMDVL,1
RIAL,RMDVR,1
RIAL,SIADL,1
RIAL,SMDDL,1
RIAL,SMDDR,1
RIAL,SMDVL,1
RIAL,SMDVR,1
RIAR,CEPVR,1
RIAR,IL1R,1
RIAR,RIAL,1
RIAR,RIVL,1
RIAR,RMDDL,1
RIAR,RMDDR,1
RIAR,RMDL,1
RIAR,RMDR,1
RIAR,RMDVL,1
RIAR,RMDVR,1
RIAR,SAADR,1
RIAR,SIADL,1
RIAR,SIADR,1
RIAR,SIAVL,1
RIAR,SMDDL,1
RIAR,SMDDR,1
RIAR,SMDVL,1
RIAR,SMDVR,1
RIBL,AIBR,1
RIBL,AUAL,1
RIBL,AVAL,1
RIBL,AVBR,1
RIBL,AVDR,1
RIBL,AVEL,1
RIBL,AVER,1
RIBL,BAGR,1
RIBL,RIAL,1
RIBL,SMDVR,1
RIBR,AIBL,1
RIBR,AIZR,1
RIBR,AVAR,1
RIBR,AVEL,1
RIBR,AVER,1
RIBR,BAGL,1
RIBR,RIAR,1
RIBR,RIGR,1
RIBR,RIH,1
RIBR,SMDDL,1
RICL,ADAR,1
RICL,AVAL,1
RICL,AVAR,1
RICL,AVKR,1
RICL,RIML,1
RICL,RIMR,1
RICL,RIVR,1
RICL,RMFR,1
RICL,SMBDL,1
RICL,SMDDL,1
RICL,SMDDR,1
RICL,SMDVR,1
RICR,ADAR,1
RICR,AVAL,1
RICR,AVAR,1
RICR,SMBDR,1
RICR,SMDDL,1
RICR,SMDDR,1
RICR,SMDVL,1
RICR,SMDVR,1
RID,AS2,1
RID,DA6,1
RID,DD1,1
RID,DD2,1
RID,DD3,1
RID,VD13,1
RID,VD5,1
RIFL,ALML,1
RIFL,AVBL,1
RIFL,AVBR,1
RIFL,AVHR,1
RIFL,AVJR,1
RIFL,PVPL,1
RIFL,RIML,1
RIFR,ASHR,1
RIFR,AVBL,1
RIFR,AVBR,1
RIFR,AVFL,1
RIFR,AVHL,1
RIFR,AVJL,1
RIFR,AVJR,1
RIFR,HSNR,1
RIFR,PVCL,1
RIFR,PVCR,1
RIFR,PVPR,1
RIFR,RIMR,1
RIFR,RIPR,1
RIGL,AIZR,1
RIGL,ALNL,1
RIGL,AVEL,1
RIGL,AVER,1
RIGL,AVKR,1
RIGL,BAGR,1
RIGL,DVC,1
RIGL,RIBL,1
RIGL,RIR,1
RIGL,RMFL,1
RIGL,RMHR,1
RIGR,ALNR,1
RIGR,AVER,1
RIGR,AVKL,1
RIGR,AVKR,1
RIGR,RIBR,1
RIGR,RIR,1
RIGR,RMHL,1
RIH,ADFR,1
RIH,AIZL,1
RIH,AIZR,1
RIH,AUAR,1
RIH,BAGR,1
RIH,CEPDL,1
RIH,CEPDR,1
RIH,CEPVL,1
RIH,CEPVR,1
RIH,IL2L,1
RIH,IL2R,1
RIH,OLQDL,1
RIH,OLQDR,1
RIH,OLQVL,1
RIH,OLQVR,1
RIH,RIAL,1
RIH,RIAR,1
RIH,RIBL,1
RIH,RIBR,1
RIH,RIPL,1
RIH,RIPR,1
RIH,RMER,1
RIH,RMEV,1
RIH,URYVR,1
RIML,AVAL,1
RIML,AVBL,1
RIML,AVBR,1
RIML,RIBL,1
RIML,RMDL,1
RIML,RMDR,1
RIML,RMFR,1
RIML,SAADR,1
RIML,SAAVL,1
RIML,SAAVR,1
RIML,SMDDR,1
RIML,SMDVL,1
RIMR,ADAR,1
RIMR,AIBL,1
RIMR,AVAL,1
RIMR,AVBL,1
RIMR,AVBR,1
RIMR,AVJL,1
RIMR,AVKL,1
RIMR,RIBR,1
RIMR,RIS,1
RIMR,RMDL,1
RIMR,RMDR,1
RIMR,RMFL,1
RIMR,RMFR,1
RIMR,SAAVL,1
RIMR,SAAVR,1
RIMR,SMDDL,1
RIMR,SMDDR,1
RIPL,OLQDL,1
RIPL,OLQDR,1
RIPR,OLQDL,1
RIPR,OLQDR,1
RIR,AFDR,1
RIR,AIZL,1
RIR,AIZR,1
RIR,AUAL,1
RIR,AWBR,1
RIR,BAGR,1
RIR,DVA,1
RIR,HSNL,1
RIR,PVPL,1
RIR,RIAL,1
RIR,RIAR,1
RIR,RIGL,1
RIR,URXL,1
RIR,URXR,1
RIS,AVEL,1
RIS,AVER,1
RIS,AVKL,1
RIS,AVKR,1
RIS,AVL,1
RIS,CEPDR,1
RIS,CEPVL,1
RIS,CEPVR,1
RIS,OLLR,1
RIS,RIBL,1
RIS,RIBR,1
RIS,RIML,1
RIS,RIMR,1
RIS,RMDDL,1
RIS,RMDL,1
RIS,RMDR,1
RIS,SMDDR,1
RIS,SMDVR,1
RIS,URYVR,1
RIVL,RIAL,1
RIVL,RIAR,1
RIVL,RMDL,1
RIVL,SAADR,1
RIVL,SIAVR,1
RIVL,SMDDR,1
RIVR,RIAL,1
RIVR,RIAR,1
RIVR,RMDDL,1
RIVR,RMDR,1
RIVR,RMDVR,1
RIVR,RMEV,1
RIVR,SAADL,1
RIVR,SIAVL,1
RIVR,SMDDL,1
RIVR,SMDVR,1
RMDDL,RMDVR,1
RMDDR,RMDVL,1
RMDDR,URYDL,1
RMDL,OLLR,1
RMDL,RIAL,1
RMDL,RIAR,1
RMDL,RMDDR,1
RMDL,RMDR,1
RMDL,RMER,1
RMDL,RMFL,1
RMDR,AVKL,1
RMDR,RIAL,1
RMDR,RIAR,1
RMDR,RIMR,1
RMDR,RIS,1
RMDR,RMDDL,1
RMDR,RMDL,1
RMDVL,RMDDR,1
RMDVR,RMDDL,1
RMDVR,SIBDR,1
RMDVR,SIBVR,1
RMED,RIBL,1
RMED,RIBR,1
RMEV,SMDDR,1
RMFL,AVKL,1
RMFL,AVKR,1
RMFL,PVT,1
RMFL,RIGR,1
RMFL,RMDR,1
RMFL,RMGR,1
RMFR,AVKL,1
RMFR,AVKR,1
RMFR,RMDL,1
RMGL,ADAL,1
RMGL,AIBR,1
RMGL,ALML,1
RMGL,ALNL,1
RMGL,ASHL,1
RMGL,AVAL,1
RMGL,AVBR,1
RMGL,AVEL,1
RMGL,CEPDL,1
RMGL,RID,1
RMGL,RMDL,1
RMGL,RMDR,1
RMGL,RMDVL,1
RMGL,RMHR,1
RMGL,SIAVL,1
RMGL,SIBVL,1
RMGL,SIBVR,1
RMGL,SMBVL,1
RMGL,URXL,1
RMGR,ADAR,1
RMGR,AIMR,1
RMGR,ALNR,1
RMGR,ASHR,1
RMGR,AVAR,1
RMGR,AVBR,1
RMGR,AVDL,1
RMGR,AVER,1
RMGR,AVJL,1
RMGR,RIR,1
RMGR,RMDL,1
RMGR,RMDR,1
RMGR,RMDVR,1
RMGR,URXR,1
RMHL,RMDR,1
RMHR,RMER,1
RMHR,RMGL,1
SAADL,AIBL,1
SAADL,AVAL,1
SAADL,RIML,1
SAADL,RIMR,1
SAADL,RMGR,1
SAADR,AIBR,1
SAADR,AVAR,1
SAADR,OLLL,1
SAADR,RIML,1
SAADR,RIMR,1
SAADR,RMFL,1
SAADR,RMGL,1
SAAVL,AIBL,1
SAAVL,ALNL,1
SAAVL,AVAL,1
SAAVL,OLLR,1
SAAVL,RIML,1
SAAVL,RIMR,1
SAAVL,RMFR,1
SAAVL,SMDDR,1
SAAVR,AVAR,1
SAAVR,RIML,1
SAAVR,RIMR,1
SAAVR,SMDDL,1
SABD,VA2,1
SDQL,AIBR,1
SDQL,ALML,1
SDQL,AVAL,1
SDQL,AVAR,1
SDQL,AVEL,1
SDQL,FLPL,1
SDQL,RICR,1
SDQL,RIS,1
SDQL,RMFL,1
SDQR,ADLL,1
SDQR,AIBL,1
SDQR,AVAL,1
SDQR,AVBL,1
SDQR,AVBR,1
SDQR,DVA,1
SDQR,RICR,1
SDQR,RMHL,1
SDQR,RMHR,1
SMBDL,AVAR,1
SMBDL,RMED,1
SMBDL,SAAVR,1
SMBDR,AVAL,1
SMBDR,RMED,1
SMBDR,SAAVL,1
SMBVL,PLNL,1
SMBVL,RMEV,1
SMBVL,SAADL,1
SMBVR,RMEV,1
SMBVR,SAADR,1
SMDDL,RIAL,1
SMDDL,RIAR,1
SMDDL,SMDVR,1
SMDDR,RIAL,1
SMDDR,RIAR,1
SMDVL,PVR,1
SMDVL,RIAL,1
SMDVL,RIAR,1
SMDVL,RIVL,1
SMDVL,RMDDR,1
SMDVL,SMDDR,1
SMDVR,RIAL,1
SMDVR,RIAR,1
SMDVR,RIVR,1
SMDVR,RMDDL,1
SMDVR,SMDDL,1
URADL,IL1DL,1
URADL,RIPL,1
URADL,RMEL,1
URADR,IL1DR,1
URADR,RIPR,1
URADR,RMDVR,1
URADR,RMED,1
URADR,RMER,1
URADR,URYDR,1
URAVL,RIPL,1
URAVL,RMEL,1
URAVL,RMER,1
URAVL,RMEV,1
URAVR,IL1R,1
URAVR,RIPR,1
URAVR,RMDVL,1
URAVR,RMER,1
URAVR,RMEV,1
URBL,AVBL,1
URBL,CEPDL,1
URBL,IL1L,1
URBL,RICR,1
URBL,RMDDR,1
URBL,SIAVL,1
URBL,SMBDR,1
URBL,URXL,1
URBR,ADAR,1
URBR,AVBR,1
URBR,CEPDR,1
URBR,IL1R,1
URBR,IL2R,1
URBR,RICR,1
URBR,RMDL,1
URBR,RMDR,1
URBR,SIAVR,1
URBR,SMBDL,1
URBR,URXR,1
URXL,ASHL,1
URXL,AUAL,1
URXL,AVBL,1
URXL,AVEL,1
URXL,AVJR,1
URXL,RIAL,1
URXL,RICL,1
URXL,RIGL,1
URXL,RMGL,1
URXR,AUAR,1
URXR,AVBL,1
URXR,AVBR,1
URXR,AVER,1
URXR,OLQVR,1
URXR,RIAR,1
URXR,RIGR,1
URXR,RIPR,1
URXR,RMDR,1
URXR,RMGR,1
URXR,SIAVR,1
URYDL,AVER,1
URYDL,RIBL,1
URYDL,RMDDR,1
URYDL,RMDVL,1
URYDL,SMDDL,1
URYDL,SMDDR,1
URYDR,AVEL,1
URYDR,AVER,1
URYDR,RIBR,1
URYDR,RMDDL,1
URYDR,RMDVR,1
URYDR,SMDDL,1
URYVL,AVBR,1
URYVL,AVER,1
URYVL,IL1VL,1
URYVL,RIAL,1
URYVL,RIBL,1
URYVL,RIH,1
URYVL,RIS,1
URYVL,RMDDL,1
URYVL,RMDVR,1
URYVL,SIBVR,1
URYVL,SMDVR,1
URYVR,AVAL,1
URYVR,AVEL,1
URYVR,IL1VR,1
URYVR,RIAR,1
URYVR,RIBR,1
URYVR,RMDDR,1
URYVR,RMDVL,1
URYVR,SIBDR,1
URYVR,SIBVL,1
URYVR,SMDVL,1
VA1,DD1,1
VA1,VD1,1
VA11,DD6,1
VA11,PVNR,1
VA11,VB10,1
VA11,VD12,1
VA12,AS11,1
VA12,DA8,1
VA12,DA9,1
VA12,DB7,1
VA12,DD6,1
VA12,LUAL,1
VA12,PVCL,1
VA12,PVCR,1
VA12,VA11,1
VA12,VD12,1
VA12,VD13,1
VA2,AVAL,1
VA2,DD1,1
VA2,VA3,1
VA2,VB1,1
VA2,VD1,1
VA2,VD2,1
VA3,DD1,1
VA3,DD2,1
VA3,VA4,1
VA3,VD2,1
VA3,VD3,1
VA4,AVDL,1
VA4,DD2,1
VA4,VB3,1
VA4,VD4,1
VA5,DD2,1
VA5,DD3,1
VA5,VD5,1
VA6,DD3,1
VA6,VB5,1
VA6,VD5,1
VA6,VD6,1
VA7,DD3,1
VA7,DD4,1
VA7,VD7,1
VA8,DD4,1
VA8,VA9,1
VA8,VB6,1
VA8,VB8,1
VA8,VD7,1
VA8,VD8,1
VA9,DD4,1
VA9,DD5,1
VA9,PVT,1
VA9,VB8,1
VA9,VD9,1
VB1,AIBR,1
VB1,DD1,1
VB1,DVA,1
VB1,RIML,1
VB1,RMFL,1
VB1,SAADL,1
VB1,SAADR,1
VB1,SABD,1
VB1,VA1,1
VB1,VA3,1
VB1,VD1,1
VB1,VD2,1
VB10,DD6,1
VB10,PVT,1
VB10,VD11,1
VB10,VD12,1
VB11,DD6,1
VB11,PVCR,1
VB11,VA12,1
VB2,DD1,1
VB2,DD2,1
VB2,VA2,1
VB2,VC2,1
VB2,VD2,1
VB2,VD3,1
VB3,DD2,1
VB3,VA4,1
VB4,DD2,1
VB4,DD3,1
VB5,DD3,1
VB5,VD6,1
VB6,DD4,1
VB6,VA8,1
VB6,VB7,1
VB6,VD6,1
VB6,VD7,1
VB7,DD4,1
VB8,DD5,1
VB8,VA9,1
VB8,VB9,1
VB8,VD10,1
VB8,VD9,1
VB9,DD5,1
VB9,VB8,1
VB9,VD10,1
VC1,AVL,1
VC1,DD1,1
VC1,DD2,1
VC1,DD3,1
VC1,DVC,1
VC1,PVT,1
VC1,VC2,1
VC1,VC3,1
VC1,VD1,1
VC1,VD2,1
VC1,VD3,1
VC1,VD4,1
VC1,VD5,1
VC1,VD6,1
VC2,DB4,1
VC2,DD1,1
VC2,DD2,1
VC2,DD3,1
VC2,DVC,1
VC2,PVCR,1
VC2,PVQR,1
VC2,PVT,1
VC2,VC1,1
VC2,VC3,1
VC2,VD1,1
VC2,VD2,1
VC2,VD4,1
VC2,VD5,1
VC2,VD6,1
VC3,AVL,1
VC3,DD1,1
VC3,DD2,1
VC3,DD3,1
VC3,DD4,1
VC3,DVC,1
VC3,HSNR,1
VC3,PVNR,1
VC3,PVPR,1
VC3,PVQR,1
VC3,VC1,1
VC3,VC2,1
VC3,VD1,1
VC3,VD2,1
VC3,VD3,1
VC3,VD4,1
VC3,VD5,1
VC3,VD6,1
VC3,VD7,1
VC4,AVBL,1
VC4,AVHR,1
VC4,VC1,1
VC4,VC3,1
VC4,VC5,1
VC5,AVFL,1
VC5,AVFR,1
VC5,DVC,1
VC5,HSNL,1
VC5,OLLR,1
VC5,PVT,1
VC5,URBL,1
VC5,VC3,1
VC5,VC4,1
VD1,DD1,1
VD1,VA1,1
VD10,DD5,1
VD10,VB9,1
VD11,AVAR,1
VD11,VA11,1
VD11,VB10,1
VD12,VA11,1
VD12,VA12,1
VD12,VB10,1
VD12,VB11,1
VD13,AVAR,1
VD13,PVCL,1
VD13,PVCR,1
VD13,VA12,1
VD2,DD1,1
VD2,VA2,1
VD2,VB2,1
VD3,VA3,1
VD3,VB2,1
VD5,AVAR,1
VD5,VA5,1
VD5,VB4,1
VD6,AVAL,1
VD6,VA6,1
VD6,VB5,1
VD8,DD4,1
VD8,VA8,1
