ADAL,ADEL
ADAL,ADER
ADAL,AIBL
ADAL,AIBR
ADAL,ALMR
ADAL,ASHR
ADAL,AUAL
ADAL,AVAL
ADAL,AVBL
ADAL,AVDL
ADAL,CEPDL
ADAL,CEPVR
ADAL,DA3
ADAL,DA9
ADAL,DB3
ADAL,DD5
ADAL,DVA
ADAL,HSNL
ADAL,M5
ADAL,NSML
ADAL,NSMR
ADAL,PVCL
ADAL,PVNR
ADAL,PVPL
ADAL,RIBR
ADAL,RICR
ADAL,RIML
ADAL,RMDVL
ADAL,SAADR
ADAL,SIAVL
ADAL,VA4
ADAL,VA7
ADAL,VB3
ADAL,VD2
ADAL,VD4
ADAR,ADEL
ADAR,ADER
ADAR,AS4
ADAR,AS9
ADAR,ASHL
ADAR,AVAR
ADAR,AVG
ADAR,AVHR
ADAR,AVM
ADAR,CEPDL
ADAR,CEPVL
ADAR,DA6
ADAR,DA7
ADAR,DB1
ADAR,DB5
ADAR,HSNL
ADAR,NSML
ADAR,NSMR
ADAR,OLQDR
ADAR,PHAL
ADAR,PVPR
ADAR,PVT
ADAR,RIML
ADAR,RMDVR
ADAR,RMED
ADAR,RMGL
ADAR,SAAVR
ADAR,SDQR
ADAR,VB7
ADAR,VC2
ADAR,VD10
ADAR,VD7
ADEL,ADER
ADEL,ADFL
ADEL,ADFR
ADEL,ADLL
ADEL,ADLR
ADEL,AIAL
ADEL,AIAR
ADEL,AIBL
ADEL,AIBR
ADEL,AIML
ADEL,AIMR
ADEL,AINR
ADEL,AIYL
ADEL,AIYR
ADEL,ALA
ADEL,ALML
ADEL,ALNR
ADEL,AQR
ADEL,AS1
ADEL,AS10
ADEL,AS11
ADEL,AS2
ADEL,ASGR
ADEL,ASHL
ADEL,ASHR
ADEL,ASIL
ADEL,ASKR
ADEL,AUAR
ADEL,AVAL
ADEL,AVAR
ADEL,AVBL
ADEL,AVBR
ADEL,AVDL
ADEL,AVDR
ADEL,AVEL
ADEL,AVER
ADEL,AVFR
ADEL,AVG
ADEL,AVHL
ADEL,AVJL
ADEL,AVJR
ADEL,AVKL
ADEL,AVL
ADEL,AWAR
ADEL,AWBL
ADEL,AWCR
ADEL,BAGL
ADEL,BDUR
ADEL,CANL
ADEL,CEPDL
ADEL,CEPDR
ADEL,CEPVL
ADEL,CEPVR
ADEL,DA2
ADEL,DA3
ADEL,DA5
ADEL,DA7
ADEL,DA8
ADEL,DA9
ADEL,DB5
ADEL,DD1
ADEL,DD4
ADEL,DD6
ADEL,DVA
ADEL,DVB
ADEL,DVC
ADEL,FLPL
ADEL,FLPR
ADEL,HSNL
ADEL,HSNR
ADEL,I1L
ADEL,I6
ADEL,IL1DR
ADEL,IL1R
ADEL,IL2DL
ADEL,IL2DR
ADEL,IL2L
ADEL,IL2R
ADEL,LUAR
ADEL,M2L
ADEL,M2R
ADEL,MI
ADEL,NSML
ADEL,OLLR
ADEL,OLQDL
ADEL,OLQDR
ADEL,OLQVR
ADEL,PDB
ADEL,PDEL
ADEL,PDER
ADEL,PHBL
ADEL,PHCR
ADEL,PLNL
ADEL,PQR
ADEL,PVCL
ADEL,PVDR
ADEL,PVNL
ADEL,PVPR
ADEL,PVR
ADEL,PVT
ADEL,PVWL
ADEL,RIAL
ADEL,RIAR
ADEL,RIBR
ADEL,RICR
ADEL,RIFL
ADEL,RIFR
ADEL,RIGR
ADEL,RIH
ADEL,RIML
ADEL,RIMR
ADEL,RIR
ADEL,RIS
ADEL,RMDDL
ADEL,RMDDR
ADEL,RMDL
ADEL,RMDR
ADEL,RMDVL
ADEL,RMDVR
ADEL,RMED
ADEL,RMER
ADEL,RMEV
ADEL,RMFL
ADEL,RMFR
ADEL,RMGL
ADEL,RMGR
ADEL,RMHL
ADEL,RMHR
ADEL,SAADR
ADEL,SAAVL
ADEL,SAAVR
ADEL,SDQL
ADEL,SDQR
ADEL,SIADR
ADEL,SIAVL
ADEL,SIBDL
ADEL,SIBDR
ADEL,SIBVL
ADEL,SIBVR
ADEL,SMBDL
ADEL,SMBDR
ADEL,SMDDR
ADEL,SMDVL
ADEL,SMDVR
ADEL,URAVL
ADEL,URBR
ADEL,URXL
ADEL,URXR
ADEL,URYDL
ADEL,URYDR
ADEL,VA1
ADEL,VA11
ADEL,VA12
ADEL,VA4
ADEL,VA6
ADEL,VA9
ADEL,VB1
ADEL,VB10
ADEL,VB11
ADEL,VB6
ADEL,VB7
ADEL,VB8
ADEL,VB9
ADEL,VC1
ADEL,VC2
ADEL,VD10
ADEL,VD12
ADEL,VD13
ADEL,VD4
ADEL,VD5
ADEL,VD7
ADER,ADER
ADER,ADFL
ADER,ADFR
ADER,ADLR
ADER,AFDL
ADER,AFDR
ADER,AIAL
ADER,AIAR
ADER,AIBL
ADER,AIMR
ADER,AINL
ADER,AINR
ADER,AIZR
ADER,ALA
ADER,ALMR
ADER,ALNL
ADER,AS11
ADER,AS3
ADER,AS5
ADER,AS8
ADER,AS9
ADER,ASEL
ADER,ASER
ADER,ASGR
ADER,ASHL
ADER,ASHR
ADER,AUAR
ADER,AVAL
ADER,AVAR
ADER,AVBL
ADER,AVBR
ADER,AVDL
ADER,AVDR
ADER,AVEL
ADER,AVER
ADER,AVFL
ADER,AVFR
ADER,AVG
ADER,AVHL
ADER,AVHR
ADER,AVJL
ADER,AVJR
ADER,AVKL
ADER,AWBL
ADER,AWBR
ADER,AWCL
ADER,BDUL
ADER,BDUR
ADER,CANL
ADER,CANR
ADER,CEPDL
ADER,CEPDR
ADER,CEPVL
ADER,CEPVR
ADER,DA1
ADER,DA2
ADER,DA6
ADER,DA7
ADER,DB1
ADER,DB4
ADER,DB5
ADER,DB6
ADER,DD1
ADER,DD2
ADER,DD3
ADER,DD4
ADER,DD5
ADER,DVA
ADER,DVB
ADER,DVC
ADER,FLPR
ADER,HSNL
ADER,I2L
ADER,I6
ADER,IL1DL
ADER,IL1DR
ADER,IL2DL
ADER,M4
ADER,MCL
ADER,NSML
ADER,NSMR
ADER,OLLR
ADER,OLQDL
ADER,OLQVR
ADER,PDA
ADER,PDEL
ADER,PHAR
ADER,PLML
ADER,PLNL
ADER,PLNR
ADER,PVCL
ADER,PVCR
ADER,PVDL
ADER,PVDR
ADER,PVNR
ADER,PVPL
ADER,PVQL
ADER,PVQR
ADER,PVR
ADER,PVT
ADER,PVWR
ADER,RIAL
ADER,RIAR
ADER,RICR
ADER,RID
ADER,RIGL
ADER,RIMR
ADER,RIPL
ADER,RIPR
ADER,RIR
ADER,RIS
ADER,RIVL
ADER,RIVR
ADER,RMDDR
ADER,RMDL
ADER,RMDR
ADER,RMDVR
ADER,RMED
ADER,RMEL
ADER,RMEV
ADER,RMFL
ADER,RMFR
ADER,SAADL
ADER,SAAVL
ADER,SAAVR
ADER,SABD
ADER,SDQR
ADER,SIADR
ADER,SIAVR
ADER,SIBVL
ADER,SIBVR
ADER,SMBDL
ADER,SMBDR
ADER,SMBVL
ADER,SMDDR
ADER,SMDVR
ADER,URAVR
ADER,URBL
ADER,URYDL
ADER,URYVL
ADER,VA2
ADER,VA4
ADER,VA6
ADER,VA7
ADER,VA9
ADER,VB10
ADER,VB11
ADER,VB2
ADER,VB3
ADER,VB4
ADER,VB5
ADER,VC3
ADER,VC4
ADER,VC5
ADER,VD10
ADER,VD11
ADER,VD12
ADER,VD13
ADER,VD3
ADER,VD4
ADER,VD5
ADER,VD6
ADER,VD7
ADER,VD8
ADFL,ADFR
ADFL,ADLL
ADFL,AIAR
ADFL,AIBL
ADFL,AIML
ADFL,AIYL
ADFL,AIZL
ADFL,AIZR
ADFL,AQR
ADFL,ASEL
ADFL,ASGL
ADFL,ASGR
ADFL,ASHL
ADFL,ASKR
ADFL,AVAL
ADFL,AVAR
ADFL,AVDL
ADFL,AVDR
ADFL,AVER
ADFL,AVFR
ADFL,AVG
ADFL,AVHL
ADFL,AVHR
ADFL,AVJR
ADFL,AVL
ADFL,AWAR
ADFL,AWBL
ADFL,AWCR
ADFL,BAGR
ADFL,BDUL
ADFL,CEPDL
ADFL,CEPDR
ADFL,CEPVL
ADFL,CEPVR
ADFL,DA7
ADFL,DB4
ADFL,DB5
ADFL,DD6
ADFL,DVA
ADFL,DVB
ADFL,HSNL
ADFL,HSNR
ADFL,I1L
ADFL,I1R
ADFL,IL1L
ADFL,IL2VL
ADFL,LUAL
ADFL,M2L
ADFL,NSML
ADFL,NSMR
ADFL,PDEL
ADFL,PDER
ADFL,PHAR
ADFL,PHBR
ADFL,PLNL
ADFL,PQR
ADFL,PVQL
ADFL,PVQR
ADFL,PVR
ADFL,RIAL
ADFL,RIBR
ADFL,RICL
ADFL,RICR
ADFL,RIFR
ADFL,RIGR
ADFL,RIH
ADFL,RIML
ADFL,RIMR
ADFL,RIR
ADFL,RIVR
ADFL,RMED
ADFL,RMEV
ADFL,RMHR
ADFL,SIADL
ADFL,SIAVL
ADFL,SIAVR
ADFL,SIBVR
ADFL,SMBDR
ADFL,SMDVL
ADFL,SMDVR
ADFL,URAVL
ADFL,URBL
ADFL,URYDR
ADFL,VA11
ADFL,VA6
ADFL,VB10
ADFL,VB2
ADFL,VB5
ADFL,VC1
ADFL,VD1
ADFL,VD11
ADFL,VD12
ADFL,VD13
ADFL,VD2
ADFL,VD4
ADFL,VD5
ADFL,VD9
ADFR,ADLR
ADFR,AFDR
ADFR,AIAL
ADFR,AIAR
ADFR,AIBR
ADFR,AIML
ADFR,AIMR
ADFR,AIYR
ADFR,AIZR
ADFR,ALA
ADFR,AS1
ADFR,ASER
ADFR,ASHR
ADFR,ASIR
ADFR,ASJR
ADFR,ASKL
ADFR,AVBR
ADFR,AVDR
ADFR,AVL
ADFR,AVM
ADFR,AWCL
ADFR,CANL
ADFR,CEPDL
ADFR,CEPVL
ADFR,CEPVR
ADFR,DA5
ADFR,DB1
ADFR,DB2
ADFR,DB3
ADFR,DB4
ADFR,DD1
ADFR,DD2
ADFR,DD3
ADFR,HSNL
ADFR,HSNR
ADFR,I1L
ADFR,IL1R
ADFR,IL2DR
ADFR,IL2VR
ADFR,LUAR
ADFR,NSML
ADFR,NSMR
ADFR,OLLR
ADFR,OLQDR
ADFR,OLQVL
ADFR,PDEL
ADFR,PDER
ADFR,PHAL
ADFR,PHBL
ADFR,PHCL
ADFR,PHCR
ADFR,PVCL
ADFR,PVCR
ADFR,PVDL
ADFR,PVM
ADFR,PVPR
ADFR,PVQL
ADFR,PVQR
ADFR,PVT
ADFR,RIBL
ADFR,RIBR
ADFR,RICL
ADFR,RID
ADFR,RIFL
ADFR,RIFR
ADFR,RIGL
ADFR,RIH
ADFR,RIML
ADFR,RIMR
ADFR,RIPR
ADFR,RIR
ADFR,RIS
ADFR,RMDDL
ADFR,RMDR
ADFR,RMDVR
ADFR,RMED
ADFR,RMFL
ADFR,RMGR
ADFR,RMHL
ADFR,SAADL
ADFR,SAADR
ADFR,SABVL
ADFR,SIAVL
ADFR,SIBDL
ADFR,SMBVL
ADFR,SMDVL
ADFR,URAVR
ADFR,URYDR
ADFR,URYVL
ADFR,VA10
ADFR,VA11
ADFR,VA12
ADFR,VA5
ADFR,VB11
ADFR,VB4
ADFR,VB5
ADFR,VC6
ADFR,VD12
ADFR,VD4
ADFR,VD8
ADLL,AFDL
ADLL,AIYL
ADLL,ASEL
ADLL,ASHL
ADLL,ASHR
ADLL,AUAR
ADLL,AVBL
ADLL,AVDL
ADLL,AVFL
ADLL,AWBR
ADLL,AWCR
ADLL,CEPDR
ADLL,DA8
ADLL,DB4
ADLL,HSNL
ADLL,HSNR
ADLL,PDER
ADLL,PVCL
ADLL,RIAL
ADLL,RICL
ADLL,RICR
ADLL,RIH
ADLL,RIR
ADLL,RIS
ADLL,RIVL
ADLL,RMDR
ADLL,RMEV
ADLL,SAAVL
ADLL,SIBVR
ADLL,VA1
ADLL,VB2
ADLR,AIBL
ADLR,AIZR
ADLR,ALNR
ADLR,AS10
ADLR,ASEL
ADLR,ASHL
ADLR,AVER
ADLR,CEPDL
ADLR,CEPDR
ADLR,CEPVL
ADLR,DB1
ADLR,DD1
ADLR,DD2
ADLR,DD5
ADLR,DVA
ADLR,FLPL
ADLR,FLPR
ADLR,HSNL
ADLR,HSNR
ADLR,IL1VL
ADLR,NSML
ADLR,PDEL
ADLR,PDER
ADLR,PVCR
ADLR,RIML
ADLR,RIMR
ADLR,RMDR
ADLR,RMHL
ADLR,SAADL
ADLR,SAAVL
ADLR,SDQL
ADLR,SIBVL
ADLR,SMDDL
ADLR,VD2
AFDL,AS10
AFDL,AS2
AFDL,ASHL
AFDL,ASIL
AFDL,MI
AFDL,PDEL
AFDL,PDER
AFDL,PLNR
AFDL,PVCL
AFDL,PVNL
AFDL,PVQR
AFDL,RIFR
AFDL,RIML
AFDL,RMED
AFDL,SIBVL
AFDL,VB9
AFDR,AIZR
AFDR,AS7
AFDR,AVM
AFDR,DB3
AFDR,M5
AFDR,PDA
AFDR,PLNR
AFDR,PVCL
AFDR,PVNR
AFDR,RIGR
AFDR,RMDVL
AFDR,URBR
AFDR,URYDL
AFDR,VD2
AIAL,ALML
AIAL,AVBR
AIAL,BAGL
AIAL,CEPDR
AIAL,CEPVL
AIAL,DVA
AIAL,DVC
AIAL,HSNL
AIAL,I2R
AIAL,IL2VL
AIAL,NSMR
AIAL,OLLR
AIAL,PDB
AIAL,PDER
AIAL,PVDL
AIAL,PVQR
AIAL,PVR
AIAL,RIAR
AIAL,RIBL
AIAL,RIML
AIAL,RMDDR
AIAL,RMDVR
AIAL,RMEL
AIAL,RMGR
AIAL,RMHL
AIAL,SDQR
AIAL,SMBVL
AIAL,URYDR
AIAR,AIBR
AIAR,AS11
AIAR,ASIR
AIAR,AVBR
AIAR,BAGL
AIAR,CEPDL
AIAR,CEPDR
AIAR,DA8
AIAR,DD1
AIAR,I4
AIAR,NSMR
AIAR,OLQVL
AIAR,PDER
AIAR,PLNR
AIAR,RIML
AIAR,RMDDR
AIAR,RMED
AIAR,SAAVR
AIAR,SMDVR
AIAR,URYVR
AIAR,VD11
AIBL,AS10
AIBL,AS11
AIBL,ASHR
AIBL,AUAL
AIBL,AVAR
AIBL,AVDL
AIBL,AVDR
AIBL,AVEL
AIBL,AVHR
AIBL,AVJL
AIBL,AVL
AIBL,AWAR
AIBL,BAGL
AIBL,CANL
AIBL,CEPDL
AIBL,CEPDR
AIBL,CEPVL
AIBL,CEPVR
AIBL,DD2
AIBL,DD5
AIBL,HSNL
AIBL,IL1DL
AIBL,M4
AIBL,NSML
AIBL,OLLR
AIBL,PDEL
AIBL,PDER
AIBL,PHBR
AIBL,PVDR
AIBL,PVNR
AIBL,PVQL
AIBL,PVQR
AIBL,PVT
AIBL,RIAR
AIBL,RIBR
AIBL,RIML
AIBL,RMDR
AIBL,RMDVL
AIBL,RMED
AIBL,RMGR
AIBL,URBL
AIBL,URXR
AIBL,URYDL
AIBL,URYVR
AIBL,VA10
AIBL,VA2
AIBL,VD5
AIBR,ASGL
AIBR,ASIR
AIBR,ASKR
AIBR,AUAL
AIBR,AVDR
AIBR,AVER
AIBR,AVFR
AIBR,AVHR
AIBR,AVJR
AIBR,AVL
AIBR,CEPDR
AIBR,CEPVR
AIBR,DA3
AIBR,DA5
AIBR,DA9
AIBR,DB1
AIBR,DB7
AIBR,DD1
AIBR,DD5
AIBR,HSNL
AIBR,HSNR
AIBR,IL1DL
AIBR,IL1L
AIBR,IL2DL
AIBR,LUAR
AIBR,NSML
AIBR,NSMR
AIBR,OLLR
AIBR,OLQDR
AIBR,PDEL
AIBR,PQR
AIBR,PVCR
AIBR,PVNR
AIBR,PVPR
AIBR,RMDVR
AIBR,RMEL
AIBR,RMEV
AIBR,RMFR
AIBR,SABVR
AIBR,SMBDL
AIBR,SMDDR
AIBR,URAVL
AIBR,URBR
AIBR,URYDR
AIBR,VA10
AIBR,VA11
AIBR,VB4
AIBR,VB5
AIBR,VB8
AIBR,VC3
AIML,AINL
AIML,ALML
AIML,AS11
AIML,AVAL
AIML,AVDR
AIML,CEPDL
AIML,CEPDR
AIML,CEPVR
AIML,DA4
AIML,DVA
AIML,HSNR
AIML,IL1DL
AIML,OLLR
AIML,PDEL
AIML,PVPR
AIML,PVWR
AIML,RICL
AIML,RICR
AIML,RIMR
AIML,RIPR
AIML,RIVR
AIML,SAAVL
AIML,URYVR
AIML,VB1
AIML,VD8
AIMR,ALNR
AIMR,AS1
AIMR,AVAL
AIMR,AVDR
AIMR,AVFL
AIMR,AVKL
AIMR,CEPDL
AIMR,CEPVL
AIMR,DA4
AIMR,DB2
AIMR,DD2
AIMR,FLPL
AIMR,HSNL
AIMR,NSML
AIMR,OLLL
AIMR,PDEL
AIMR,PDER
AIMR,PVDL
AIMR,PVNR
AIMR,PVPL
AIMR,PVPR
AIMR,PVT
AIMR,RIAL
AIMR,RIML
AIMR,RMER
AIMR,RMFL
AIMR,RMGL
AIMR,SAADL
AIMR,SAADR
AIMR,SMDDL
AIMR,VA11
AIMR,VB4
AIMR,VC3
AIMR,VD11
AIMR,VD2
AINL,ASGL
AINL,ASKR
AINL,AVKR
AINL,AWCL
AINL,CEPDL
AINL,DB5
AINL,DD6
AINL,HSNL
AINL,NSMR
AINL,PHCL
AINL,RICR
AINL,RIML
AINL,RMDVR
AINL,SABVL
AINL,SMBDR
AINL,URYDL
AINL,VD6
AINR,ALNL
AINR,AVAL
AINR,AVJR
AINR,AWAL
AINR,AWBL
AINR,CEPDL
AINR,CEPDR
AINR,DD6
AINR,FLPL
AINR,M1
AINR,NSML
AINR,NSMR
AINR,PDER
AINR,RIBR
AINR,RIML
AINR,RIS
AINR,RMDR
AINR,RMGL
AINR,VB3
AINR,VC3
AINR,VD12
AIYL,AS5
AIYL,ASHR
AIYL,AVAL
AIYL,AVAR
AIYL,AVBL
AIYL,AVBR
AIYL,AVDR
AIYL,AVFR
AIYL,AVJR
AIYL,AVL
AIYL,CEPDL
AIYL,CEPDR
AIYL,DA8
AIYL,DA9
AIYL,DB7
AIYL,DD6
AIYL,HSNR
AIYL,IL1L
AIYL,M2R
AIYL,PDER
AIYL,RICR
AIYL,RMDDR
AIYL,RMGL
AIYL,SIAVR
AIYL,VB10
AIYR,AVER
AIYR,AVHR
AIYR,AVKR
AIYR,AVM
AIYR,CEPDL
AIYR,CEPVR
AIYR,DA9
AIYR,DD4
AIYR,HSNR
AIYR,IL2VL
AIYR,NSMR
AIYR,OLLR
AIYR,PDER
AIYR,PVCL
AIYR,PVCR
AIYR,PVPL
AIYR,RIFR
AIYR,RIR
AIYR,RMDDR
AIYR,SDQL
AIYR,SIAVR
AIYR,SMBDR
AIYR,URXL
AIYR,VA5
AIYR,VB6
AIYR,VD13
AIYR,VD7
AIZL,ASER
AIZL,ASGL
AIZL,AVAR
AIZL,AVKL
AIZL,AVKR
AIZL,AWBL
AIZL,CEPDL
AIZL,CEPDR
AIZL,CEPVL
AIZL,CEPVR
AIZL,DB6
AIZL,FLPR
AIZL,HSNR
AIZL,I2L
AIZL,NSMR
AIZL,OLLR
AIZL,PDEL
AIZL,PDER
AIZL,PVNL
AIZL,RIAL
AIZL,RICL
AIZL,RIGL
AIZL,RIMR
AIZL,RIPL
AIZL,RIPR
AIZL,RIVR
AIZL,RMEV
AIZL,SAADL
AIZL,SAADR
AIZL,SDQR
AIZL,SIBVL
AIZL,VA3
AIZL,VA6
AIZL,VA7
AIZL,VB11
AIZL,VB9
AIZL,VC3
AIZL,VD10
AIZL,VD13
AIZR,AS4
AIZR,AS8
AIZR,AUAL
AIZR,AVAL
AIZR,AVG
AIZR,AVJR
AIZR,AVM
AIZR,AWBL
AIZR,AWCL
AIZR,CEPDL
AIZR,CEPDR
AIZR,CEPVL
AIZR,CEPVR
AIZR,DB2
AIZR,HSNL
AIZR,HSNR
AIZR,I4
AIZR,IL2VR
AIZR,M3R
AIZR,NSMR
AIZR,PDEL
AIZR,PDER
AIZR,RIBR
AIZR,RIMR
AIZR,RMDDL
AIZR,RMEL
AIZR,SMBVL
AIZR,URBL
AIZR,VA10
AIZR,VA8
ALA,AVJR
ALA,CEPDR
ALA,PLNL
ALA,PVNL
ALA,PVNR
ALA,PVQR
ALA,PVR
ALA,RIBR
ALA,RMDL
ALA,RMHR
ALA,SAAVR
ALML,AS3
ALML,ASIL
ALML,AVAL
ALML,AVER
ALML,CEPDR
ALML,CEPVL
ALML,DB4
ALML,DD5
ALML,FLPL
ALML,HSNL
ALML,HSNR
ALML,I4
ALML,I5
ALML,IL1DL
ALML,OLLL
ALML,PDEL
ALML,PLNL
ALML,PVPR
ALML,PVQL
ALML,RIAL
ALML,RIFL
ALML,RIGL
ALML,RIMR
ALML,RIPL
ALML,RMER
ALML,SIADL
ALML,SMDVR
ALML,VA12
ALMR,AS2
ALMR,ASHL
ALMR,AVAR
ALMR,AVBR
ALMR,AVG
ALMR,CEPVR
ALMR,DA3
ALMR,DA8
ALMR,DB7
ALMR,DVA
ALMR,M1
ALMR,NSML
ALMR,PDEL
ALMR,PDER
ALMR,PVDL
ALMR,PVQR
ALMR,RIML
ALMR,RMHR
ALMR,URYVR
ALMR,VD11
ALNL,AVAR
ALNL,AVHR
ALNL,CANL
ALNL,CEPDL
ALNL,CEPDR
ALNL,CEPVL
ALNL,DB6
ALNL,NSML
ALNL,PDEL
ALNL,PVCR
ALNL,RIAR
ALNL,RICL
ALNL,RIH
ALNL,SIAVL
ALNL,URXR
ALNL,VD12
ALNL,VD8
ALNL,VD9
ALNR,AVAL
ALNR,AVHL
ALNR,CEPDL
ALNR,CEPVL
ALNR,CEPVR
ALNR,DD1
ALNR,HSNR
ALNR,IL1VL
ALNR,IL2VL
ALNR,NSML
ALNR,NSMR
ALNR,RIBL
ALNR,RIBR
ALNR,RIFR
ALNR,RIML
ALNR,RIMR
ALNR,RMFL
ALNR,RMGL
ALNR,VA1
AQR,AS11
AQR,AVAL
AQR,AVAR
AQR,AVBR
AQR,AWBL
AQR,CEPDL
AQR,CEPDR
AQR,CEPVL
AQR,DB3
AQR,DD5
AQR,DD6
AQR,DVA
AQR,I1R
AQR,LUAR
AQR,NSMR
AQR,PVCR
AQR,RIML
AQR,RIMR
AQR,RMDDR
AQR,RMDR
AQR,RMFL
AQR,VB7
AQR,VC3
AS1,AVBR
AS1,CEPDL
AS1,CEPDR
AS1,CEPVL
AS1,IL2R
AS1,PDEL
AS1,PHAL
AS1,PQR
AS1,RICL
AS1,RIML
AS1,RMDDL
AS1,RMFL
AS1,RMFR
AS1,RMGR
AS1,SIAVR
AS1,SMBDL
AS1,VA1
AS1,VA5
AS1,VA7
AS1,VA9
AS1,VB5
AS10,ASJR
AS10,ASKL
AS10,AVBR
AS10,CEPDL
AS10,CEPDR
AS10,CEPVL
AS10,CEPVR
AS10,HSNR
AS10,NSML
AS10,RIBL
AS10,RIFL
AS10,RIMR
AS10,RIS
AS10,RMGR
AS10,RMHL
AS10,SMBVL
AS10,SMBVR
AS10,SMDDL
AS10,URXL
AS11,ASEL
AS11,AVEL
AS11,AVFL
AS11,AVJL
AS11,AVKL
AS11,CEPDL
AS11,CEPDR
AS11,DA7
AS11,DB7
AS11,DD6
AS11,DVA
AS11,FLPR
AS11,M2L
AS11,NSML
AS11,PVCR
AS11,RIMR
AS11,RIPL
AS11,RMGR
AS11,SABVL
AS11,SABVR
AS11,VA1
AS11,VA2
AS11,VA3
AS11,VB10
AS11,VD6
AS2,ASHR
AS2,ASJL
AS2,AUAL
AS2,AVFL
AS2,BAGL
AS2,CEPVR
AS2,DVA
AS2,HSNL
AS2,HSNR
AS2,OLLL
AS2,OLLR
AS2,OLQVL
AS2,PDEL
AS2,PVQR
AS2,PVWL
AS2,RIAR
AS2,RIMR
AS2,RIPR
AS2,SAADL
AS3,ASEL
AS3,AVEL
AS3,AWAL
AS3,CEPVR
AS3,IL2DL
AS3,NSML
AS3,PHAR
AS3,PHCR
AS3,RIAL
AS3,RIFL
AS3,RIML
AS3,RMEV
AS3,SMBVR
AS3,VD5
AS4,ASEL
AS4,AVAL
AS4,AVAR
AS4,AVDL
AS4,AVFL
AS4,CEPDR
AS4,CEPVR
AS4,DD6
AS4,IL1DR
AS4,NSMR
AS4,PDEL
AS4,RIMR
AS4,RIPL
AS4,RMDDL
AS4,RMHL
AS4,URYDL
AS4,URYVR
AS4,VC1
AS4,VD3
AS5,ASER
AS5,AVKL
AS5,AWAR
AS5,CEPDL
AS5,CEPVR
AS5,HSNR
AS5,IL2DL
AS5,PDEL
AS5,PHCR
AS5,RIS
AS5,RMHL
AS5,SAAVL
AS5,SIBDL
AS5,VA12
AS5,VA8
AS5,VD1
AS6,AVBL
AS6,AVHR
AS6,CEPDL
AS6,CEPVL
AS6,CEPVR
AS6,DD2
AS6,DD5
AS6,IL1R
AS6,OLQVR
AS6,PVWL
AS6,RIML
AS6,RMEL
AS6,SMBDR
AS6,SMDDL
AS6,VB10
AS6,VB6
AS7,AVAL
AS7,AVBR
AS7,CEPDR
AS7,CEPVL
AS7,DB1
AS7,DD1
AS7,DVA
AS7,IL2VR
AS7,OLQDL
AS7,PDER
AS7,RIAL
AS7,RIML
AS7,RIMR
AS7,SMDDL
AS8,AUAR
AS8,AVG
AS8,AWCR
AS8,CEPDL
AS8,CEPDR
AS8,CEPVR
AS8,M4
AS8,PVCL
AS8,RMER
AS8,RMFL
AS8,SIBDL
AS8,VA10
AS8,VD13
AS9,ASGR
AS9,ASHR
AS9,AVBR
AS9,CEPDL
AS9,CEPVR
AS9,DB7
AS9,HSNR
AS9,PVR
AS9,RIAR
AS9,RICL
AS9,SMDVL
AS9,VD7
ASEL,ASKL
ASEL,AVAL
ASEL,AVDL
ASEL,AVEL
ASEL,AVKL
ASEL,CEPDL
ASEL,CEPDR
ASEL,CEPVL
ASEL,CEPVR
ASEL,HSNL
ASEL,HSNR
ASEL,IL2R
ASEL,M2L
ASEL,NSML
ASEL,OLQDL
ASEL,RIBR
ASEL,RIGL
ASEL,RIPR
ASEL,RMER
ASEL,RMFR
ASEL,RMGR
ASEL,RMHR
ASEL,SDQR
ASEL,SIBVR
ASEL,VA9
ASEL,VD1
ASEL,VD12
ASER,ASKR
ASER,AVBL
ASER,AVEL
ASER,AVER
ASER,CEPDL
ASER,CEPDR
ASER,CEPVL
ASER,CEPVR
ASER,DB7
ASER,DD6
ASER,HSNL
ASER,I2L
ASER,I2R
ASER,IL1VL
ASER,M2L
ASER,MI
ASER,NSML
ASER,PDEL
ASER,PVT
ASER,PVWR
ASER,RIBL
ASER,RICL
ASER,RIFR
ASER,RIML
ASER,SIADR
ASER,SIAVL
ASER,URXR
ASER,URYDL
ASER,URYDR
ASER,VD13
ASER,VD8
ASGL,ASIL
ASGL,AVHR
ASGL,AVKL
ASGL,AVM
ASGL,BAGR
ASGL,DA3
ASGL,DB7
ASGL,DVA
ASGL,DVB
ASGL,HSNL
ASGL,HSNR
ASGL,I5
ASGL,NSMR
ASGL,PDER
ASGL,RID
ASGL,RIFR
ASGL,RIGR
ASGL,URBR
ASGR,ASHL
ASGR,AVM
ASGR,CEPDR
ASGR,CEPVL
ASGR,DA1
ASGR,DA2
ASGR,DD4
ASGR,DVC
ASGR,HSNR
ASGR,IL1VR
ASGR,NSMR
ASGR,PDER
ASGR,PVR
ASGR,RICL
ASGR,RIPR
ASGR,RMDDL
ASGR,SIAVR
ASGR,URXR
ASGR,VA3
ASGR,VA9
ASGR,VB3
ASGR,VD10
ASHL,AVHL
ASHL,CEPDL
ASHL,CEPVR
ASHL,DA1
ASHL,DD1
ASHL,DVC
ASHL,IL1DR
ASHL,IL2L
ASHL,NSML
ASHL,OLQDR
ASHL,PDEL
ASHL,PVQR
ASHL,PVT
ASHL,RIAR
ASHL,RIBR
ASHL,RID
ASHL,RMGL
ASHL,SAADL
ASHL,VA12
ASHL,VB8
ASHL,VD12
ASHL,VD5
ASHR,AUAL
ASHR,AUAR
ASHR,AVBL
ASHR,AVBR
ASHR,AVFR
ASHR,AVG
ASHR,AVHR
ASHR,AWCR
ASHR,CEPDR
ASHR,CEPVR
ASHR,DA2
ASHR,DA9
ASHR,DB7
ASHR,DVC
ASHR,I3
ASHR,OLLL
ASHR,PDER
ASHR,PQR
ASHR,PVCR
ASHR,PVT
ASHR,RIAR
ASHR,RIFR
ASHR,RIH
ASHR,RIML
ASHR,RIPL
ASHR,RIVR
ASHR,RMDDR
ASHR,RMFR
ASHR,RMGL
ASHR,SIAVL
ASHR,VD12
ASHR,VD13
ASHR,VD5
ASIL,AVBL
ASIL,AVJL
ASIL,CEPVR
ASIL,DD2
ASIL,DVA
ASIL,I1R
ASIL,PDER
ASIL,PVQR
ASIL,RICR
ASIL,RIFL
ASIL,RIH
ASIL,RIML
ASIL,RIVL
ASIL,RMDVL
ASIL,RMED
ASIL,RMEV
ASIL,SAAVL
ASIL,SMDVR
ASIL,VB1
ASIL,VB8
ASIR,AWAR
ASIR,BDUR
ASIR,CEPDL
ASIR,CEPDR
ASIR,CEPVR
ASIR,DVA
ASIR,I6
ASIR,M2L
ASIR,PHBL
ASIR,PVNL
ASIR,PVPL
ASIR,PVQR
ASIR,VA11
ASIR,VA6
ASIR,VB7
ASIR,VD6
ASJL,AVHR
ASJL,FLPL
ASJL,I3
ASJL,PVM
ASJL,PVNL
ASJL,PVR
ASJL,RIML
ASJL,RIVL
ASJL,RMEV
ASJL,RMGL
ASJL,SMDVL
ASJL,VA12
ASJL,VD12
ASJR,AVDL
ASJR,AVDR
ASJR,CEPDR
ASJR,PHBL
ASJR,PHCR
ASKL,AVDR
ASKL,AVHL
ASKL,CEPDR
ASKL,CEPVL
ASKL,DB6
ASKL,DD1
ASKL,HSNR
ASKL,M2R
ASKL,OLQVR
ASKL,PDER
ASKL,PVCR
ASKL,PVR
ASKL,PVT
ASKL,RIAR
ASKL,RIBR
ASKL,VA9
ASKL,VB5
ASKL,VD10
ASKL,VD11
ASKR,AVAL
ASKR,AVAR
ASKR,AVBR
ASKR,AVDR
ASKR,AVEL
ASKR,AWCR
ASKR,CEPVR
ASKR,DB1
ASKR,HSNR
ASKR,IL2DR
ASKR,M2R
ASKR,PDEL
ASKR,PLNL
ASKR,PVDL
ASKR,PVNR
ASKR,PVT
ASKR,RIAL
ASKR,RICL
ASKR,RICR
ASKR,RIML
ASKR,RIMR
ASKR,SABVL
ASKR,URYDL
ASKR,VA12
ASKR,VB2
ASKR,VD11
AUAL,AVDR
AUAL,AVFL
AUAL,AVHR
AUAL,CEPDL
AUAL,CEPDR
AUAL,CEPVR
AUAL,DA1
AUAL,DA3
AUAL,DB1
AUAL,DD3
AUAL,IL2VR
AUAL,NSMR
AUAL,OLLL
AUAL,PDA
AUAL,PHAL
AUAL,PVNL
AUAL,PVQR
AUAL,RIBL
AUAL,RICR
AUAL,RIML
AUAL,RIMR
AUAL,VA8
AUAL,VA9
AUAR,AVBR
AUAR,CEPDL
AUAR,CEPDR
AUAR,CEPVR
AUAR,HSNL
AUAR,I2R
AUAR,IL2DR
AUAR,LUAL
AUAR,LUAR
AUAR,PDEL
AUAR,PDER
AUAR,PVT
AUAR,RIML
AUAR,RIMR
AUAR,RMDDL
AUAR,RMHL
AUAR,URBR
AUAR,VA4
AUAR,VB9
AUAR,VD13
AUAR,VD8
AVAL,AVBL
AVAL,AVBR
AVAL,AVDL
AVAL,AVER
AVAL,AVFL
AVAL,AVHL
AVAL,AVJL
AVAL,AVJR
AVAL,AWBL
AVAL,CEPDR
AVAL,CEPVL
AVAL,CEPVR
AVAL,DA2
AVAL,DA6
AVAL,DA9
AVAL,DB7
AVAL,DD1
AVAL,DD5
AVAL,FLPR
AVAL,HSNR
AVAL,I4
AVAL,IL1DR
AVAL,IL1L
AVAL,MI
AVAL,NSML
AVAL,NSMR
AVAL,OLQVL
AVAL,PDEL
AVAL,PDER
AVAL,PHAR
AVAL,PHBL
AVAL,PHCR
AVAL,PLNR
AVAL,PQR
AVAL,PVCL
AVAL,PVM
AVAL,PVNL
AVAL,PVNR
AVAL,PVPL
AVAL,PVPR
AVAL,PVQL
AVAL,PVQR
AVAL,PVWR
AVAL,RIAR
AVAL,RIBL
AVAL,RIBR
AVAL,RICL
AVAL,RICR
AVAL,RIH
AVAL,RIML
AVAL,RIMR
AVAL,RIPL
AVAL,RMDL
AVAL,RMDR
AVAL,RMDVL
AVAL,RMFL
AVAL,RMGL
AVAL,RMGR
AVAL,RMHR
AVAL,SABD
AVAL,SIBDL
AVAL,SIBVL
AVAL,SMBVL
AVAL,SMDDL
AVAL,SMDDR
AVAL,SMDVR
AVAL,URADR
AVAL,URAVL
AVAL,URBL
AVAL,URYDR
AVAL,URYVL
AVAL,VA11
AVAL,VA12
AVAL,VA4
AVAL,VA5
AVAL,VB10
AVAL,VB11
AVAL,VB6
AVAL,VC3
AVAL,VC4
AVAL,VD10
AVAL,VD13
AVAL,VD4
AVAR,AVBL
AVAR,AVBR
AVAR,AVDL
AVAR,AVDR
AVAR,AVEL
AVAR,AVER
AVAR,AVHL
AVAR,AVJR
AVAR,AVKL
AVAR,AVKR
AVAR,BDUR
AVAR,CEPDL
AVAR,CEPDR
AVAR,CEPVL
AVAR,CEPVR
AVAR,DA4
AVAR,DA6
AVAR,DD3
AVAR,DD5
AVAR,DD6
AVAR,DVA
AVAR,HSNL
AVAR,HSNR
AVAR,I2L
AVAR,I5
AVAR,I6
AVAR,IL2DR
AVAR,IL2R
AVAR,IL2VR
AVAR,M2L
AVAR,MCR
AVAR,NSML
AVAR,NSMR
AVAR,PDB
AVAR,PDEL
AVAR,PHBR
AVAR,PHCL
AVAR,PQR
AVAR,PVNR
AVAR,PVPR
AVAR,PVQL
AVAR,PVQR
AVAR,RIBL
AVAR,RIBR
AVAR,RICL
AVAR,RICR
AVAR,RIGR
AVAR,RIML
AVAR,RIMR
AVAR,RIPR
AVAR,RIR
AVAR,RIVL
AVAR,RMED
AVAR,RMEL
AVAR,RMEV
AVAR,RMFL
AVAR,RMHL
AVAR,SAADR
AVAR,SAAVL
AVAR,SAAVR
AVAR,SDQR
AVAR,SIADL
AVAR,SIADR
AVAR,SMBDL
AVAR,SMBVR
AVAR,SMDVL
AVAR,URXL
AVAR,URXR
AVAR,URYDR
AVAR,URYVL
AVAR,URYVR
AVAR,VA12
AVAR,VA2
AVAR,VA8
AVAR,VB1
AVAR,VB2
AVAR,VB9
AVAR,VC3
AVAR,VC5
AVAR,VD11
AVAR,VD2
AVAR,VD4
AVAR,VD6
AVAR,VD7
AVAR,VD8
AVAR,VD9
AVBL,AVBR
AVBL,AVEL
AVBL,AVFR
AVBL,AVG
AVBL,AVHR
AVBL,AVJL
AVBL,AVKL
AVBL,AVM
AVBL,AWBL
AVBL,BAGR
AVBL,CEPDL
AVBL,CEPDR
AVBL,CEPVL
AVBL,DA2
AVBL,DD4
AVBL,DVA
AVBL,FLPL
AVBL,FLPR
AVBL,HSNR
AVBL,I5
AVBL,IL1L
AVBL,IL1R
AVBL,IL1VL
AVBL,IL2R
AVBL,M1
AVBL,M3R
AVBL,NSMR
AVBL,PDEL
AVBL,PDER
AVBL,PLNR
AVBL,PQR
AVBL,PVCR
AVBL,PVQL
AVBL,PVR
AVBL,RIAR
AVBL,RIBL
AVBL,RIBR
AVBL,RIGR
AVBL,RIH
AVBL,RIML
AVBL,RIMR
AVBL,RIR
AVBL,RMDDR
AVBL,RMDVR
AVBL,RMER
AVBL,RMEV
AVBL,RMGL
AVBL,RMHR
AVBL,SABD
AVBL,SDQL
AVBL,SIADL
AVBL,SIBVL
AVBL,SMDDL
AVBL,URADL
AVBL,URADR
AVBL,URAVL
AVBL,URBR
AVBL,URYVR
AVBL,VA1
AVBL,VA11
AVBL,VA5
AVBL,VB1
AVBL,VB5
AVBL,VB9
AVBL,VC1
AVBR,AVDL
AVBR,AVDR
AVBR,AVEL
AVBR,AVG
AVBR,AVJL
AVBR,AVJR
AVBR,AVKL
AVBR,AVKR
AVBR,AVM
AVBR,AWBL
AVBR,CEPDL
AVBR,CEPDR
AVBR,CEPVL
AVBR,CEPVR
AVBR,DA3
AVBR,DA6
AVBR,DA9
AVBR,DB1
AVBR,DB2
AVBR,DD5
AVBR,DVA
AVBR,HSNL
AVBR,HSNR
AVBR,I2L
AVBR,I3
AVBR,IL1DL
AVBR,IL1VL
AVBR,IL2DR
AVBR,IL2L
AVBR,LUAL
AVBR,NSML
AVBR,NSMR
AVBR,OLLL
AVBR,PDEL
AVBR,PDER
AVBR,PHBL
AVBR,PHCL
AVBR,PLML
AVBR,PLNR
AVBR,PVCR
AVBR,PVQL
AVBR,RIAR
AVBR,RICL
AVBR,RIH
AVBR,RIML
AVBR,RIMR
AVBR,RIPR
AVBR,RIVR
AVBR,RMDDL
AVBR,RMDVL
AVBR,RMEL
AVBR,RMGL
AVBR,RMGR
AVBR,SAADR
AVBR,SIAVR
AVBR,SIBDL
AVBR,URAVR
AVBR,URYVR
AVBR,VA10
AVBR,VA2
AVBR,VB4
AVBR,VB5
AVBR,VC3
AVBR,VD11
AVBR,VD2
AVDL,AVDR
AVDL,AVER
AVDL,AVFL
AVDL,AVL
AVDL,AVM
AVDL,AWBL
AVDL,AWCL
AVDL,CEPDL
AVDL,CEPDR
AVDL,CEPVR
AVDL,DA3
AVDL,DA6
AVDL,DA9
AVDL,DB3
AVDL,DB6
AVDL,HSNR
AVDL,IL2DR
AVDL,IL2R
AVDL,M4
AVDL,OLLR
AVDL,OLQDL
AVDL,OLQVR
AVDL,PDEL
AVDL,PDER
AVDL,PHCR
AVDL,PVCL
AVDL,PVDR
AVDL,PVR
AVDL,RIBL
AVDL,RICL
AVDL,RIMR
AVDL,RIS
AVDL,RMDDL
AVDL,RMDL
AVDL,RMGL
AVDL,SDQR
AVDL,SIADR
AVDL,SIBVL
AVDL,SMDDL
AVDL,VA10
AVDL,VA4
AVDL,VC3
AVDL,VD3
AVDL,VD8
AVDL,VD9
AVDR,AVEL
AVDR,AVHL
AVDR,AVHR
AVDR,AVL
AVDR,BAGR
AVDR,CEPDL
AVDR,CEPDR
AVDR,CEPVR
AVDR,DA7
AVDR,DA8
AVDR,DA9
AVDR,DB4
AVDR,DB6
AVDR,DD3
AVDR,HSNL
AVDR,I1R
AVDR,I2L
AVDR,I2R
AVDR,I4
AVDR,IL1DL
AVDR,IL1VL
AVDR,IL2DL
AVDR,NSMR
AVDR,OLLR
AVDR,OLQVR
AVDR,PDEL
AVDR,PHBR
AVDR,PVCL
AVDR,PVDL
AVDR,PVPL
AVDR,RIAR
AVDR,RIBR
AVDR,RICL
AVDR,RICR
AVDR,RIMR
AVDR,RIR
AVDR,RMDDR
AVDR,RMFL
AVDR,RMHR
AVDR,URXR
AVDR,URYDR
AVDR,VA10
AVDR,VA2
AVDR,VA5
AVDR,VA7
AVDR,VD10
AVDR,VD2
AVDR,VD6
AVEL,AVER
AVEL,AVHR
AVEL,AVJL
AVEL,BAGL
AVEL,CANR
AVEL,CEPDR
AVEL,CEPVL
AVEL,CEPVR
AVEL,DA8
AVEL,DB7
AVEL,DD1
AVEL,DD2
AVEL,I3
AVEL,IL1VR
AVEL,IL2DL
AVEL,NSML
AVEL,NSMR
AVEL,OLLL
AVEL,PHAL
AVEL,PHBR
AVEL,PHCL
AVEL,PVDL
AVEL,PVNL
AVEL,PVPR
AVEL,PVQR
AVEL,PVT
AVEL,RIBL
AVEL,RICR
AVEL,RIML
AVEL,RIMR
AVEL,RIR
AVEL,RIVR
AVEL,RMDDL
AVEL,RMDL
AVEL,RMDR
AVEL,RMGR
AVEL,SMBDL
AVEL,SMBDR
AVEL,SMDDR
AVEL,SMDVL
AVEL,URBR
AVEL,URYVR
AVEL,VA10
AVEL,VA11
AVEL,VB6
AVEL,VC1
AVEL,VC2
AVEL,VD10
AVEL,VD11
AVEL,VD2
AVEL,VD8
AVER,AVFL
AVER,AVHL
AVER,AVJL
AVER,AVL
AVER,AVM
AVER,BAGL
AVER,BAGR
AVER,CEPDL
AVER,CEPDR
AVER,DA1
AVER,DA5
AVER,DA9
AVER,DD6
AVER,DVC
AVER,HSNR
AVER,I3
AVER,IL2DR
AVER,IL2VR
AVER,M1
AVER,M3L
AVER,M5
AVER,MCL
AVER,NSML
AVER,OLQVL
AVER,PDA
AVER,PDEL
AVER,PDER
AVER,PVCL
AVER,PVNL
AVER,PVPR
AVER,PVQR
AVER,RIAL
AVER,RIAR
AVER,RIGL
AVER,RIH
AVER,RIML
AVER,RIMR
AVER,RIR
AVER,RMDVL
AVER,RMGL
AVER,SABVL
AVER,SDQR
AVER,SIAVR
AVER,SMBDR
AVER,SMBVR
AVER,VA11
AVER,VB10
AVER,VB4
AVER,VD11
AVER,VD12
AVER,VD2
AVER,VD4
AVER,VD5
AVFL,AVG
AVFL,AWBL
AVFL,CEPVL
AVFL,DD3
AVFL,DVA
AVFL,FLPL
AVFL,FLPR
AVFL,HSNR
AVFL,M1
AVFL,M4
AVFL,PDER
AVFL,PQR
AVFL,PVCR
AVFL,PVPL
AVFL,PVPR
AVFL,RIAL
AVFL,RID
AVFL,RIML
AVFL,RMDL
AVFL,RMEL
AVFL,RMGL
AVFL,RMHR
AVFL,SAAVL
AVFL,SIADR
AVFL,SMDDL
AVFL,SMDVR
AVFL,URXL
AVFL,VA11
AVFL,VA4
AVFL,VA8
AVFL,VD1
AVFL,VD11
AVFR,AVJR
AVFR,CEPDL
AVFR,CEPDR
AVFR,DD1
AVFR,DD6
AVFR,DVA
AVFR,I4
AVFR,NSMR
AVFR,OLQDR
AVFR,PDEL
AVFR,PDER
AVFR,PVPL
AVFR,PVQL
AVFR,PVQR
AVFR,RIBR
AVFR,RIML
AVFR,RMDDR
AVFR,RMDR
AVFR,RMDVR
AVFR,RMFL
AVFR,SABD
AVFR,SIBVR
AVFR,URXL
AVFR,VA8
AVFR,VB6
AVFR,VD1
AVFR,VD7
AVG,AVJR
AVG,CEPDR
AVG,CEPVL
AVG,CEPVR
AVG,DA4
AVG,DB5
AVG,DD6
AVG,DVC
AVG,HSNL
AVG,IL1L
AVG,IL1R
AVG,M2L
AVG,OLQVR
AVG,PHCR
AVG,PVCR
AVG,PVPR
AVG,PVQR
AVG,RICL
AVG,RID
AVG,RIH
AVG,RIMR
AVG,RMDVR
AVG,SIBVR
AVG,SMBVL
AVG,VA4
AVG,VA6
AVG,VB4
AVG,VD1
AVG,VD10
AVHL,AVKR
AVHL,CEPDR
AVHL,CEPVL
AVHL,CEPVR
AVHL,DD2
AVHL,DVA
AVHL,HSNR
AVHL,I5
AVHL,IL2VL
AVHL,NSMR
AVHL,OLLL
AVHL,PDEL
AVHL,PDER
AVHL,PVNR
AVHL,PVQR
AVHL,RIAL
AVHL,RICR
AVHL,RIGR
AVHL,RIML
AVHL,RIMR
AVHL,RIPL
AVHL,RMDVR
AVHL,RMFL
AVHL,SAADL
AVHL,SIADL
AVHL,URADR
AVHL,URYDR
AVHL,URYVL
AVHL,VA4
AVHL,VB4
AVHL,VD12
AVHL,VD13
AVHL,VD2
AVHL,VD3
AVHL,VD4
AVHR,CEPDL
AVHR,CEPDR
AVHR,CEPVR
AVHR,DA8
AVHR,DA9
AVHR,DB1
AVHR,DVA
AVHR,HSNL
AVHR,HSNR
AVHR,I1L
AVHR,IL1DL
AVHR,IL1DR
AVHR,IL1R
AVHR,PDA
AVHR,PDEL
AVHR,PDER
AVHR,PHAL
AVHR,PLNL
AVHR,RIAL
AVHR,RIBL
AVHR,RICR
AVHR,RID
AVHR,RIGL
AVHR,RIMR
AVHR,RIVR
AVHR,SAADR
AVHR,SIAVR
AVHR,SMBDL
AVHR,VA12
AVHR,VB2
AVHR,VC1
AVHR,VC4
AVHR,VD13
AVJL,AWCR
AVJL,DA9
AVJL,DB1
AVJL,DVA
AVJL,HSNL
AVJL,HSNR
AVJL,I3
AVJL,IL1DR
AVJL,IL1R
AVJL,IL2DL
AVJL,LUAL
AVJL,NSMR
AVJL,PDER
AVJL,PQR
AVJL,PVCR
AVJL,PVNR
AVJL,PVPL
AVJL,PVQL
AVJL,PVQR
AVJL,RIAR
AVJL,RIBL
AVJL,RIML
AVJL,RIS
AVJL,RMDVR
AVJL,RMED
AVJL,RMGL
AVJL,SIADL
AVJL,SIBDR
AVJL,URYVR
AVJL,VA7
AVJL,VB10
AVJL,VB8
AVJL,VC2
AVJL,VD13
AVJL,VD5
AVJR,CEPDL
AVJR,CEPDR
AVJR,CEPVL
AVJR,CEPVR
AVJR,DA8
AVJR,DB3
AVJR,DD1
AVJR,DD4
AVJR,DD6
AVJR,I1R
AVJR,IL1L
AVJR,IL2DR
AVJR,IL2VL
AVJR,M3R
AVJR,MCR
AVJR,NSML
AVJR,NSMR
AVJR,PDEL
AVJR,PVCL
AVJR,PVCR
AVJR,PVQR
AVJR,PVR
AVJR,RIBR
AVJR,RIGR
AVJR,RIML
AVJR,RIPR
AVJR,RMDL
AVJR,RMGL
AVJR,SIAVL
AVJR,VA4
AVJR,VB7
AVJR,VD3
AVJR,VD6
AVKL,CEPDL
AVKL,CEPVL
AVKL,DA2
AVKL,DD1
AVKL,FLPR
AVKL,HSNL
AVKL,HSNR
AVKL,IL1R
AVKL,M2L
AVKL,NSML
AVKL,PDEL
AVKL,PDER
AVKL,PVNL
AVKL,PVNR
AVKL,PVPL
AVKL,PVQR
AVKL,RIAR
AVKL,RIML
AVKL,RMFR
AVKL,RMGR
AVKL,SIBVL
AVKL,URAVR
AVKL,URBR
AVKL,VA1
AVKL,VA4
AVKL,VD5
AVKL,VD6
AVKL,VD7
AVKR,BDUL
AVKR,CEPDL
AVKR,IL1VL
AVKR,M4
AVKR,NSML
AVKR,NSMR
AVKR,OLQDL
AVKR,PDER
AVKR,PHAR
AVKR,PLMR
AVKR,PVPR
AVKR,PVQR
AVKR,RIAL
AVKR,RIBL
AVKR,RIML
AVKR,RIVL
AVKR,RMEV
AVKR,SABVL
AVKR,SMBDL
AVKR,SMDDR
AVKR,URYDR
AVKR,URYVR
AVKR,VA7
AVKR,VB10
AVKR,VD6
AVL,BDUR
AVL,CEPDR
AVL,CEPVL
AVL,CEPVR
AVL,DA1
AVL,DVB
AVL,FLPL
AVL,FLPR
AVL,I1R
AVL,I2L
AVL,NSML
AVL,OLLL
AVL,OLQVR
AVL,PDEL
AVL,PHBL
AVL,PVPL
AVL,PVR
AVL,RIAR
AVL,RIBL
AVL,RICL
AVL,RIML
AVL,RIMR
AVL,RMDVL
AVL,RMDVR
AVL,RMHR
AVL,SIADR
AVL,SIAVL
AVL,SMBVR
AVL,URXR
AVL,URYDR
AVL,VA10
AVL,VA11
AVL,VA2
AVL,VA3
AVL,VC1
AVL,VD9
AVM,CEPDL
AVM,CEPDR
AVM,CEPVL
AVM,CEPVR
AVM,DB2
AVM,HSNL
AVM,IL2DL
AVM,IL2VL
AVM,IL2VR
AVM,PDEL
AVM,PDER
AVM,RIML
AVM,RIS
AVM,RMDR
AVM,RMED
AVM,RMER
AVM,SDQL
AVM,SIBDL
AVM,VD1
AVM,VD13
AVM,VD7
AWAL,CEPVL
AWAL,DB7
AWAL,DVC
AWAL,PDER
AWAL,PVCR
AWAL,URXL
AWAL,VA9
AWAL,VC2
AWAL,VD9
AWAR,BAGL
AWAR,CEPVL
AWAR,CEPVR
AWAR,DB7
AWAR,DVA
AWAR,HSNR
AWAR,PVNR
AWAR,RMDR
AWAR,RMDVR
AWAR,SABD
AWAR,SMBDR
AWAR,SMDDR
AWAR,VA12
AWAR,VD12
AWBL,CEPDL
AWBL,CEPDR
AWBL,CEPVL
AWBL,DB2
AWBL,DB6
AWBL,DD1
AWBL,M3R
AWBL,PDER
AWBL,PVDR
AWBL,PVNR
AWBL,RIBL
AWBL,RIML
AWBL,RIMR
AWBL,RIS
AWBL,VB3
AWBL,VD12
AWBL,VD2
AWBR,AWCR
AWBR,BDUR
AWBR,CEPDL
AWBR,CEPVL
AWBR,CEPVR
AWBR,HSNL
AWBR,HSNR
AWBR,I4
AWBR,IL2L
AWBR,NSMR
AWBR,PDEL
AWBR,PDER
AWBR,PVDL
AWBR,PVDR
AWBR,PVNL
AWBR,RIAR
AWBR,RID
AWBR,RIS
AWBR,RMDDL
AWBR,RMER
AWBR,RMGR
AWBR,RMHR
AWBR,URXL
AWBR,URYDR
AWCL,CEPDR
AWCL,CEPVR
AWCL,DA3
AWCL,DA5
AWCL,DVC
AWCL,HSNL
AWCL,I1R
AWCL,LUAL
AWCL,NSML
AWCL,PVCL
AWCL,PVNL
AWCL,RIFR
AWCL,RIH
AWCL,RIMR
AWCL,RIS
AWCL,RMGL
AWCL,VB1
AWCL,VD13
AWCL,VD7
AWCR,CEPDL
AWCR,DA8
AWCR,DB2
AWCR,DD5
AWCR,DVA
AWCR,FLPR
AWCR,M3L
AWCR,PDEL
AWCR,PVCR
AWCR,PVNL
AWCR,RIBR
AWCR,RMED
AWCR,RMHL
AWCR,SMBVR
AWCR,SMDVL
AWCR,VD1
BAGL,CEPDL
BAGL,CEPDR
BAGL,CEPVR
BAGL,DB3
BAGL,DD3
BAGL,HSNR
BAGL,I4
BAGL,IL1DR
BAGL,MCL
BAGL,PDEL
BAGL,PVCR
BAGL,PVDR
BAGL,RIAL
BAGL,RIBL
BAGL,RIBR
BAGL,RIGR
BAGL,RMDDR
BAGL,VD8
BAGR,CEPDL
BAGR,CEPDR
BAGR,CEPVL
BAGR,CEPVR
BAGR,DB3
BAGR,IL2DL
BAGR,NSMR
BAGR,OLQVL
BAGR,PDEL
BAGR,PDER
BAGR,PVT
BAGR,RMDL
BAGR,RMEV
BAGR,VD6
BAGR,VD9
BDUL,CEPDL
BDUL,CEPVL
BDUL,CEPVR
BDUL,DVC
BDUL,HSNR
BDUL,PDEL
BDUL,PVDL
BDUL,PVT
BDUL,RIMR
BDUL,RMDDR
BDUL,VA5
BDUL,VB6
BDUL,VD11
BDUR,CEPVL
BDUR,CEPVR
BDUR,IL2DL
BDUR,IL2R
BDUR,PDEL
BDUR,PDER
BDUR,PVDL
BDUR,RIBR
BDUR,RID
BDUR,RIMR
BDUR,RMDL
BDUR,SIBVR
BDUR,VB4
CANL,PDER
CANL,RIMR
CANL,SMBVL
CANL,VD2
CANL,VD5
CANR,DB4
CANR,I3
CANR,NSMR
CANR,RICR
CANR,RIMR
CANR,RMDL
CANR,RMDR
CANR,VC1
CEPDL,CEPDR
CEPDL,CEPVL
CEPDL,CEPVR
CEPDL,DA1
CEPDL,DA2
CEPDL,DA4
CEPDL,DA5
CEPDL,DA6
CEPDL,DA8
CEPDL,DA9
CEPDL,DB1
CEPDL,DB4
CEPDL,DB6
CEPDL,DB7
CEPDL,DD1
CEPDL,DD2
CEPDL,DD4
CEPDL,DD5
CEPDL,DVA
CEPDL,DVB
CEPDL,FLPL
CEPDL,HSNL
CEPDL,HSNR
CEPDL,I2L
CEPDL,I2R
CEPDL,I3
CEPDL,I4
CEPDL,I5
CEPDL,I6
CEPDL,IL1DL
CEPDL,IL1VR
CEPDL,IL2L
CEPDL,IL2VL
CEPDL,IL2VR
CEPDL,M2R
CEPDL,MCL
CEPDL,NSML
CEPDL,OLLL
CEPDL,OLLR
CEPDL,OLQVR
CEPDL,PDB
CEPDL,PDEL
CEPDL,PDER
CEPDL,PHBL
CEPDL,PHCL
CEPDL,PHCR
CEPDL,PLNR
CEPDL,PVCL
CEPDL,PVCR
CEPDL,PVDL
CEPDL,PVM
CEPDL,PVPR
CEPDL,PVQL
CEPDL,PVR
CEPDL,PVWL
CEPDL,PVWR
CEPDL,RIAL
CEPDL,RIBL
CEPDL,RIBR
CEPDL,RICL
CEPDL,RICR
CEPDL,RID
CEPDL,RIFR
CEPDL,RIGL
CEPDL,RIGR
CEPDL,RIML
CEPDL,RIMR
CEPDL,RIPL
CEPDL,RIPR
CEPDL,RIR
CEPDL,RIS
CEPDL,RIVR
CEPDL,RMDDR
CEPDL,RMDR
CEPDL,RMDVL
CEPDL,RMDVR
CEPDL,RMER
CEPDL,RMHR
CEPDL,SAAVR
CEPDL,SIAVL
CEPDL,SIAVR
CEPDL,SIBDR
CEPDL,SIBVL
CEPDL,SIBVR
CEPDL,SMBDL
CEPDL,SMBDR
CEPDL,SMBVR
CEPDL,SMDDL
CEPDL,SMDVL
CEPDL,SMDVR
CEPDL,URBL
CEPDL,URBR
CEPDL,URXL
CEPDL,URXR
CEPDL,URYDR
CEPDL,URYVL
CEPDL,URYVR
CEPDL,VA1
CEPDL,VA10
CEPDL,VA12
CEPDL,VA2
CEPDL,VA3
CEPDL,VA4
CEPDL,VA6
CEPDL,VA8
CEPDL,VB1
CEPDL,VB3
CEPDL,VB9
CEPDL,VD10
CEPDL,VD13
CEPDL,VD2
CEPDL,VD3
CEPDL,VD5
CEPDL,VD7
CEPDL,VD8
CEPDL,VD9
CEPDR,CEPVL
CEPDR,CEPVR
CEPDR,DA1
CEPDR,DA2
CEPDR,DA4
CEPDR,DA8
CEPDR,DA9
CEPDR,DB2
CEPDR,DB7
CEPDR,DD2
CEPDR,DD6
CEPDR,DVA
CEPDR,DVB
CEPDR,DVC
CEPDR,FLPR
CEPDR,HSNL
CEPDR,HSNR
CEPDR,I1L
CEPDR,I1R
CEPDR,IL1DR
CEPDR,IL1VR
CEPDR,IL2DR
CEPDR,IL2L
CEPDR,IL2R
CEPDR,IL2VR
CEPDR,M2L
CEPDR,M2R
CEPDR,M3L
CEPDR,MCL
CEPDR,NSML
CEPDR,NSMR
CEPDR,OLQDR
CEPDR,OLQVR
CEPDR,PDA
CEPDR,PDB
CEPDR,PDEL
CEPDR,PHAL
CEPDR,PHAR
CEPDR,PHBL
CEPDR,PHBR
CEPDR,PHCL
CEPDR,PHCR
CEPDR,PLML
CEPDR,PLMR
CEPDR,PVCR
CEPDR,PVM
CEPDR,PVNR
CEPDR,PVQL
CEPDR,PVQR
CEPDR,PVT
CEPDR,PVWL
CEPDR,RIAL
CEPDR,RIAR
CEPDR,RIBL
CEPDR,RICL
CEPDR,RICR
CEPDR,RIFR
CEPDR,RIGR
CEPDR,RIH
CEPDR,RIML
CEPDR,RIMR
CEPDR,RIVL
CEPDR,RMDDL
CEPDR,RMDDR
CEPDR,RMDL
CEPDR,RMDR
CEPDR,RMDVL
CEPDR,RMDVR
CEPDR,RMED
CEPDR,RMEL
CEPDR,RMER
CEPDR,RMEV
CEPDR,RMGL
CEPDR,RMHL
CEPDR,SAADL
CEPDR,SAAVL
CEPDR,SAAVR
CEPDR,SABD
CEPDR,SDQL
CEPDR,SDQR
CEPDR,SIAVL
CEPDR,SIBDL
CEPDR,SIBDR
CEPDR,SIBVL
CEPDR,SMBDL
CEPDR,SMBDR
CEPDR,SMBVL
CEPDR,SMDDL
CEPDR,SMDVL
CEPDR,URXR
CEPDR,URYVL
CEPDR,URYVR
CEPDR,VA1
CEPDR,VA10
CEPDR,VA11
CEPDR,VA5
CEPDR,VA8
CEPDR,VA9
CEPDR,VB10
CEPDR,VB4
CEPDR,VB7
CEPDR,VC3
CEPDR,VC6
CEPDR,VD10
CEPDR,VD11
CEPDR,VD12
CEPDR,VD13
CEPDR,VD4
CEPDR,VD5
CEPDR,VD7
CEPDR,VD8
CEPDR,VD9
CEPVL,CEPVR
CEPVL,DA4
CEPVL,DA6
CEPVL,DA8
CEPVL,DA9
CEPVL,DB3
CEPVL,DB6
CEPVL,DD1
CEPVL,DD2
CEPVL,DD3
CEPVL,DD5
CEPVL,DVA
CEPVL,DVB
CEPVL,DVC
CEPVL,FLPR
CEPVL,HSNL
CEPVL,HSNR
CEPVL,I1R
CEPVL,I2L
CEPVL,I2R
CEPVL,IL1DL
CEPVL,IL1DR
CEPVL,IL1L
CEPVL,IL1VL
CEPVL,IL1VR
CEPVL,IL2DR
CEPVL,IL2L
CEPVL,IL2R
CEPVL,LUAL
CEPVL,M3R
CEPVL,M4
CEPVL,M5
CEPVL,NSML
CEPVL,NSMR
CEPVL,OLQDR
CEPVL,PDA
CEPVL,PDEL
CEPVL,PDER
CEPVL,PHAL
CEPVL,PHBL
CEPVL,PHBR
CEPVL,PHCR
CEPVL,PLNL
CEPVL,PVCR
CEPVL,PVDL
CEPVL,PVDR
CEPVL,PVPL
CEPVL,PVPR
CEPVL,PVQL
CEPVL,PVQR
CEPVL,PVR
CEPVL,PVT
CEPVL,RIAL
CEPVL,RIAR
CEPVL,RIBL
CEPVL,RICL
CEPVL,RID
CEPVL,RIFL
CEPVL,RIFR
CEPVL,RIGL
CEPVL,RIH
CEPVL,RIML
CEPVL,RIMR
CEPVL,RIPL
CEPVL,RIPR
CEPVL,RIR
CEPVL,RMDDL
CEPVL,RMDDR
CEPVL,RMDL
CEPVL,RMDR
CEPVL,RMDVL
CEPVL,RMDVR
CEPVL,RMED
CEPVL,RMEL
CEPVL,RMEV
CEPVL,RMFL
CEPVL,RMFR
CEPVL,RMGL
CEPVL,RMHL
CEPVL,RMHR
CEPVL,SAADL
CEPVL,SAADR
CEPVL,SAAVL
CEPVL,SABD
CEPVL,SABVR
CEPVL,SDQL
CEPVL,SIADL
CEPVL,SIADR
CEPVL,SIBDR
CEPVL,SIBVL
CEPVL,SMBDL
CEPVL,SMBVL
CEPVL,SMBVR
CEPVL,SMDDR
CEPVL,SMDVL
CEPVL,SMDVR
CEPVL,URADL
CEPVL,URBL
CEPVL,URBR
CEPVL,URYDR
CEPVL,URYVR
CEPVL,VA2
CEPVL,VA4
CEPVL,VA5
CEPVL,VA7
CEPVL,VA9
CEPVL,VB1
CEPVL,VB11
CEPVL,VB2
CEPVL,VB6
CEPVL,VB8
CEPVL,VC1
CEPVL,VC2
CEPVL,VD1
CEPVL,VD13
CEPVL,VD2
CEPVL,VD5
CEPVL,VD6
CEPVL,VD7
CEPVL,VD8
CEPVL,VD9
CEPVR,CEPVR
CEPVR,DA1
CEPVR,DA2
CEPVR,DA3
CEPVR,DA4
CEPVR,DA6
CEPVR,DA7
CEPVR,DA8
CEPVR,DA9
CEPVR,DB2
CEPVR,DB4
CEPVR,DB5
CEPVR,DB7
CEPVR,DD1
CEPVR,DD3
CEPVR,DD4
CEPVR,DD5
CEPVR,DVA
CEPVR,FLPL
CEPVR,FLPR
CEPVR,HSNL
CEPVR,HSNR
CEPVR,I1R
CEPVR,I2L
CEPVR,I3
CEPVR,I5
CEPVR,I6
CEPVR,IL1DR
CEPVR,IL1L
CEPVR,IL1VL
CEPVR,IL1VR
CEPVR,IL2L
CEPVR,M3L
CEPVR,MI
CEPVR,NSML
CEPVR,NSMR
CEPVR,OLLL
CEPVR,OLLR
CEPVR,OLQDR
CEPVR,OLQVR
CEPVR,PDA
CEPVR,PDEL
CEPVR,PDER
CEPVR,PHBR
CEPVR,PHCL
CEPVR,PHCR
CEPVR,PLML
CEPVR,PLNR
CEPVR,PQR
CEPVR,PVCL
CEPVR,PVCR
CEPVR,PVDR
CEPVR,PVNR
CEPVR,PVPR
CEPVR,PVQR
CEPVR,PVR
CEPVR,PVT
CEPVR,PVWL
CEPVR,PVWR
CEPVR,RIAL
CEPVR,RIAR
CEPVR,RIBL
CEPVR,RIBR
CEPVR,RICR
CEPVR,RID
CEPVR,RIFL
CEPVR,RIFR
CEPVR,RIGR
CEPVR,RIH
CEPVR,RIML
CEPVR,RIMR
CEPVR,RIS
CEPVR,RIVR
CEPVR,RMDL
CEPVR,RMDVR
CEPVR,RMER
CEPVR,RMEV
CEPVR,RMHL
CEPVR,SAADR
CEPVR,SDQL
CEPVR,SDQR
CEPVR,SIADR
CEPVR,SIBDR
CEPVR,SIBVL
CEPVR,SIBVR
CEPVR,SMBDL
CEPVR,SMBDR
CEPVR,SMBVL
CEPVR,SMBVR
CEPVR,SMDDL
CEPVR,SMDDR
CEPVR,URADL
CEPVR,URBR
CEPVR,URXL
CEPVR,URYDL
CEPVR,URYVR
CEPVR,VA3
CEPVR,VA5
CEPVR,VB11
CEPVR,VB2
CEPVR,VB3
CEPVR,VB4
CEPVR,VB5
CEPVR,VB7
CEPVR,VB9
CEPVR,VC2
CEPVR,VC3
CEPVR,VC5
CEPVR,VD1
CEPVR,VD10
CEPVR,VD11
CEPVR,VD12
CEPVR,VD13
CEPVR,VD2
CEPVR,VD3
CEPVR,VD4
CEPVR,VD6
DA1,DA3
DA1,DVA
DA1,NSML
DA1,PDEL
DA1,PVCL
DA1,RIAR
DA1,RIGL
DA1,RIH
DA1,RMDDL
DA1,RMDVR
DA1,URXR
DA1,VC6
DA2,DD2
DA2,HSNL
DA2,IL1VR
DA2,M3R
DA2,NSML
DA2,PDEL
DA2,PDER
DA2,PHCL
DA2,PLMR
DA2,PVNL
DA2,PVQL
DA2,PVWR
DA2,RICL
DA2,RID
DA2,RIVR
DA2,VA6
DA2,VA9
DA2,VD11
DA2,VD12
DA2,VD6
DA3,DA7
DA3,DB7
DA3,OLLR
DA3,PDEL
DA3,PDER
DA3,PHBL
DA3,PVCL
DA3,PVPL
DA3,RIH
DA3,RIMR
DA3,RMDVR
DA3,RMEL
DA3,SAAVL
DA3,VC1
DA3,VC3
DA3,VD1
DA3,VD3
DA4,DA8
DA4,DVA
DA4,HSNR
DA4,IL2R
DA4,PDEL
DA4,PDER
DA4,PHCL
DA4,RIAL
DA4,RIAR
DA4,RIGL
DA4,RIH
DA4,RMEV
DA4,SMDVR
DA4,URYVR
DA4,VD6
DA5,DA7
DA5,DD1
DA5,DD4
DA5,HSNL
DA5,HSNR
DA5,M3L
DA5,NSMR
DA5,PLNL
DA5,PVCL
DA5,PVCR
DA5,PVNR
DA5,PVPR
DA5,RIGL
DA5,RIGR
DA5,RIML
DA5,RIMR
DA5,RMDVR
DA5,RMFL
DA5,SIBVR
DA5,URYDR
DA5,VB6
DA6,HSNR
DA6,I1L
DA6,NSMR
DA6,PDER
DA6,PVPR
DA6,PVR
DA6,PVWL
DA6,RICR
DA6,SAADR
DA6,SIBDL
DA6,SMDVR
DA7,DB1
DA7,DB4
DA7,DB7
DA7,IL1VR
DA7,PDER
DA7,PHBR
DA7,PLMR
DA7,PVDR
DA7,RIMR
DA7,SDQR
DA7,SIAVL
DA7,SMDVR
DA7,URAVR
DA7,VD1
DA7,VD11
DA7,VD8
DA8,DB2
DA8,DD1
DA8,DD2
DA8,DVA
DA8,HSNR
DA8,IL2R
DA8,NSMR
DA8,PDEL
DA8,PDER
DA8,PVR
DA8,PVT
DA8,RIAR
DA8,RICL
DA8,RIFR
DA8,RIML
DA8,RIS
DA8,RMDR
DA8,SIBDR
DA8,SIBVL
DA8,SMDDR
DA8,SMDVL
DA8,VB1
DA8,VB5
DA8,VC3
DA8,VC5
DA8,VC6
DA8,VD2
DA9,HSNR
DA9,IL1VL
DA9,IL2L
DA9,M3L
DA9,NSML
DA9,PDB
DA9,PVNL
DA9,RIBL
DA9,RIGR
DA9,RIS
DA9,RMDDR
DA9,URYVL
DA9,VA3
DA9,VA4
DA9,VB6
DA9,VB8
DA9,VD5
DB1,HSNL
DB1,IL1VR
DB1,IL2L
DB1,LUAR
DB1,PVPL
DB1,PVR
DB1,RMDVR
DB1,RMFL
DB1,VB3
DB2,DVA
DB2,HSNL
DB2,HSNR
DB2,I1L
DB2,PDEL
DB2,PDER
DB2,PVCL
DB2,RIBL
DB2,RICL
DB2,RIMR
DB2,RMDR
DB2,SIADL
DB2,URAVR
DB2,URBL
DB2,URXR
DB2,VA9
DB2,VD8
DB3,HSNR
DB3,PDEL
DB3,PDER
DB3,PVPL
DB3,RIML
DB3,RIMR
DB3,RIPR
DB3,RIVR
DB3,RMDDR
DB3,RMER
DB3,RMHL
DB3,SAADR
DB3,SIADL
DB3,SIADR
DB3,SIBVL
DB3,URXL
DB3,URYVL
DB3,VA11
DB3,VB3
DB3,VB6
DB3,VB7
DB3,VB9
DB3,VD12
DB3,VD3
DB3,VD6
DB4,DD3
DB4,DVA
DB4,DVC
DB4,FLPL
DB4,PDEL
DB4,RIAL
DB4,RIAR
DB4,RIH
DB4,RIMR
DB4,SDQL
DB4,SIAVL
DB4,SIAVR
DB4,URADL
DB4,VA11
DB4,VC2
DB5,HSNL
DB5,HSNR
DB5,I6
DB5,IL2VR
DB5,OLLR
DB5,OLQVL
DB5,RIAR
DB5,RIML
DB5,RMDDR
DB5,SMDDL
DB5,URXR
DB5,VB10
DB5,VC1
DB5,VD4
DB6,M2L
DB6,PHBR
DB6,PVR
DB6,RICR
DB6,RIML
DB6,RIMR
DB6,RIVL
DB6,RMDVR
DB6,SIADL
DB6,SIAVL
DB6,SMDDR
DB6,VD4
DB7,DD1
DB7,DD5
DB7,HSNL
DB7,HSNR
DB7,I6
DB7,LUAL
DB7,PDA
DB7,PVNR
DB7,RIGL
DB7,RIML
DB7,RIVL
DB7,SAAVR
DB7,VA5
DB7,VB11
DD1,DVA
DD1,HSNR
DD1,IL1DL
DD1,IL2R
DD1,LUAR
DD1,NSML
DD1,PDEL
DD1,PDER
DD1,PLNL
DD1,PQR
DD1,PVR
DD1,PVWL
DD1,RIAL
DD1,RIMR
DD1,RIPL
DD1,RMEV
DD1,RMGL
DD1,SIAVL
DD1,VD4
DD1,VD6
DD2,IL2L
DD2,NSMR
DD2,PDEL
DD2,PLNR
DD2,PVNR
DD2,PVQL
DD2,RIAR
DD2,RIBR
DD2,RIMR
DD2,RIS
DD2,RMED
DD2,RMER
DD2,RMGR
DD2,SMDVR
DD2,URXR
DD2,URYDR
DD2,VA6
DD2,VB1
DD2,VB9
DD2,VC2
DD2,VD6
DD2,VD9
DD3,DVA
DD3,DVC
DD3,HSNR
DD3,I2L
DD3,MCL
DD3,PDER
DD3,RIML
DD3,RIMR
DD3,RIVL
DD3,RMDR
DD3,RMFL
DD3,SMDDL
DD3,VA7
DD3,VC2
DD3,VD10
DD4,DVA
DD4,FLPL
DD4,HSNL
DD4,I2R
DD4,MCL
DD4,PHAL
DD4,PHCR
DD4,PLMR
DD4,PQR
DD4,RIBL
DD4,RIGL
DD4,RIMR
DD4,URYVL
DD4,VB11
DD5,DVC
DD5,HSNL
DD5,PVDR
DD5,PVWR
DD5,RICL
DD5,RIGR
DD5,RIMR
DD5,RIVL
DD5,VB1
DD5,VD2
DD5,VD9
DD6,DVA
DD6,FLPL
DD6,HSNL
DD6,HSNR
DD6,PDEL
DD6,PDER
DD6,PHAR
DD6,PHBL
DD6,PHBR
DD6,PLML
DD6,PLNL
DD6,PVNR
DD6,PVPR
DD6,PVT
DD6,RIBR
DD6,RID
DD6,RIML
DD6,RIMR
DD6,RIS
DD6,RMDDR
DD6,SIADR
DD6,SIAVR
DD6,SIBDR
DD6,SMBVR
DD6,URYDL
DD6,VA9
DD6,VB3
DD6,VB7
DD6,VD9
DVA,HSNL
DVA,HSNR
DVA,I2R
DVA,NSMR
DVA,OLLR
DVA,PDER
DVA,PHCR
DVA,PVCL
DVA,PVNR
DVA,PVPL
DVA,PVPR
DVA,PVQL
DVA,PVT
DVA,PVWR
DVA,RIAL
DVA,RIBL
DVA,RIH
DVA,RIML
DVA,RIMR
DVA,RIPL
DVA,RMDDL
DVA,RMDDR
DVA,RMDL
DVA,RMEV
DVA,SAADR
DVA,SIAVR
DVA,SIBVL
DVA,SMBDR
DVA,SMDDR
DVA,URYVR
DVA,VA12
DVA,VA2
DVA,VA3
DVA,VA8
DVA,VA9
DVA,VD11
DVA,VD2
DVA,VD5
DVA,VD8
DVA,VD9
DVB,HSNL
DVB,HSNR
DVB,M3R
DVB,NSML
DVB,NSMR
DVB,PVCL
DVB,RIPL
DVB,RIVR
DVB,SIBDR
DVC,HSNL
DVC,HSNR
DVC,IL1DR
DVC,IL1L
DVC,IL2DR
DVC,M3L
DVC,OLQDL
DVC,OLQDR
DVC,PDEL
DVC,PDER
DVC,PVNR
DVC,PVQL
DVC,PVT
DVC,RIBL
DVC,RICL
DVC,RID
DVC,RIS
DVC,RMGL
DVC,RMHL
DVC,SMDDR
DVC,URBR
DVC,VA11
DVC,VB4
DVC,VC1
DVC,VD11
DVC,VD5
DVC,VD6
FLPL,MCL
FLPL,NSMR
FLPL,PDEL
FLPL,PDER
FLPL,PHBL
FLPL,PVDR
FLPL,PVNL
FLPL,RIGR
FLPL,RIMR
FLPL,RMDL
FLPL,RMED
FLPL,SMDDR
FLPR,M2L
FLPR,NSML
FLPR,PVCL
FLPR,PVCR
FLPR,PVPR
FLPR,PVT
FLPR,RID
FLPR,RMDDL
FLPR,RMGR
FLPR,SAAVR
FLPR,SIADL
FLPR,URYDL
FLPR,VA2
FLPR,VB1
FLPR,VC3
HSNL,HSNR
HSNL,I1L
HSNL,I2R
HSNL,I4
HSNL,IL1R
HSNL,IL2L
HSNL,M3R
HSNL,M5
HSNL,MCL
HSNL,MCR
HSNL,NSML
HSNL,NSMR
HSNL,OLQVL
HSNL,PDA
HSNL,PDEL
HSNL,PHBR
HSNL,PHCR
HSNL,PLML
HSNL,PQR
HSNL,PVCR
HSNL,PVDL
HSNL,PVNR
HSNL,PVR
HSNL,PVT
HSNL,PVWR
HSNL,RIAL
HSNL,RIBR
HSNL,RICL
HSNL,RICR
HSNL,RIGL
HSNL,RIMR
HSNL,RMDL
HSNL,RMDR
HSNL,RMDVL
HSNL,RMED
HSNL,RMEV
HSNL,RMFR
HSNL,RMGR
HSNL,RMHR
HSNL,SAADL
HSNL,SAAVL
HSNL,SAAVR
HSNL,SABD
HSNL,SDQR
HSNL,SIBVR
HSNL,SMBDL
HSNL,SMDDL
HSNL,SMDDR
HSNL,URBL
HSNL,URBR
HSNL,VA1
HSNL,VA10
HSNL,VA4
HSNL,VA5
HSNL,VA7
HSNL,VA8
HSNL,VB2
HSNL,VB4
HSNL,VB6
HSNL,VD1
HSNL,VD13
HSNL,VD5
HSNL,VD9
HSNR,I2L
HSNR,I5
HSNR,IL2VR
HSNR,M4
HSNR,MI
HSNR,NSML
HSNR,OLLL
HSNR,OLQVL
HSNR,PDEL
HSNR,PDER
HSNR,PHAL
HSNR,PHAR
HSNR,PQR
HSNR,PVCL
HSNR,PVCR
HSNR,PVDR
HSNR,PVPR
HSNR,PVQR
HSNR,PVR
HSNR,PVT
HSNR,RIAL
HSNR,RIBL
HSNR,RIBR
HSNR,RICL
HSNR,RICR
HSNR,RIFL
HSNR,RIFR
HSNR,RIGL
HSNR,RIH
HSNR,RIMR
HSNR,RIR
HSNR,RIS
HSNR,RIVR
HSNR,RMDDL
HSNR,RMDDR
HSNR,RMDL
HSNR,RMDR
HSNR,RMDVR
HSNR,RMEL
HSNR,RMER
HSNR,RMEV
HSNR,RMHL
HSNR,SAAVR
HSNR,SIAVR
HSNR,SIBDR
HSNR,SIBVR
HSNR,SMDDL
HSNR,URAVL
HSNR,URXL
HSNR,URXR
HSNR,URYDL
HSNR,URYDR
HSNR,VA8
HSNR,VB11
HSNR,VB2
HSNR,VB3
HSNR,VD1
HSNR,VD10
HSNR,VD12
HSNR,VD13
HSNR,VD3
HSNR,VD6
I1L,NSML
I1L,PDEL
I1L,PDER
I1L,PVCL
I1L,RIBL
I1L,RICR
I1L,RMED
I1L,SIAVR
I1L,VB4
I1L,VB5
I1L,VC6
I1L,VD9
I1R,IL2VR
I1R,M4
I1R,PDB
I1R,PDEL
I1R,PHBL
I1R,PVT
I1R,PVWR
I1R,RIML
I1R,RIMR
I1R,RIS
I1R,RMDDR
I1R,SMBVL
I1R,VB10
I2L,IL2DL
I2L,NSMR
I2L,PHAL
I2L,PVNR
I2L,RIAR
I2L,RID
I2L,SIBVL
I2L,SMBDL
I2L,SMDDR
I2R,OLQDL
I2R,PDEL
I2R,PDER
I2R,PHBL
I2R,PLNL
I2R,RIBR
I2R,RIFR
I2R,RIR
I2R,RMDVL
I2R,RMHL
I2R,SABD
I2R,SDQR
I2R,URAVR
I2R,URYVR
I2R,VB7
I2R,VD1
I3,I5
I3,IL2VL
I3,RICL
I3,RICR
I3,RMED
I3,URXL
I3,URYVR
I3,VA10
I3,VB11
I4,PVPL
I4,SAAVL
I4,SMBDL
I4,SMDVR
I4,VB11
I4,VD3
I5,NSML
I5,OLQDL
I5,PVCL
I5,RIFR
I5,RIVR
I5,SIAVR
I5,URBL
I6,OLQVL
I6,RICR
I6,RIMR
I6,RMDDL
I6,URXL
IL1DL,IL1R
IL1DL,M3L
IL1DL,PVCR
IL1DL,SIADL
IL1DL,VD4
IL1DR,NSML
IL1DR,PDEL
IL1DR,PDER
IL1DR,PHBR
IL1DR,PVPR
IL1DR,VC2
IL1L,PDER
IL1L,PVNR
IL1L,RIVR
IL1L,SIBDL
IL1L,URYVL
IL1L,VB7
IL1L,VD12
IL1L,VD5
IL1R,PDER
IL1R,PQR
IL1R,PVCR
IL1R,PVDL
IL1R,PVNR
IL1R,PVPL
IL1R,RIBL
IL1R,RIML
IL1R,URADL
IL1R,VA10
IL1R,VD12
IL1R,VD3
IL1VL,IL2L
IL1VL,NSMR
IL1VL,PDA
IL1VL,PDEL
IL1VL,PDER
IL1VL,PVCR
IL1VL,RIH
IL1VL,RIMR
IL1VL,URYVR
IL1VR,PQR
IL1VR,PVPL
IL1VR,RICL
IL1VR,VA3
IL1VR,VA8
IL1VR,VB1
IL2DL,OLLR
IL2DL,PDEL
IL2DL,PDER
IL2DL,RIGR
IL2DL,SMBDL
IL2DL,SMBVL
IL2DL,URADR
IL2DL,URBL
IL2DL,URXL
IL2DL,VA2
IL2DL,VD8
IL2DR,LUAL
IL2DR,OLQVL
IL2DR,PVCR
IL2DR,RICL
IL2DR,RIR
IL2DR,RMDDL
IL2DR,RMEV
IL2DR,RMGL
IL2DR,SIADR
IL2DR,SMDDL
IL2L,NSML
IL2L,NSMR
IL2L,PDEL
IL2L,PDER
IL2L,PVPL
IL2L,RIGR
IL2L,RIML
IL2L,RIMR
IL2L,RMDDR
IL2L,RMEL
IL2L,SIBDL
IL2L,URBL
IL2L,URYDR
IL2L,VA5
IL2L,VD1
IL2R,LUAL
IL2R,NSML
IL2R,PDEL
IL2R,PDER
IL2R,PVPL
IL2R,RIMR
IL2R,RMDL
IL2R,RMDR
IL2R,SAAVR
IL2R,VA1
IL2R,VD8
IL2VL,LUAL
IL2VL,M3R
IL2VL,NSMR
IL2VL,OLLR
IL2VL,RIML
IL2VL,RIMR
IL2VL,RIR
IL2VL,SMBVL
IL2VL,URXR
IL2VL,VB2
IL2VL,VD10
IL2VR,NSML
IL2VR,NSMR
IL2VR,PDEL
IL2VR,PDER
IL2VR,PVCR
IL2VR,RIBR
IL2VR,RIGL
IL2VR,RIS
IL2VR,SAAVL
IL2VR,URYVL
IL2VR,VC1
LUAL,RIAL
LUAL,RIH
LUAL,RIMR
LUAL,RIVR
LUAL,SIADR
LUAL,SIBVL
LUAL,VA3
LUAR,NSML
LUAR,PDEL
LUAR,PVPR
LUAR,RIBL
LUAR,RIBR
LUAR,RIML
LUAR,SIADL
LUAR,SIBVL
LUAR,SMDDR
LUAR,URYVL
LUAR,VA10
LUAR,VD3
M1,PDER
M1,RID
M1,RIMR
M1,RMGR
M1,SAAVL
M1,VA3
M1,VB11
M1,VD11
M2L,RIML
M2L,URADR
M2L,VA12
M2L,VB1
M2L,VD12
M2R,PVNR
M2R,PVWR
M2R,RMDL
M2R,RMDR
M2R,RMHL
M2R,SAAVL
M2R,VA12
M2R,VD3
M3L,PDER
M3L,RIML
M3L,RIMR
M3L,RMDVR
M3L,URYVL
M3L,URYVR
M3L,VA11
M3L,VD13
M3R,PDER
M3R,RIGL
M3R,RIMR
M3R,RMFR
M3R,SMDDL
M3R,URAVL
M4,NSMR
M4,PDER
M4,PVQL
M4,RICL
M4,RIMR
M4,SAADL
M4,SMDDL
M4,URYVR
M4,VB7
M5,RIML
M5,RMDL
M5,SAAVL
M5,SIBDR
M5,VB11
MCL,PDEL
MCL,PDER
MCL,RIML
MCL,RMDL
MCL,SABVL
MCL,SMBVR
MCR,PVCL
MCR,PVQL
MCR,PVQR
MCR,RIAL
MCR,RIMR
MCR,RMDDR
MCR,SIBVR
MCR,SMDVL
MCR,URYVL
MCR,VC3
MI,NSML
MI,RIAR
MI,RIR
MI,SDQL
MI,SDQR
MI,URYVR
NSML,NSMR
NSML,OLLL
NSML,OLQVR
NSML,PDEL
NSML,PDER
NSML,PHAR
NSML,PLNL
NSML,PQR
NSML,PVNL
NSML,PVNR
NSML,PVQR
NSML,PVR
NSML,RIAR
NSML,RIBR
NSML,RICR
NSML,RIFR
NSML,RIH
NSML,RIML
NSML,RIPR
NSML,RIS
NSML,RMDL
NSML,RMGL
NSML,SAADL
NSML,SAADR
NSML,SAAVL
NSML,SDQL
NSML,SMBDR
NSML,SMBVR
NSML,SMDDL
NSML,SMDVL
NSML,URAVL
NSML,URBR
NSML,URYVR
NSML,VA1
NSML,VA11
NSML,VA12
NSML,VA2
NSML,VA3
NSML,VB1
NSML,VB2
NSML,VB4
NSML,VB8
NSML,VC2
NSML,VD1
NSML,VD11
NSML,VD2
NSML,VD6
NSML,VD7
NSML,VD9
NSMR,OLLR
NSMR,PDA
NSMR,PDER
NSMR,PHCR
NSMR,PVCL
NSMR,PVCR
NSMR,PVNR
NSMR,PVPL
NSMR,PVR
NSMR,PVT
NSMR,PVWR
NSMR,RIAR
NSMR,RIBL
NSMR,RICR
NSMR,RID
NSMR,RIGR
NSMR,RIH
NSMR,RIML
NSMR,RIMR
NSMR,RIPL
NSMR,RIVL
NSMR,RMDR
NSMR,RMFR
NSMR,RMGL
NSMR,RMHL
NSMR,SAAVL
NSMR,SDQL
NSMR,SIADL
NSMR,SIADR
NSMR,SIAVR
NSMR,SIBVL
NSMR,SMDDL
NSMR,SMDVR
NSMR,URAVL
NSMR,URYDR
NSMR,VA1
NSMR,VA10
NSMR,VA12
NSMR,VA6
NSMR,VB1
NSMR,VB6
NSMR,VC3
NSMR,VC5
NSMR,VD11
NSMR,VD3
NSMR,VD5
NSMR,VD7
OLLL,PHAR
OLLL,PVPR
OLLL,RICR
OLLL,RIML
OLLL,RIMR
OLLL,RMDL
OLLL,SIBDR
OLLL,URAVR
OLLL,URYVL
OLLL,VA6
OLLL,VC6
OLLL,VD6
OLLR,PDEL
OLLR,PDER
OLLR,PVCL
OLLR,RIAR
OLLR,RIBR
OLLR,RIFR
OLLR,RIML
OLLR,RIMR
OLLR,RMDDL
OLLR,RMDL
OLLR,RMGL
OLLR,SIBDL
OLLR,SMBVL
OLLR,URXL
OLLR,VD2
OLQDL,PDEL
OLQDL,PDER
OLQDL,PVQR
OLQDL,PVR
OLQDL,RIMR
OLQDL,RMDL
OLQDL,RMDVL
OLQDL,SIBDL
OLQDL,SIBVR
OLQDR,PHBL
OLQDR,PVPL
OLQDR,RIML
OLQDR,RIS
OLQDR,RMDL
OLQDR,RMDR
OLQDR,SMDVL
OLQDR,URYDL
OLQDR,VA6
OLQDR,VB3
OLQDR,VD5
OLQDR,VD7
OLQVL,PDER
OLQVL,PHAL
OLQVL,PVCR
OLQVL,PVT
OLQVL,RIBR
OLQVL,RICL
OLQVL,RID
OLQVL,RMDVR
OLQVL,URXR
OLQVL,URYVL
OLQVL,VC2
OLQVR,PVNR
OLQVR,RIBL
OLQVR,RID
OLQVR,RIGR
OLQVR,SIBDL
OLQVR,VA5
OLQVR,VA8
OLQVR,VB8
OLQVR,VD3
PDA,PDEL
PDA,PDER
PDA,PHBL
PDA,PVDL
PDA,PVM
PDA,PVR
PDA,PVT
PDA,RIML
PDA,RMGL
PDA,SIAVR
PDB,PVCR
PDB,RID
PDB,VD2
PDEL,PDER
PDEL,PHAR
PDEL,PHBR
PDEL,PLMR
PDEL,PQR
PDEL,PVCL
PDEL,PVCR
PDEL,PVDL
PDEL,PVNR
PDEL,PVPL
PDEL,PVPR
PDEL,PVQL
PDEL,PVQR
PDEL,PVR
PDEL,PVT
PDEL,RIAL
PDEL,RIAR
PDEL,RIBL
PDEL,RIBR
PDEL,RICL
PDEL,RICR
PDEL,RID
PDEL,RIFL
PDEL,RIFR
PDEL,RIML
PDEL,RIMR
PDEL,RIPR
PDEL,RIR
PDEL,RMDDR
PDEL,RMDL
PDEL,RMDVL
PDEL,RMED
PDEL,RMEL
PDEL,RMER
PDEL,RMFL
PDEL,RMGL
PDEL,RMHL
PDEL,SAADL
PDEL,SAADR
PDEL,SAAVL
PDEL,SABD
PDEL,SIBDL
PDEL,SIBDR
PDEL,SIBVL
PDEL,SIBVR
PDEL,SMBVR
PDEL,SMDDL
PDEL,SMDDR
PDEL,SMDVL
PDEL,SMDVR
PDEL,URBR
PDEL,URXL
PDEL,URXR
PDEL,URYDL
PDEL,URYDR
PDEL,VA10
PDEL,VA11
PDEL,VA2
PDEL,VA5
PDEL,VA6
PDEL,VA7
PDEL,VB3
PDEL,VB4
PDEL,VB9
PDEL,VC2
PDEL,VC6
PDEL,VD1
PDEL,VD10
PDEL,VD11
PDEL,VD12
PDEL,VD13
PDEL,VD2
PDEL,VD3
PDEL,VD5
PDEL,VD6
PDEL,VD7
PDEL,VD9
PDER,PHAR
PDER,PHBL
PDER,PHBR
PDER,PHCL
PDER,PLML
PDER,PLMR
PDER,PLNR
PDER,PQR
PDER,PVCL
PDER,PVDL
PDER,PVNL
PDER,PVNR
PDER,PVQL
PDER,PVQR
PDER,PVT
PDER,PVWR
PDER,RIAR
PDER,RICL
PDER,RICR
PDER,RID
PDER,RIGL
PDER,RIH
PDER,RIML
PDER,RIMR
PDER,RIPR
PDER,RIR
PDER,RMDDL
PDER,RMDL
PDER,RMDVR
PDER,RMEL
PDER,RMER
PDER,RMEV
PDER,RMGR
PDER,RMHL
PDER,SAAVR
PDER,SDQL
PDER,SIADL
PDER,SIAVL
PDER,SIAVR
PDER,SIBDL
PDER,SIBDR
PDER,SIBVR
PDER,SMBVL
PDER,SMBVR
PDER,SMDDR
PDER,SMDVL
PDER,URADL
PDER,URADR
PDER,URBR
PDER,URXL
PDER,URYDR
PDER,URYVR
PDER,VA10
PDER,VA11
PDER,VA5
PDER,VA9
PDER,VB1
PDER,VB10
PDER,VB11
PDER,VB4
PDER,VB7
PDER,VB8
PDER,VB9
PDER,VC2
PDER,VC5
PDER,VD10
PDER,VD11
PDER,VD12
PDER,VD2
PDER,VD4
PDER,VD6
PDER,VD8
PHAL,RIBR
PHAL,RICR
PHAL,SMDDL
PHAL,URYVL
PHAR,PVPL
PHAR,RIAR
PHAR,RICR
PHAR,RIML
PHAR,RMDVL
PHAR,URXR
PHBL,RICL
PHBL,RMHL
PHBL,RMHR
PHBL,VB2
PHBR,PLNL
PHBR,PVCR
PHBR,RMDR
PHBR,SIADL
PHBR,URYVR
PHBR,VA11
PHCL,PLNL
PHCL,PVCR
PHCL,PVPR
PHCL,RIAR
PHCL,RICR
PHCL,RIMR
PHCL,RMHR
PHCL,URBR
PHCL,URYDL
PHCL,VA9
PHCL,VD9
PHCR,PVWL
PHCR,RICL
PHCR,RMHR
PHCR,SAAVR
PHCR,SMBVR
PHCR,VD11
PHCR,VD5
PLML,RIBR
PLML,SIBVR
PLML,VB6
PLML,VC4
PLML,VD12
PLMR,RICR
PLMR,RIVR
PLMR,SMDVR
PLMR,VD4
PLMR,VD7
PLNL,RMER
PLNL,RMGR
PLNL,SAADL
PLNL,VB11
PLNR,RIMR
PLNR,RIS
PQR,RICL
PQR,RIML
PQR,RIPL
PQR,SIBVL
PQR,SMBDL
PQR,SMDDL
PQR,VD6
PVCL,PVDR
PVCL,PVPR
PVCL,PVQR
PVCL,PVR
PVCL,RIAL
PVCL,RICL
PVCL,RICR
PVCL,RID
PVCL,RIGL
PVCL,RIML
PVCL,RIPL
PVCL,RIVL
PVCL,RMDDL
PVCL,RMGR
PVCL,RMHL
PVCL,RMHR
PVCL,SAADL
PVCL,SAAVL
PVCL,SIADR
PVCL,SMDVL
PVCL,URADL
PVCL,URAVL
PVCL,URXR
PVCL,VA12
PVCL,VA3
PVCL,VA6
PVCL,VB11
PVCL,VB3
PVCL,VC1
PVCL,VD10
PVCL,VD2
PVCL,VD4
PVCR,RIAL
PVCR,RIAR
PVCR,RIBR
PVCR,RICR
PVCR,RIGR
PVCR,RIML
PVCR,RIMR
PVCR,RIVR
PVCR,RMEL
PVCR,RMER
PVCR,RMEV
PVCR,RMFL
PVCR,RMGL
PVCR,RMHL
PVCR,RMHR
PVCR,SAAVR
PVCR,SABD
PVCR,SIADR
PVCR,SMBVL
PVCR,URAVR
PVCR,URBR
PVCR,URYDR
PVCR,VA12
PVCR,VA6
PVCR,VB11
PVCR,VB6
PVCR,VB8
PVDL,RIAR
PVDL,RICL
PVDL,RID
PVDL,SIADR
PVDL,VB3
PVDL,VD12
PVDL,VD2
PVDR,RIMR
PVDR,RMGR
PVDR,RMHR
PVDR,SAADR
PVDR,SDQL
PVDR,SIADR
PVDR,URAVR
PVDR,URXR
PVDR,VB6
PVDR,VC1
PVM,RIAL
PVM,RIGL
PVM,RIH
PVM,RMFR
PVM,SIADR
PVM,VD8
PVNL,PVPL
PVNL,PVR
PVNL,PVWL
PVNL,RICR
PVNL,RIFR
PVNL,RMDDL
PVNL,RMDL
PVNL,SAADR
PVNL,SDQL
PVNL,URXR
PVNL,VD3
PVNR,PVQL
PVNR,RIBL
PVNR,RIBR
PVNR,RIMR
PVNR,RMEL
PVNR,RMGL
PVNR,SIADR
PVNR,SMDDR
PVNR,SMDVR
PVNR,VA1
PVNR,VA11
PVNR,VA3
PVNR,VA7
PVNR,VB1
PVNR,VB5
PVNR,VD5
PVPL,PVR
PVPL,RICR
PVPL,RIS
PVPL,RMDL
PVPL,RMER
PVPL,RMFL
PVPL,RMFR
PVPL,SABVR
PVPL,SIBVR
PVPL,SMDVL
PVPL,URBL
PVPL,URXL
PVPL,VA3
PVPL,VA6
PVPL,VA8
PVPL,VB8
PVPL,VD10
PVPL,VD7
PVPR,PVT
PVPR,RIBL
PVPR,RIBR
PVPR,RICR
PVPR,RIML
PVPR,RIMR
PVPR,SABVR
PVPR,URYVL
PVPR,URYVR
PVPR,VA6
PVPR,VB1
PVPR,VB3
PVPR,VB8
PVPR,VD11
PVQL,PVWR
PVQL,RIBR
PVQL,RID
PVQL,RIFL
PVQL,RIML
PVQL,RIMR
PVQL,SIAVL
PVQL,SMBDR
PVQL,VA12
PVQL,VA8
PVQL,VB1
PVQL,VD11
PVQL,VD9
PVQR,PVT
PVQR,RIFR
PVQR,RIS
PVQR,RMDL
PVQR,RMDR
PVQR,RMEV
PVQR,SAAVL
PVQR,URADR
PVQR,VA11
PVQR,VA3
PVQR,VB1
PVQR,VB2
PVQR,VB6
PVQR,VD10
PVQR,VD3
PVQR,VD5
PVR,RIBR
PVR,RICL
PVR,RICR
PVR,RIGL
PVR,RIML
PVR,RIR
PVR,RMDR
PVR,RMDVR
PVR,RMHL
PVR,SABD
PVR,SMDDL
PVR,SMDVL
PVR,URAVR
PVR,URYVL
PVR,URYVR
PVR,VB1
PVR,VB4
PVT,RIAR
PVT,RIBR
PVT,RIH
PVT,RIML
PVT,RIMR
PVT,RMDL
PVT,RMDVL
PVT,SIADL
PVT,SIBDR
PVT,SMBDR
PVT,SMDDR
PVT,URBL
PVT,URXL
PVT,URYVL
PVT,VA10
PVT,VA12
PVT,VA2
PVT,VD11
PVT,VD12
PVWL,RIFL
PVWL,RIH
PVWL,RIMR
PVWL,RIR
PVWL,RMDVL
PVWL,RMEV
PVWL,VD12
PVWR,URBR
PVWR,VA6
RIAL,RIAR
RIAL,RIBL
RIAL,RICL
RIAL,RICR
RIAL,RIGR
RIAL,RIML
RIAL,RIMR
RIAL,RMDDL
RIAL,RMDVL
RIAL,RMDVR
RIAL,SAAVL
RIAL,SAAVR
RIAL,SIAVR
RIAL,SIBDL
RIAL,SIBDR
RIAL,SMDVR
RIAL,URADR
RIAL,URYDL
RIAL,VA10
RIAL,VA3
RIAL,VA9
RIAL,VB1
RIAL,VD2
RIAR,RICL
RIAR,RICR
RIAR,RIGR
RIAR,RIMR
RIAR,RIS
RIAR,RMHR
RIAR,SIADL
RIAR,SIBVL
RIAR,SIBVR
RIAR,SMBDL
RIAR,SMDVL
RIAR,URYDR
RIAR,URYVR
RIAR,VA12
RIAR,VA2
RIAR,VA3
RIAR,VC6
RIAR,VD1
RIAR,VD4
RIBL,RIGL
RIBL,RIML
RIBL,RIMR
RIBL,RIVL
RIBL,RMEV
RIBL,RMFR
RIBL,RMHR
RIBL,SAADL
RIBL,SMDDL
RIBL,URXR
RIBL,URYDL
RIBL,VA11
RIBL,VA2
RIBL,VB7
RIBL,VB8
RIBL,VC3
RIBL,VD12
RIBL,VD3
RIBR,RICR
RIBR,RID
RIBR,RIGL
RIBR,RIMR
RIBR,RIVR
RIBR,RMDDL
RIBR,RMDVL
RIBR,RMGL
RIBR,SIAVL
RIBR,SMBDL
RIBR,SMDDR
RIBR,URBR
RIBR,VD4
RICL,RIFL
RICL,RIGR
RICL,RIML
RICL,RIR
RICL,RMDDL
RICL,RMDL
RICL,RMEL
RICL,RMGL
RICL,RMGR
RICL,SAADL
RICL,SMBDR
RICL,SMBVL
RICL,SMDVL
RICL,VA7
RICL,VA9
RICL,VB2
RICL,VD12
RICL,VD13
RICL,VD2
RICR,RIMR
RICR,RIPL
RICR,RIPR
RICR,RIS
RICR,RMED
RICR,RMEL
RICR,RMGL
RICR,RMGR
RICR,RMHL
RICR,SIADL
RICR,SIBVL
RICR,SMDVL
RICR,VA3
RICR,VA6
RICR,VB10
RICR,VB5
RICR,VB6
RICR,VB9
RICR,VD1
RICR,VD13
RICR,VD6
RICR,VD9
RID,RIMR
RID,RMDR
RID,RMHL
RID,SAADL
RID,SIADR
RID,SMDDR
RID,SMDVL
RID,URXR
RID,URYDR
RID,VA11
RID,VA6
RID,VD4
RID,VD5
RID,VD7
RID,VD8
RIFL,RIMR
RIFL,RIS
RIFL,RMDVL
RIFL,RMGR
RIFL,VA10
RIFR,RIGR
RIFR,RIML
RIFR,RMDVL
RIFR,RMHL
RIFR,SAADL
RIFR,SAAVL
RIFR,SMBDL
RIFR,VA8
RIFR,VB3
RIGL,RIML
RIGL,RMDDR
RIGL,RMDR
RIGL,RMDVL
RIGL,RMGR
RIGL,SMDVR
RIGL,URBL
RIGL,URYVL
RIGL,VA12
RIGL,VA5
RIGL,VB10
RIGL,VB7
RIGL,VB8
RIGL,VC6
RIGR,RIML
RIGR,RIMR
RIGR,RIPL
RIGR,RMGR
RIGR,SAAVL
RIGR,SIBVL
RIGR,URXR
RIGR,VC2
RIGR,VD4
RIH,RIML
RIH,RIMR
RIH,RIPL
RIH,RMDDL
RIH,VA3
RIH,VA9
RIH,VD11
RIH,VD12
RIH,VD7
RIML,RIPL
RIML,RIPR
RIML,RIR
RIML,RMDDL
RIML,RMDR
RIML,RMDVR
RIML,RMED
RIML,RMER
RIML,RMFL
RIML,RMGL
RIML,RMGR
RIML,SAADR
RIML,SABD
RIML,SABVR
RIML,SDQL
RIML,SIADR
RIML,SIAVR
RIML,SIBDL
RIML,SIBVL
RIML,SIBVR
RIML,SMBDR
RIML,SMBVL
RIML,SMDDR
RIML,SMDVL
RIML,URBL
RIML,URBR
RIML,URXL
RIML,URXR
RIML,URYDR
RIML,URYVL
RIML,URYVR
RIML,VA10
RIML,VA11
RIML,VA12
RIML,VA2
RIML,VA3
RIML,VA7
RIML,VB1
RIML,VB10
RIML,VB11
RIML,VB2
RIML,VB4
RIML,VB5
RIML,VB6
RIML,VD10
RIML,VD11
RIML,VD12
RIML,VD13
RIML,VD2
RIML,VD3
RIML,VD7
RIML,VD9
RIMR,RIPL
RIMR,RIPR
RIMR,RMDL
RIMR,RMDVL
RIMR,RMDVR
RIMR,RMFL
RIMR,RMGL
RIMR,RMGR
RIMR,RMHR
RIMR,SAADL
RIMR,SDQL
RIMR,SIADL
RIMR,SIAVR
RIMR,SIBVL
RIMR,SMBDR
RIMR,SMDDL
RIMR,SMDDR
RIMR,SMDVR
RIMR,URAVR
RIMR,URBL
RIMR,URBR
RIMR,URXL
RIMR,URYDL
RIMR,URYDR
RIMR,URYVL
RIMR,URYVR
RIMR,VA1
RIMR,VA10
RIMR,VA12
RIMR,VA2
RIMR,VA3
RIMR,VA4
RIMR,VA6
RIMR,VB1
RIMR,VB4
RIMR,VB5
RIMR,VB6
RIMR,VB9
RIMR,VC3
RIMR,VD1
RIMR,VD10
RIMR,VD12
RIMR,VD2
RIMR,VD3
RIMR,VD4
RIMR,VD9
RIPL,RMEV
RIPL,SIAVL
RIPL,VD10
RIPR,RMDDL
RIPR,URYVR
RIPR,VD5
RIR,RMDDL
RIR,RMDVR
RIR,RMFR
RIR,RMGR
RIR,SABVR
RIR,SMDVR
RIR,VA3
RIR,VA9
RIR,VB6
RIR,VD12
RIS,RMDDL
RIS,RMDR
RIS,RMEL
RIS,RMEV
RIS,RMHL
RIS,SABVL
RIS,SDQL
RIS,SIBVL
RIS,SIBVR
RIS,URXL
RIS,URXR
RIS,VB1
RIS,VD13
RIS,VD7
RIS,VD8
RIVL,RMGL
RIVL,SIBVR
RIVL,VA11
RIVL,VB1
RIVL,VC2
RIVL,VD1
RIVR,RMER
RIVR,RMGL
RMDDL,RMEV
RMDDL,SIADL
RMDDL,SIBVR
RMDDL,SMBVL
RMDDL,VA11
RMDDL,VB2
RMDDL,VD12
RMDDL,VD13
RMDDL,VD9
RMDDR,SIBDL
RMDDR,SIBVR
RMDDR,SMBVR
RMDDR,VD12
RMDDR,VD5
RMDDR,VD8
RMDL,RMDR
RMDL,RMHL
RMDL,SAAVL
RMDL,URBL
RMDL,VA2
RMDL,VA6
RMDL,VB8
RMDL,VD13
RMDL,VD4
RMDL,VD7
RMDR,SIBVL
RMDR,URXL
RMDR,URYDL
RMDR,VA3
RMDR,VA8
RMDR,VD8
RMDVL,RMDVR
RMDVL,RMED
RMDVL,RMFL
RMDVL,SAAVL
RMDVL,SDQL
RMDVL,SIADL
RMDVL,SMBDR
RMDVL,URBR
RMDVL,URYDL
RMDVL,VA1
RMDVL,VB2
RMDVR,RMED
RMDVR,RMFR
RMDVR,SAADL
RMDVR,SAAVL
RMDVR,SDQL
RMDVR,SMDDL
RMDVR,SMDVR
RMDVR,URAVL
RMDVR,URYVL
RMDVR,VB10
RMDVR,VD9
RMED,URBL
RMED,VA4
RMED,VA8
RMED,VD13
RMEL,SAAVR
RMEL,SIADL
RMEL,URXL
RMEL,VB8
RMER,SABD
RMER,SIADL
RMER,SIBVL
RMER,SMDDR
RMER,VA4
RMER,VD3
RMEV,RMGL
RMEV,VA5
RMEV,VB2
RMEV,VB3
RMEV,VD1
RMEV,VD5
RMFL,SMDVL
RMFL,URBR
RMFL,VA2
RMFL,VA9
RMFL,VD3
RMFR,URYDR
RMFR,VA2
RMFR,VD11
RMFR,VD4
RMGL,SAAVL
RMGL,URXR
RMGL,VA4
RMGL,VD1
RMGL,VD3
RMGL,VD6
RMGL,VD7
RMGR,RMHR
RMGR,SABVR
RMGR,SIADR
RMGR,URYVL
RMGR,VA4
RMGR,VB7
RMGR,VD5
RMGR,VD6
RMGR,VD9
RMHL,SABD
RMHL,URYVR
RMHL,VB2
RMHR,SAADL
RMHR,URYVL
RMHR,VB4
RMHR,VD3
SAADL,SMBDR
SAADL,URBR
SAADL,URYDL
SAADR,SABVR
SAADR,SIBDR
SAADR,SMBVR
SAADR,URYDR
SAADR,VD8
SAAVL,SMDDL
SAAVL,VD11
SAAVR,URYVL
SAAVR,VB2
SAAVR,VD11
SABD,SMBVR
SABD,URYDR
SABD,VD3
SABVL,SMDVL
SABVL,VA12
SABVL,VA2
SABVL,VD13
SABVR,SIBDR
SABVR,SMDDL
SABVR,URBL
SDQL,SIBDR
SDQL,URYDL
SDQR,SIBVR
SDQR,URXR
SDQR,VA2
SDQR,VB3
SDQR,VB9
SDQR,VD1
SIADL,SMDDR
SIADL,URAVR
SIADL,VD2
SIADL,VD5
SIADR,SIBDR
SIADR,SMBVL
SIADR,URYVL
SIADR,VC6
SIADR,VD12
SIADR,VD2
SIAVL,SIBVR
SIAVL,SMBDR
SIAVL,URBR
SIAVL,URXL
SIAVL,VA10
SIAVL,VC5
SIAVR,SMBDR
SIAVR,SMDVR
SIAVR,URYVL
SIAVR,URYVR
SIAVR,VD4
SIBDL,VA8
SIBDR,SMDDL
SIBVL,URBR
SIBVL,VB3
SIBVL,VD1
SIBVL,VD12
SIBVL,VD3
SIBVR,VA6
SIBVR,VB2
SIBVR,VB9
SIBVR,VD13
SIBVR,VD5
SMBDL,URXL
SMBDL,VD1
SMBDL,VD13
SMBDL,VD3
SMBDR,SMBVR
SMBDR,URYDR
SMBDR,VA12
SMBDR,VA7
SMBDR,VD3
SMBVL,URXR
SMBVL,VA7
SMBVL,VA9
SMBVL,VD1
SMBVR,SMDDR
SMBVR,VA11
SMBVR,VA12
SMBVR,VA3
SMDDL,VD8
SMDDR,SMDVL
SMDDR,URYDR
SMDDR,VA11
SMDDR,VA4
SMDDR,VB6
SMDVL,VD12
SMDVL,VD6
SMDVL,VD9
SMDVR,URXR
SMDVR,VA11
SMDVR,VA2
SMDVR,VB10
SMDVR,VD7
URADL,VB8
URAVL,VA3
URAVL,VB4
URAVL,VD11
URAVL,VD2
URAVL,VD4
URAVR,URBL
URAVR,URXR
URAVR,VD7
URBL,VB1
URBL,VB9
URBL,VC2
URBL,VD11
URXL,URYVL
URXL,VA1
URXL,VD13
URXL,VD5
URXL,VD9
URXR,VC2
URXR,VD10
URXR,VD11
URYDL,VA10
URYDL,VA12
URYDL,VB1
URYDL,VB10
URYDL,VC3
URYDL,VD4
URYDL,VD9
URYVL,VA11
URYVL,VB4
URYVL,VB7
URYVL,VD3
URYVL,VD7
VA1,VA11
VA1,VA3
VA11,VA8
VA12,VA3
VA12,VA6
VA12,VC2
VA12,VD13
VA12,VD5
VA12,VD6
VA2,VB4
VA2,VB9
VA2,VD10
VA3,VA7
VA4,VD1
VA6,VB7
VA7,VB3
VA7,VD4
VA8,VB2
VB1,VB11
VB1,VD6
VB11,VD1
VB11,VD4
VB11,VD9
VB2,VD13
VB2,VD3
VB4,VD3
VB4,VD4
VB5,VC3
VB8,VD2
VC1,VD13
VC2,VD7
VD1,VD10
VD1,VD4
VD11,VD6
VD12,VD6
VD13,VD6
VD2,VD5
VD4,VD9
