ADAL,ALML,1
ADAL,ALMR,1
ADAL,AVDL,1
ADAL,AVDR,1
ADAL,AVFL,1
ADAL,AVFR,1
ADAL,AVM,1
ADAL,DB2,1
ADAL,FLPL,1
ADAL,FLPR,1
ADAL,I1L,1
ADAL,I1R,1
ADAL,OLLL,1
ADAL,OLLR,1
ADAL,OLQDL,1
ADAL,OLQDR,1
ADAL,OLQVL,1
ADAL,OLQVR,1
ADAL,PHAL,1
ADAL,PHAR,1
ADAL,PHBL,1
ADAL,PHBR,1
ADAL,PLML,1
ADAL,PLMR,1
ADAL,PQR,1
ADAL,PVCL,1
ADAL,PVCR,1
ADAL,PVM,1
ADAL,PVQL,1
ADAL,PVQR,1
ADAL,PVWL,1
ADAL,PVWR,1
ADAL,RIFL,1
ADAL,RIFR,1
ADAL,RMED,1
ADAL,RMEL,1
ADAL,RMER,1
ADAL,RMEV,1
ADAL,URXL,1
ADAL,URXR,1
ADAL,URYDL,1
ADAL,URYDR,1
ADAL,URYVL,1
ADAL,URYVR,1
ADAR,ALML,1
ADAR,ALMR,1
ADAR,AVDL,1
ADAR,AVDR,1
ADAR,AVFL,1
ADAR,AVFR,1
ADAR,AVM,1
ADAR,DB2,1
ADAR,FLPL,1
ADAR,FLPR,1
ADAR,I1L,1
ADAR,I1R,1
ADAR,OLLL,1
ADAR,OLLR,1
ADAR,OLQDL,1
ADAR,OLQDR,1
ADAR,OLQVL,1
ADAR,OLQVR,1
ADAR,PHAL,1
ADAR,PHAR,1
ADAR,PHBL,1
ADAR,PHBR,1
ADAR,PLML,1
ADAR,PLMR,1
ADAR,PQR,1
ADAR,PVCL,1
ADAR,PVCR,1
ADAR,PVM,1
ADAR,PVQL,1
ADAR,PVQR,1
ADAR,PVWL,1
ADAR,PVWR,1
ADAR,RIFL,1
ADAR,RIFR,1
ADAR,RMED,1
ADAR,RMEL,1
ADAR,RMER,1
ADAR,RMEV,1
ADAR,URXL,1
ADAR,URXR,1
ADAR,URYDL,1
ADAR,URYDR,1
ADAR,URYVL,1
ADAR,URYVR,1
ADEL,ALML,1
ADEL,ALMR,1
ADEL,AVDL,1
ADEL,AVDR,1
ADEL,AVFL,1
ADEL,AVFR,1
ADEL,AVM,1
ADEL,DB2,1
ADEL,FLPL,1
ADEL,FLPR,1
ADEL,I1L,1
ADEL,I1R,1
ADEL,OLLL,1
ADEL,OLLR,1
ADEL,OLQDL,1
ADEL,OLQDR,1
ADEL,OLQVL,1
ADEL,OLQVR,1
ADEL,PHAL,1
ADEL,PHAR,1
ADEL,PHBL,1
ADEL,PHBR,1
ADEL,PLML,1
ADEL,PLMR,1
ADEL,PQR,1
ADEL,PVCL,1
ADEL,PVCR,1
ADEL,PVM,1
ADEL,PVQL,1
ADEL,PVQR,1
ADEL,PVWL,1
ADEL,PVWR,1
ADEL,RIFL,1
ADEL,RIFR,1
ADEL,RMED,1
ADEL,RMEL,1
ADEL,RMER,1
ADEL,RMEV,1
ADEL,URXL,1
ADEL,URXR,1
ADEL,URYDL,1
ADEL,URYDR,1
ADEL,URYVL,1
ADEL,URYVR,1
ADER,ALML,1
ADER,ALMR,1
ADER,AVDL,1
ADER,AVDR,1
ADER,AVFL,1
ADER,AVFR,1
ADER,AVM,1
ADER,DB2,1
ADER,FLPL,1
ADER,FLPR,1
ADER,I1L,1
ADER,I1R,1
ADER,OLLL,1
ADER,OLLR,1
ADER,OLQDL,1
ADER,OLQDR,1
ADER,OLQVL,1
ADER,OLQVR,1
ADER,PHAL,1
ADER,PHAR,1
ADER,PHBL,1
ADER,PHBR,1
ADER,PLML,1
ADER,PLMR,1
ADER,PQR,1
ADER,PVCL,1
ADER,PVCR,1
ADER,PVM,1
ADER,PVQL,1
ADER,PVQR,1
ADER,PVWL,1
ADER,PVWR,1
ADER,RIFL,1
ADER,RIFR,1
ADER,RMED,1
ADER,RMEL,1
ADER,RMER,1
ADER,RMEV,1
ADER,URXL,1
ADER,URXR,1
ADER,URYDL,1
ADER,URYDR,1
ADER,URYVL,1
ADER,URYVR,1
ADFL,ADFL,1
ADFL,ADFR,1
ADFL,AIAL,1
ADFL,AIAR,1
ADFL,AIYL,1
ADFL,AIYR,1
ADFL,AIZL,1
ADFL,AIZR,1
ADFL,AQR,1
ADFL,ASEL,1
ADFL,ASER,1
ADFL,ASGL,1
ADFL,ASGR,1
ADFL,ASHL,1
ADFL,ASHR,1
ADFL,ASIL,1
ADFL,ASIR,1
ADFL,ASJL,1
ADFL,ASJR,1
ADFL,ASKL,1
ADFL,ASKR,1
ADFL,AUAL,1
ADFL,AUAR,1
ADFL,AWAL,1
ADFL,AWAR,1
ADFL,AWBL,1
ADFL,AWBR,1
ADFL,DD1,1
ADFL,DD2,1
ADFL,DD3,1
ADFL,DD4,1
ADFL,DD5,1
ADFL,DD6,1
ADFL,FLPL,1
ADFL,FLPR,1
ADFL,IL2DL,1
ADFL,IL2DR,1
ADFL,IL2L,1
ADFL,IL2R,1
ADFL,IL2VL,1
ADFL,IL2VR,1
ADFL,M3L,1
ADFL,M3R,1
ADFL,OLQDL,1
ADFL,OLQDR,1
ADFL,OLQVL,1
ADFL,OLQVR,1
ADFL,PHAL,1
ADFL,PHAR,1
ADFL,PHBL,1
ADFL,PHBR,1
ADFL,PQR,1
ADFL,PVDL,1
ADFL,PVDR,1
ADFL,PVQL,1
ADFL,PVQR,1
ADFL,RIGL,1
ADFL,RIGR,1
ADFL,RIVL,1
ADFL,RIVR,1
ADFL,RMGL,1
ADFL,RMGR,1
ADFL,SAADL,1
ADFL,SAADR,1
ADFL,SABD,1
ADFL,SABVL,1
ADFL,SABVR,1
ADFL,SDQL,1
ADFL,SDQR,1
ADFL,SMBDL,1
ADFL,SMBDR,1
ADFL,URXL,1
ADFL,URXR,1
ADFL,VD1,1
ADFL,VD10,1
ADFL,VD11,1
ADFL,VD12,1
ADFL,VD13,1
ADFL,VD2,1
ADFL,VD3,1
ADFL,VD4,1
ADFL,VD5,1
ADFL,VD6,1
ADFL,VD7,1
ADFL,VD8,1
ADFL,VD9,1
ADFR,ADFL,1
ADFR,ADFR,1
ADFR,AIAL,1
ADFR,AIAR,1
ADFR,AIYL,1
ADFR,AIYR,1
ADFR,AIZL,1
ADFR,AIZR,1
ADFR,AQR,1
ADFR,ASEL,1
ADFR,ASER,1
ADFR,ASGL,1
ADFR,ASGR,1
ADFR,ASHL,1
ADFR,ASHR,1
ADFR,ASIL,1
ADFR,ASIR,1
ADFR,ASJL,1
ADFR,ASJR,1
ADFR,ASKL,1
ADFR,ASKR,1
ADFR,AUAL,1
ADFR,AUAR,1
ADFR,AWAL,1
ADFR,AWAR,1
ADFR,AWBL,1
ADFR,AWBR,1
ADFR,DD1,1
ADFR,DD2,1
ADFR,DD3,1
ADFR,DD4,1
ADFR,DD5,1
ADFR,DD6,1
ADFR,FLPL,1
ADFR,FLPR,1
ADFR,IL2DL,1
ADFR,IL2DR,1
ADFR,IL2L,1
ADFR,IL2R,1
ADFR,IL2VL,1
ADFR,IL2VR,1
ADFR,M3L,1
ADFR,M3R,1
ADFR,OLQDL,1
ADFR,OLQDR,1
ADFR,OLQVL,1
ADFR,OLQVR,1
ADFR,PHAL,1
ADFR,PHAR,1
ADFR,PHBL,1
ADFR,PHBR,1
ADFR,PQR,1
ADFR,PVDL,1
ADFR,PVDR,1
ADFR,PVQL,1
ADFR,PVQR,1
ADFR,RIGL,1
ADFR,RIGR,1
ADFR,RIVL,1
ADFR,RIVR,1
ADFR,RMGL,1
ADFR,RMGR,1
ADFR,SAADL,1
ADFR,SAADR,1
ADFR,SABD,1
ADFR,SABVL,1
ADFR,SABVR,1
ADFR,SDQL,1
ADFR,SDQR,1
ADFR,SMBDL,1
ADFR,SMBDR,1
ADFR,URXL,1
ADFR,URXR,1
ADFR,VD1,1
ADFR,VD10,1
ADFR,VD11,1
ADFR,VD12,1
ADFR,VD13,1
ADFR,VD2,1
ADFR,VD3,1
ADFR,VD4,1
ADFR,VD5,1
ADFR,VD6,1
ADFR,VD7,1
ADFR,VD8,1
ADFR,VD9,1
ADLL,ADFL,1
ADLL,ADFR,1
ADLL,AIAL,1
ADLL,AIAR,1
ADLL,AIYL,1
ADLL,AIYR,1
ADLL,AIZL,1
ADLL,AIZR,1
ADLL,AQR,1
ADLL,ASEL,1
ADLL,ASER,1
ADLL,ASGL,1
ADLL,ASGR,1
ADLL,ASHL,1
ADLL,ASHR,1
ADLL,ASIL,1
ADLL,ASIR,1
ADLL,ASJL,1
ADLL,ASJR,1
ADLL,ASKL,1
ADLL,ASKR,1
ADLL,AUAL,1
ADLL,AUAR,1
ADLL,AVAL,1
ADLL,AVAR,1
ADLL,AWAL,1
ADLL,AWAR,1
ADLL,AWBL,1
ADLL,AWBR,1
ADLL,BAGL,1
ADLL,BAGR,1
ADLL,BDUL,1
ADLL,BDUR,1
ADLL,DD1,1
ADLL,DD2,1
ADLL,DD3,1
ADLL,DD4,1
ADLL,DD5,1
ADLL,DD6,1
ADLL,FLPL,1
ADLL,FLPR,1
ADLL,IL2DL,1
ADLL,IL2DR,1
ADLL,IL2L,1
ADLL,IL2R,1
ADLL,IL2VL,1
ADLL,IL2VR,1
ADLL,M3L,1
ADLL,M3R,1
ADLL,OLQDL,1
ADLL,OLQDR,1
ADLL,OLQVL,1
ADLL,OLQVR,1
ADLL,PHAL,1
ADLL,PHAR,1
ADLL,PHBL,1
ADLL,PHBR,1
ADLL,PQR,1
ADLL,PVDL,1
ADLL,PVDR,1
ADLL,PVQL,1
ADLL,PVQR,1
ADLL,RIGL,1
ADLL,RIGR,1
ADLL,RIVL,1
ADLL,RIVR,1
ADLL,RMGL,1
ADLL,RMGR,1
ADLL,SAADL,1
ADLL,SAADR,1
ADLL,SABD,1
ADLL,SABVL,1
ADLL,SABVR,1
ADLL,SDQL,1
ADLL,SDQR,1
ADLL,SMBDL,1
ADLL,SMBDR,1
ADLL,URXL,1
ADLL,URXR,1
ADLL,VD1,1
ADLL,VD10,1
ADLL,VD11,1
ADLL,VD12,1
ADLL,VD13,1
ADLL,VD2,1
ADLL,VD3,1
ADLL,VD4,1
ADLL,VD5,1
ADLL,VD6,1
ADLL,VD7,1
ADLL,VD8,1
ADLL,VD9,1
ADLR,ADFL,1
ADLR,ADFR,1
ADLR,AIAL,1
ADLR,AIAR,1
ADLR,AIYL,1
ADLR,AIYR,1
ADLR,AIZL,1
ADLR,AIZR,1
ADLR,AQR,1
ADLR,ASEL,1
ADLR,ASER,1
ADLR,ASGL,1
ADLR,ASGR,1
ADLR,ASHL,1
ADLR,ASHR,1
ADLR,ASIL,1
ADLR,ASIR,1
ADLR,ASJL,1
ADLR,ASJR,1
ADLR,ASKL,1
ADLR,ASKR,1
ADLR,AUAL,1
ADLR,AUAR,1
ADLR,AVAL,1
ADLR,AVAR,1
ADLR,AWAL,1
ADLR,AWAR,1
ADLR,AWBL,1
ADLR,AWBR,1
ADLR,BAGL,1
ADLR,BAGR,1
ADLR,BDUL,1
ADLR,BDUR,1
ADLR,DD1,1
ADLR,DD2,1
ADLR,DD3,1
ADLR,DD4,1
ADLR,DD5,1
ADLR,DD6,1
ADLR,FLPL,1
ADLR,FLPR,1
ADLR,IL2DL,1
ADLR,IL2DR,1
ADLR,IL2L,1
ADLR,IL2R,1
ADLR,IL2VL,1
ADLR,IL2VR,1
ADLR,M3L,1
ADLR,M3R,1
ADLR,OLQDL,1
ADLR,OLQDR,1
ADLR,OLQVL,1
ADLR,OLQVR,1
ADLR,PHAL,1
ADLR,PHAR,1
ADLR,PHBL,1
ADLR,PHBR,1
ADLR,PQR,1
ADLR,PVDL,1
ADLR,PVDR,1
ADLR,PVQL,1
ADLR,PVQR,1
ADLR,RIGL,1
ADLR,RIGR,1
ADLR,RIVL,1
ADLR,RIVR,1
ADLR,RMGL,1
ADLR,RMGR,1
ADLR,SAADL,1
ADLR,SAADR,1
ADLR,SABD,1
ADLR,SABVL,1
ADLR,SABVR,1
ADLR,SDQL,1
ADLR,SDQR,1
ADLR,SMBDL,1
ADLR,SMBDR,1
ADLR,URXL,1
ADLR,URXR,1
ADLR,VD1,1
ADLR,VD10,1
ADLR,VD11,1
ADLR,VD12,1
ADLR,VD13,1
ADLR,VD2,1
ADLR,VD3,1
ADLR,VD4,1
ADLR,VD5,1
ADLR,VD6,1
ADLR,VD7,1
ADLR,VD8,1
ADLR,VD9,1
AFDL,ADFL,1
AFDL,ADFR,1
AFDL,ADLL,1
AFDL,ADLR,1
AFDL,ALML,1
AFDL,ALMR,1
AFDL,ASEL,1
AFDL,ASER,1
AFDL,ASHL,1
AFDL,ASHR,1
AFDL,AVDL,1
AFDL,AVDR,1
AFDL,AVFL,1
AFDL,AVFR,1
AFDL,AVM,1
AFDL,BDUL,1
AFDL,BDUR,1
AFDL,DB2,1
AFDL,FLPL,1
AFDL,FLPR,1
AFDL,I1L,1
AFDL,I1R,1
AFDL,I2L,1
AFDL,I2R,1
AFDL,OLLL,1
AFDL,OLLR,1
AFDL,OLQDL,1
AFDL,OLQDR,1
AFDL,OLQVL,1
AFDL,OLQVR,1
AFDL,PHAL,1
AFDL,PHAR,1
AFDL,PHBL,1
AFDL,PHBR,1
AFDL,PLML,1
AFDL,PLMR,1
AFDL,PQR,1
AFDL,PVCL,1
AFDL,PVCR,1
AFDL,PVM,1
AFDL,PVQL,1
AFDL,PVQR,1
AFDL,PVR,1
AFDL,PVWL,1
AFDL,PVWR,1
AFDL,RICL,1
AFDL,RICR,1
AFDL,RIFL,1
AFDL,RIFR,1
AFDL,RMED,1
AFDL,RMEL,1
AFDL,RMER,1
AFDL,RMEV,1
AFDL,URXL,1
AFDL,URXR,1
AFDL,URYDL,1
AFDL,URYDR,1
AFDL,URYVL,1
AFDL,URYVR,1
AFDR,ADFL,1
AFDR,ADFR,1
AFDR,ADLL,1
AFDR,ADLR,1
AFDR,ALML,1
AFDR,ALMR,1
AFDR,ASEL,1
AFDR,ASER,1
AFDR,ASHL,1
AFDR,ASHR,1
AFDR,AVDL,1
AFDR,AVDR,1
AFDR,AVFL,1
AFDR,AVFR,1
AFDR,AVM,1
AFDR,BDUL,1
AFDR,BDUR,1
AFDR,DB2,1
AFDR,FLPL,1
AFDR,FLPR,1
AFDR,I1L,1
AFDR,I1R,1
AFDR,I2L,1
AFDR,I2R,1
AFDR,OLLL,1
AFDR,OLLR,1
AFDR,OLQDL,1
AFDR,OLQDR,1
AFDR,OLQVL,1
AFDR,OLQVR,1
AFDR,PHAL,1
AFDR,PHAR,1
AFDR,PHBL,1
AFDR,PHBR,1
AFDR,PLML,1
AFDR,PLMR,1
AFDR,PQR,1
AFDR,PVCL,1
AFDR,PVCR,1
AFDR,PVM,1
AFDR,PVQL,1
AFDR,PVQR,1
AFDR,PVR,1
AFDR,PVWL,1
AFDR,PVWR,1
AFDR,RICL,1
AFDR,RICR,1
AFDR,RIFL,1
AFDR,RIFR,1
AFDR,RMED,1
AFDR,RMEL,1
AFDR,RMER,1
AFDR,RMEV,1
AFDR,URXL,1
AFDR,URXR,1
AFDR,URYDL,1
AFDR,URYDR,1
AFDR,URYVL,1
AFDR,URYVR,1
AIAL,AIAL,1
AIAL,AIAR,1
AIAL,AIYL,1
AIAL,AIYR,1
AIAL,AVAL,1
AIAL,AVAR,1
AIAL,BAGL,1
AIAL,BAGR,1
AIAL,BDUL,1
AIAL,BDUR,1
AIAL,PQR,1
AIAL,RIVL,1
AIAL,RIVR,1
AIAR,AIAL,1
AIAR,AIAR,1
AIAR,AIYL,1
AIAR,AIYR,1
AIAR,AVAL,1
AIAR,AVAR,1
AIAR,BAGL,1
AIAR,BAGR,1
AIAR,BDUL,1
AIAR,BDUR,1
AIAR,PQR,1
AIAR,RIVL,1
AIAR,RIVR,1
AIML,ALML,1
AIML,ALMR,1
AIML,AVDL,1
AIML,AVDR,1
AIML,AVFL,1
AIML,AVFR,1
AIML,AVM,1
AIML,DB2,1
AIML,DVA,1
AIML,FLPL,1
AIML,FLPR,1
AIML,HSNL,1
AIML,HSNR,1
AIML,I1L,1
AIML,I1R,1
AIML,OLLL,1
AIML,OLLR,1
AIML,OLQDL,1
AIML,OLQDR,1
AIML,OLQVL,1
AIML,OLQVR,1
AIML,PHAL,1
AIML,PHAR,1
AIML,PHBL,1
AIML,PHBR,1
AIML,PLML,1
AIML,PLMR,1
AIML,PQR,1
AIML,PVCL,1
AIML,PVCR,1
AIML,PVM,1
AIML,PVQL,1
AIML,PVQR,1
AIML,PVWL,1
AIML,PVWR,1
AIML,RIFL,1
AIML,RIFR,1
AIML,RMED,1
AIML,RMEL,1
AIML,RMER,1
AIML,RMEV,1
AIML,SDQL,1
AIML,SDQR,1
AIML,URXL,1
AIML,URXR,1
AIML,URYDL,1
AIML,URYDR,1
AIML,URYVL,1
AIML,URYVR,1
AIMR,ALML,1
AIMR,ALMR,1
AIMR,AVDL,1
AIMR,AVDR,1
AIMR,AVFL,1
AIMR,AVFR,1
AIMR,AVM,1
AIMR,DB2,1
AIMR,DVA,1
AIMR,FLPL,1
AIMR,FLPR,1
AIMR,HSNL,1
AIMR,HSNR,1
AIMR,I1L,1
AIMR,I1R,1
AIMR,OLLL,1
AIMR,OLLR,1
AIMR,OLQDL,1
AIMR,OLQDR,1
AIMR,OLQVL,1
AIMR,OLQVR,1
AIMR,PHAL,1
AIMR,PHAR,1
AIMR,PHBL,1
AIMR,PHBR,1
AIMR,PLML,1
AIMR,PLMR,1
AIMR,PQR,1
AIMR,PVCL,1
AIMR,PVCR,1
AIMR,PVM,1
AIMR,PVQL,1
AIMR,PVQR,1
AIMR,PVWL,1
AIMR,PVWR,1
AIMR,RIFL,1
AIMR,RIFR,1
AIMR,RMED,1
AIMR,RMEL,1
AIMR,RMER,1
AIMR,RMEV,1
AIMR,SDQL,1
AIMR,SDQR,1
AIMR,URXL,1
AIMR,URXR,1
AIMR,URYDL,1
AIMR,URYDR,1
AIMR,URYVL,1
AIMR,URYVR,1
AIYL,ADFL,1
AIYL,ADFR,1
AIYL,AIAL,1
AIYL,AIAR,1
AIYL,AIYL,1
AIYL,AIYR,1
AIYL,AQR,1
AIYL,ASEL,1
AIYL,ASER,1
AIYL,ASGL,1
AIYL,ASGR,1
AIYL,ASHL,1
AIYL,ASHR,1
AIYL,ASIL,1
AIYL,ASIR,1
AIYL,ASJL,1
AIYL,ASJR,1
AIYL,ASKL,1
AIYL,ASKR,1
AIYL,AUAL,1
AIYL,AUAR,1
AIYL,AVAL,1
AIYL,AVAR,1
AIYL,AWAL,1
AIYL,AWAR,1
AIYL,AWBL,1
AIYL,AWBR,1
AIYL,BAGL,1
AIYL,BAGR,1
AIYL,BDUL,1
AIYL,BDUR,1
AIYL,DD1,1
AIYL,DD2,1
AIYL,DD3,1
AIYL,DD4,1
AIYL,DD5,1
AIYL,DD6,1
AIYL,IL2DL,1
AIYL,IL2DR,1
AIYL,IL2L,1
AIYL,IL2R,1
AIYL,IL2VL,1
AIYL,IL2VR,1
AIYL,M3L,1
AIYL,M3R,1
AIYL,OLQDL,1
AIYL,OLQDR,1
AIYL,OLQVL,1
AIYL,OLQVR,1
AIYL,PHAL,1
AIYL,PHAR,1
AIYL,PHBL,1
AIYL,PHBR,1
AIYL,PQR,1
AIYL,RIGL,1
AIYL,RIGR,1
AIYL,RIVL,1
AIYL,RIVR,1
AIYL,RMGL,1
AIYL,RMGR,1
AIYL,SAADL,1
AIYL,SAADR,1
AIYL,SDQL,1
AIYL,SDQR,1
AIYL,SMBDL,1
AIYL,SMBDR,1
AIYL,URXL,1
AIYL,URXR,1
AIYL,VD1,1
AIYL,VD10,1
AIYL,VD11,1
AIYL,VD12,1
AIYL,VD13,1
AIYL,VD2,1
AIYL,VD3,1
AIYL,VD4,1
AIYL,VD5,1
AIYL,VD6,1
AIYL,VD7,1
AIYL,VD8,1
AIYL,VD9,1
AIYR,ADFL,1
AIYR,ADFR,1
AIYR,AIAL,1
AIYR,AIAR,1
AIYR,AIYL,1
AIYR,AIYR,1
AIYR,AQR,1
AIYR,ASEL,1
AIYR,ASER,1
AIYR,ASGL,1
AIYR,ASGR,1
AIYR,ASHL,1
AIYR,ASHR,1
AIYR,ASIL,1
AIYR,ASIR,1
AIYR,ASJL,1
AIYR,ASJR,1
AIYR,ASKL,1
AIYR,ASKR,1
AIYR,AUAL,1
AIYR,AUAR,1
AIYR,AVAL,1
AIYR,AVAR,1
AIYR,AWAL,1
AIYR,AWAR,1
AIYR,AWBL,1
AIYR,AWBR,1
AIYR,BAGL,1
AIYR,BAGR,1
AIYR,BDUL,1
AIYR,BDUR,1
AIYR,DD1,1
AIYR,DD2,1
AIYR,DD3,1
AIYR,DD4,1
AIYR,DD5,1
AIYR,DD6,1
AIYR,IL2DL,1
AIYR,IL2DR,1
AIYR,IL2L,1
AIYR,IL2R,1
AIYR,IL2VL,1
AIYR,IL2VR,1
AIYR,M3L,1
AIYR,M3R,1
AIYR,OLQDL,1
AIYR,OLQDR,1
AIYR,OLQVL,1
AIYR,OLQVR,1
AIYR,PHAL,1
AIYR,PHAR,1
AIYR,PHBL,1
AIYR,PHBR,1
AIYR,PQR,1
AIYR,RIGL,1
AIYR,RIGR,1
AIYR,RIVL,1
AIYR,RIVR,1
AIYR,RMGL,1
AIYR,RMGR,1
AIYR,SAADL,1
AIYR,SAADR,1
AIYR,SDQL,1
AIYR,SDQR,1
AIYR,SMBDL,1
AIYR,SMBDR,1
AIYR,URXL,1
AIYR,URXR,1
AIYR,VD1,1
AIYR,VD10,1
AIYR,VD11,1
AIYR,VD12,1
AIYR,VD13,1
AIYR,VD2,1
AIYR,VD3,1
AIYR,VD4,1
AIYR,VD5,1
AIYR,VD6,1
AIYR,VD7,1
AIYR,VD8,1
AIYR,VD9,1
AIZL,ADFL,1
AIZL,ADFR,1
AIZL,ADLL,1
AIZL,ADLR,1
AIZL,ASEL,1
AIZL,ASER,1
AIZL,ASHL,1
AIZL,ASHR,1
AIZL,BDUL,1
AIZL,BDUR,1
AIZL,I2L,1
AIZL,I2R,1
AIZL,PQR,1
AIZL,PVQL,1
AIZL,PVQR,1
AIZL,PVR,1
AIZL,PVWL,1
AIZL,PVWR,1
AIZL,RICL,1
AIZL,RICR,1
AIZR,ADFL,1
AIZR,ADFR,1
AIZR,ADLL,1
AIZR,ADLR,1
AIZR,ASEL,1
AIZR,ASER,1
AIZR,ASHL,1
AIZR,ASHR,1
AIZR,BDUL,1
AIZR,BDUR,1
AIZR,I2L,1
AIZR,I2R,1
AIZR,PQR,1
AIZR,PVQL,1
AIZR,PVQR,1
AIZR,PVR,1
AIZR,PVWL,1
AIZR,PVWR,1
AIZR,RICL,1
AIZR,RICR,1
ALA,AVEL,1
ALA,AVER,1
ALA,DVA,1
ALA,I1L,1
ALA,I1R,1
ALA,PVM,1
ALA,RIAL,1
ALA,RIAR,1
AQR,ALML,1
AQR,ALMR,1
AQR,AVDL,1
AQR,AVDR,1
AQR,AVFL,1
AQR,AVFR,1
AQR,AVM,1
AQR,DB2,1
AQR,FLPL,1
AQR,FLPR,1
AQR,I1L,1
AQR,I1R,1
AQR,OLLL,1
AQR,OLLR,1
AQR,OLQDL,1
AQR,OLQDR,1
AQR,OLQVL,1
AQR,OLQVR,1
AQR,PHAL,1
AQR,PHAR,1
AQR,PHBL,1
AQR,PHBR,1
AQR,PLML,1
AQR,PLMR,1
AQR,PQR,1
AQR,PVCL,1
AQR,PVCR,1
AQR,PVM,1
AQR,PVQL,1
AQR,PVQR,1
AQR,PVWL,1
AQR,PVWR,1
AQR,RIFL,1
AQR,RIFR,1
AQR,RMED,1
AQR,RMEL,1
AQR,RMER,1
AQR,RMEV,1
AQR,URXL,1
AQR,URXR,1
AQR,URYDL,1
AQR,URYDR,1
AQR,URYVL,1
AQR,URYVR,1
ASEL,ADFL,1
ASEL,ADFR,1
ASEL,AIAL,1
ASEL,AIAR,1
ASEL,AIYL,1
ASEL,AIYR,1
ASEL,AIZL,1
ASEL,AIZR,1
ASEL,AQR,1
ASEL,ASEL,1
ASEL,ASER,1
ASEL,ASGL,1
ASEL,ASGR,1
ASEL,ASHL,1
ASEL,ASHR,1
ASEL,ASIL,1
ASEL,ASIR,1
ASEL,ASJL,1
ASEL,ASJR,1
ASEL,ASKL,1
ASEL,ASKR,1
ASEL,AUAL,1
ASEL,AUAR,1
ASEL,AVAL,1
ASEL,AVAR,1
ASEL,AVEL,1
ASEL,AVER,1
ASEL,AWAL,1
ASEL,AWAR,1
ASEL,AWBL,1
ASEL,AWBR,1
ASEL,BAGL,1
ASEL,BAGR,1
ASEL,BDUL,1
ASEL,BDUR,1
ASEL,DD1,1
ASEL,DD2,1
ASEL,DD3,1
ASEL,DD4,1
ASEL,DD5,1
ASEL,DD6,1
ASEL,DVA,1
ASEL,FLPL,1
ASEL,FLPR,1
ASEL,I1L,1
ASEL,I1R,1
ASEL,IL2DL,1
ASEL,IL2DR,1
ASEL,IL2L,1
ASEL,IL2R,1
ASEL,IL2VL,1
ASEL,IL2VR,1
ASEL,M3L,1
ASEL,M3R,1
ASEL,OLQDL,1
ASEL,OLQDR,1
ASEL,OLQVL,1
ASEL,OLQVR,1
ASEL,PHAL,1
ASEL,PHAR,1
ASEL,PHBL,1
ASEL,PHBR,1
ASEL,PQR,1
ASEL,PVDL,1
ASEL,PVDR,1
ASEL,PVM,1
ASEL,PVQL,1
ASEL,PVQR,1
ASEL,RIAL,1
ASEL,RIAR,1
ASEL,RIGL,1
ASEL,RIGR,1
ASEL,RIVL,1
ASEL,RIVR,1
ASEL,RMGL,1
ASEL,RMGR,1
ASEL,SAADL,1
ASEL,SAADR,1
ASEL,SABD,1
ASEL,SABVL,1
ASEL,SABVR,1
ASEL,SDQL,1
ASEL,SDQR,1
ASEL,SMBDL,1
ASEL,SMBDR,1
ASEL,URXL,1
ASEL,URXR,1
ASEL,VD1,1
ASEL,VD10,1
ASEL,VD11,1
ASEL,VD12,1
ASEL,VD13,1
ASEL,VD2,1
ASEL,VD3,1
ASEL,VD4,1
ASEL,VD5,1
ASEL,VD6,1
ASEL,VD7,1
ASEL,VD8,1
ASEL,VD9,1
ASER,ADFL,1
ASER,ADFR,1
ASER,AIAL,1
ASER,AIAR,1
ASER,AIYL,1
ASER,AIYR,1
ASER,AIZL,1
ASER,AIZR,1
ASER,AQR,1
ASER,ASEL,1
ASER,ASER,1
ASER,ASGL,1
ASER,ASGR,1
ASER,ASHL,1
ASER,ASHR,1
ASER,ASIL,1
ASER,ASIR,1
ASER,ASJL,1
ASER,ASJR,1
ASER,ASKL,1
ASER,ASKR,1
ASER,AUAL,1
ASER,AUAR,1
ASER,AVEL,1
ASER,AVER,1
ASER,AWAL,1
ASER,AWAR,1
ASER,AWBL,1
ASER,AWBR,1
ASER,DD1,1
ASER,DD2,1
ASER,DD3,1
ASER,DD4,1
ASER,DD5,1
ASER,DD6,1
ASER,DVA,1
ASER,FLPL,1
ASER,FLPR,1
ASER,I1L,1
ASER,I1R,1
ASER,IL2DL,1
ASER,IL2DR,1
ASER,IL2L,1
ASER,IL2R,1
ASER,IL2VL,1
ASER,IL2VR,1
ASER,M3L,1
ASER,M3R,1
ASER,OLQDL,1
ASER,OLQDR,1
ASER,OLQVL,1
ASER,OLQVR,1
ASER,PHAL,1
ASER,PHAR,1
ASER,PHBL,1
ASER,PHBR,1
ASER,PQR,1
ASER,PVDL,1
ASER,PVDR,1
ASER,PVM,1
ASER,PVQL,1
ASER,PVQR,1
ASER,RIAL,1
ASER,RIAR,1
ASER,RIGL,1
ASER,RIGR,1
ASER,RIVL,1
ASER,RIVR,1
ASER,RMGL,1
ASER,RMGR,1
ASER,SAADL,1
ASER,SAADR,1
ASER,SABD,1
ASER,SABVL,1
ASER,SABVR,1
ASER,SDQL,1
ASER,SDQR,1
ASER,SMBDL,1
ASER,SMBDR,1
ASER,URXL,1
ASER,URXR,1
ASER,VD1,1
ASER,VD10,1
ASER,VD11,1
ASER,VD12,1
ASER,VD13,1
ASER,VD2,1
ASER,VD3,1
ASER,VD4,1
ASER,VD5,1
ASER,VD6,1
ASER,VD7,1
ASER,VD8,1
ASER,VD9,1
ASGL,ADFL,1
ASGL,ADFR,1
ASGL,ADLL,1
ASGL,ADLR,1
ASGL,AIAL,1
ASGL,AIAR,1
ASGL,AIYL,1
ASGL,AIYR,1
ASGL,AIZL,1
ASGL,AIZR,1
ASGL,AQR,1
ASGL,ASEL,1
ASGL,ASER,1
ASGL,ASGL,1
ASGL,ASGR,1
ASGL,ASHL,1
ASGL,ASHR,1
ASGL,ASIL,1
ASGL,ASIR,1
ASGL,ASJL,1
ASGL,ASJR,1
ASGL,ASKL,1
ASGL,ASKR,1
ASGL,AUAL,1
ASGL,AUAR,1
ASGL,AVEL,1
ASGL,AVER,1
ASGL,AWAL,1
ASGL,AWAR,1
ASGL,AWBL,1
ASGL,AWBR,1
ASGL,BDUL,1
ASGL,BDUR,1
ASGL,DD1,1
ASGL,DD2,1
ASGL,DD3,1
ASGL,DD4,1
ASGL,DD5,1
ASGL,DD6,1
ASGL,DVA,1
ASGL,FLPL,1
ASGL,FLPR,1
ASGL,I1L,1
ASGL,I1R,1
ASGL,I2L,1
ASGL,I2R,1
ASGL,IL2DL,1
ASGL,IL2DR,1
ASGL,IL2L,1
ASGL,IL2R,1
ASGL,IL2VL,1
ASGL,IL2VR,1
ASGL,M3L,1
ASGL,M3R,1
ASGL,OLQDL,1
ASGL,OLQDR,1
ASGL,OLQVL,1
ASGL,OLQVR,1
ASGL,PHAL,1
ASGL,PHAR,1
ASGL,PHBL,1
ASGL,PHBR,1
ASGL,PQR,1
ASGL,PVDL,1
ASGL,PVDR,1
ASGL,PVM,1
ASGL,PVQL,1
ASGL,PVQR,1
ASGL,PVR,1
ASGL,PVWL,1
ASGL,PVWR,1
ASGL,RIAL,1
ASGL,RIAR,1
ASGL,RICL,1
ASGL,RICR,1
ASGL,RIGL,1
ASGL,RIGR,1
ASGL,RIVL,1
ASGL,RIVR,1
ASGL,RMGL,1
ASGL,RMGR,1
ASGL,SAADL,1
ASGL,SAADR,1
ASGL,SABD,1
ASGL,SABVL,1
ASGL,SABVR,1
ASGL,SDQL,1
ASGL,SDQR,1
ASGL,SMBDL,1
ASGL,SMBDR,1
ASGL,URXL,1
ASGL,URXR,1
ASGL,VD1,1
ASGL,VD10,1
ASGL,VD11,1
ASGL,VD12,1
ASGL,VD13,1
ASGL,VD2,1
ASGL,VD3,1
ASGL,VD4,1
ASGL,VD5,1
ASGL,VD6,1
ASGL,VD7,1
ASGL,VD8,1
ASGL,VD9,1
ASGR,ADFL,1
ASGR,ADFR,1
ASGR,ADLL,1
ASGR,ADLR,1
ASGR,AIAL,1
ASGR,AIAR,1
ASGR,AIYL,1
ASGR,AIYR,1
ASGR,AIZL,1
ASGR,AIZR,1
ASGR,AQR,1
ASGR,ASEL,1
ASGR,ASER,1
ASGR,ASGL,1
ASGR,ASGR,1
ASGR,ASHL,1
ASGR,ASHR,1
ASGR,ASIL,1
ASGR,ASIR,1
ASGR,ASJL,1
ASGR,ASJR,1
ASGR,ASKL,1
ASGR,ASKR,1
ASGR,AUAL,1
ASGR,AUAR,1
ASGR,AVEL,1
ASGR,AVER,1
ASGR,AWAL,1
ASGR,AWAR,1
ASGR,AWBL,1
ASGR,AWBR,1
ASGR,BDUL,1
ASGR,BDUR,1
ASGR,DD1,1
ASGR,DD2,1
ASGR,DD3,1
ASGR,DD4,1
ASGR,DD5,1
ASGR,DD6,1
ASGR,DVA,1
ASGR,FLPL,1
ASGR,FLPR,1
ASGR,I1L,1
ASGR,I1R,1
ASGR,I2L,1
ASGR,I2R,1
ASGR,IL2DL,1
ASGR,IL2DR,1
ASGR,IL2L,1
ASGR,IL2R,1
ASGR,IL2VL,1
ASGR,IL2VR,1
ASGR,M3L,1
ASGR,M3R,1
ASGR,OLQDL,1
ASGR,OLQDR,1
ASGR,OLQVL,1
ASGR,OLQVR,1
ASGR,PHAL,1
ASGR,PHAR,1
ASGR,PHBL,1
ASGR,PHBR,1
ASGR,PQR,1
ASGR,PVDL,1
ASGR,PVDR,1
ASGR,PVM,1
ASGR,PVQL,1
ASGR,PVQR,1
ASGR,PVR,1
ASGR,PVWL,1
ASGR,PVWR,1
ASGR,RIAL,1
ASGR,RIAR,1
ASGR,RICL,1
ASGR,RICR,1
ASGR,RIGL,1
ASGR,RIGR,1
ASGR,RIVL,1
ASGR,RIVR,1
ASGR,RMGL,1
ASGR,RMGR,1
ASGR,SAADL,1
ASGR,SAADR,1
ASGR,SABD,1
ASGR,SABVL,1
ASGR,SABVR,1
ASGR,SDQL,1
ASGR,SDQR,1
ASGR,SMBDL,1
ASGR,SMBDR,1
ASGR,URXL,1
ASGR,URXR,1
ASGR,VD1,1
ASGR,VD10,1
ASGR,VD11,1
ASGR,VD12,1
ASGR,VD13,1
ASGR,VD2,1
ASGR,VD3,1
ASGR,VD4,1
ASGR,VD5,1
ASGR,VD6,1
ASGR,VD7,1
ASGR,VD8,1
ASGR,VD9,1
ASHL,ADFL,1
ASHL,ADFR,1
ASHL,AIAL,1
ASHL,AIAR,1
ASHL,AIYL,1
ASHL,AIYR,1
ASHL,AIZL,1
ASHL,AIZR,1
ASHL,AQR,1
ASHL,ASEL,1
ASHL,ASER,1
ASHL,ASGL,1
ASHL,ASGR,1
ASHL,ASHL,1
ASHL,ASHR,1
ASHL,ASIL,1
ASHL,ASIR,1
ASHL,ASJL,1
ASHL,ASJR,1
ASHL,ASKL,1
ASHL,ASKR,1
ASHL,AUAL,1
ASHL,AUAR,1
ASHL,AWAL,1
ASHL,AWAR,1
ASHL,AWBL,1
ASHL,AWBR,1
ASHL,DD1,1
ASHL,DD2,1
ASHL,DD3,1
ASHL,DD4,1
ASHL,DD5,1
ASHL,DD6,1
ASHL,FLPL,1
ASHL,FLPR,1
ASHL,IL2DL,1
ASHL,IL2DR,1
ASHL,IL2L,1
ASHL,IL2R,1
ASHL,IL2VL,1
ASHL,IL2VR,1
ASHL,M3L,1
ASHL,M3R,1
ASHL,OLQDL,1
ASHL,OLQDR,1
ASHL,OLQVL,1
ASHL,OLQVR,1
ASHL,PHAL,1
ASHL,PHAR,1
ASHL,PHBL,1
ASHL,PHBR,1
ASHL,PQR,1
ASHL,PVDL,1
ASHL,PVDR,1
ASHL,PVQL,1
ASHL,PVQR,1
ASHL,RIGL,1
ASHL,RIGR,1
ASHL,RIVL,1
ASHL,RIVR,1
ASHL,RMGL,1
ASHL,RMGR,1
ASHL,SAADL,1
ASHL,SAADR,1
ASHL,SABD,1
ASHL,SABVL,1
ASHL,SABVR,1
ASHL,SDQL,1
ASHL,SDQR,1
ASHL,SMBDL,1
ASHL,SMBDR,1
ASHL,URXL,1
ASHL,URXR,1
ASHL,VD1,1
ASHL,VD10,1
ASHL,VD11,1
ASHL,VD12,1
ASHL,VD13,1
ASHL,VD2,1
ASHL,VD3,1
ASHL,VD4,1
ASHL,VD5,1
ASHL,VD6,1
ASHL,VD7,1
ASHL,VD8,1
ASHL,VD9,1
ASHR,ADFL,1
ASHR,ADFR,1
ASHR,AIAL,1
ASHR,AIAR,1
ASHR,AIYL,1
ASHR,AIYR,1
ASHR,AIZL,1
ASHR,AIZR,1
ASHR,AQR,1
ASHR,ASEL,1
ASHR,ASER,1
ASHR,ASGL,1
ASHR,ASGR,1
ASHR,ASHL,1
ASHR,ASHR,1
ASHR,ASIL,1
ASHR,ASIR,1
ASHR,ASJL,1
ASHR,ASJR,1
ASHR,ASKL,1
ASHR,ASKR,1
ASHR,AUAL,1
ASHR,AUAR,1
ASHR,AWAL,1
ASHR,AWAR,1
ASHR,AWBL,1
ASHR,AWBR,1
ASHR,DD1,1
ASHR,DD2,1
ASHR,DD3,1
ASHR,DD4,1
ASHR,DD5,1
ASHR,DD6,1
ASHR,FLPL,1
ASHR,FLPR,1
ASHR,IL2DL,1
ASHR,IL2DR,1
ASHR,IL2L,1
ASHR,IL2R,1
ASHR,IL2VL,1
ASHR,IL2VR,1
ASHR,M3L,1
ASHR,M3R,1
ASHR,OLQDL,1
ASHR,OLQDR,1
ASHR,OLQVL,1
ASHR,OLQVR,1
ASHR,PHAL,1
ASHR,PHAR,1
ASHR,PHBL,1
ASHR,PHBR,1
ASHR,PQR,1
ASHR,PVDL,1
ASHR,PVDR,1
ASHR,PVQL,1
ASHR,PVQR,1
ASHR,RIGL,1
ASHR,RIGR,1
ASHR,RIVL,1
ASHR,RIVR,1
ASHR,RMGL,1
ASHR,RMGR,1
ASHR,SAADL,1
ASHR,SAADR,1
ASHR,SABD,1
ASHR,SABVL,1
ASHR,SABVR,1
ASHR,SDQL,1
ASHR,SDQR,1
ASHR,SMBDL,1
ASHR,SMBDR,1
ASHR,URXL,1
ASHR,URXR,1
ASHR,VD1,1
ASHR,VD10,1
ASHR,VD11,1
ASHR,VD12,1
ASHR,VD13,1
ASHR,VD2,1
ASHR,VD3,1
ASHR,VD4,1
ASHR,VD5,1
ASHR,VD6,1
ASHR,VD7,1
ASHR,VD8,1
ASHR,VD9,1
ASIL,ADFL,1
ASIL,ADFR,1
ASIL,AIAL,1
ASIL,AIAR,1
ASIL,AIYL,1
ASIL,AIYR,1
ASIL,AIZL,1
ASIL,AIZR,1
ASIL,ALML,1
ASIL,ALMR,1
ASIL,AQR,1
ASIL,ASEL,1
ASIL,ASER,1
ASIL,ASGL,1
ASIL,ASGR,1
ASIL,ASHL,1
ASIL,ASHR,1
ASIL,ASIL,1
ASIL,ASIR,1
ASIL,ASJL,1
ASIL,ASJR,1
ASIL,ASKL,1
ASIL,ASKR,1
ASIL,AUAL,1
ASIL,AUAR,1
ASIL,AVDL,1
ASIL,AVDR,1
ASIL,AVFL,1
ASIL,AVFR,1
ASIL,AVG,1
ASIL,AVM,1
ASIL,AWAL,1
ASIL,AWAR,1
ASIL,AWBL,1
ASIL,AWBR,1
ASIL,DB2,1
ASIL,DD1,1
ASIL,DD2,1
ASIL,DD3,1
ASIL,DD4,1
ASIL,DD5,1
ASIL,DD6,1
ASIL,DVA,1
ASIL,FLPL,1
ASIL,FLPR,1
ASIL,HSNL,1
ASIL,HSNR,1
ASIL,I1L,1
ASIL,I1R,1
ASIL,IL2DL,1
ASIL,IL2DR,1
ASIL,IL2L,1
ASIL,IL2R,1
ASIL,IL2VL,1
ASIL,IL2VR,1
ASIL,M3L,1
ASIL,M3R,1
ASIL,OLLL,1
ASIL,OLLR,1
ASIL,OLQDL,1
ASIL,OLQDR,1
ASIL,OLQVL,1
ASIL,OLQVR,1
ASIL,PHAL,1
ASIL,PHAR,1
ASIL,PHBL,1
ASIL,PHBR,1
ASIL,PLML,1
ASIL,PLMR,1
ASIL,PQR,1
ASIL,PVCL,1
ASIL,PVCR,1
ASIL,PVDL,1
ASIL,PVDR,1
ASIL,PVM,1
ASIL,PVPL,1
ASIL,PVPR,1
ASIL,PVQL,1
ASIL,PVQR,1
ASIL,PVWL,1
ASIL,PVWR,1
ASIL,RIFL,1
ASIL,RIFR,1
ASIL,RIGL,1
ASIL,RIGR,1
ASIL,RIVL,1
ASIL,RIVR,1
ASIL,RMED,1
ASIL,RMEL,1
ASIL,RMER,1
ASIL,RMEV,1
ASIL,RMGL,1
ASIL,RMGR,1
ASIL,SAADL,1
ASIL,SAADR,1
ASIL,SABD,1
ASIL,SABVL,1
ASIL,SABVR,1
ASIL,SDQL,1
ASIL,SDQR,1
ASIL,SMBDL,1
ASIL,SMBDR,1
ASIL,URXL,1
ASIL,URXR,1
ASIL,URYDL,1
ASIL,URYDR,1
ASIL,URYVL,1
ASIL,URYVR,1
ASIL,VD1,1
ASIL,VD10,1
ASIL,VD11,1
ASIL,VD12,1
ASIL,VD13,1
ASIL,VD2,1
ASIL,VD3,1
ASIL,VD4,1
ASIL,VD5,1
ASIL,VD6,1
ASIL,VD7,1
ASIL,VD8,1
ASIL,VD9,1
ASIR,ADFL,1
ASIR,ADFR,1
ASIR,AIAL,1
ASIR,AIAR,1
ASIR,AIYL,1
ASIR,AIYR,1
ASIR,AIZL,1
ASIR,AIZR,1
ASIR,ALML,1
ASIR,ALMR,1
ASIR,AQR,1
ASIR,ASEL,1
ASIR,ASER,1
ASIR,ASGL,1
ASIR,ASGR,1
ASIR,ASHL,1
ASIR,ASHR,1
ASIR,ASIL,1
ASIR,ASIR,1
ASIR,ASJL,1
ASIR,ASJR,1
ASIR,ASKL,1
ASIR,ASKR,1
ASIR,AUAL,1
ASIR,AUAR,1
ASIR,AVDL,1
ASIR,AVDR,1
ASIR,AVFL,1
ASIR,AVFR,1
ASIR,AVG,1
ASIR,AVM,1
ASIR,AWAL,1
ASIR,AWAR,1
ASIR,AWBL,1
ASIR,AWBR,1
ASIR,DB2,1
ASIR,DD1,1
ASIR,DD2,1
ASIR,DD3,1
ASIR,DD4,1
ASIR,DD5,1
ASIR,DD6,1
ASIR,DVA,1
ASIR,FLPL,1
ASIR,FLPR,1
ASIR,HSNL,1
ASIR,HSNR,1
ASIR,I1L,1
ASIR,I1R,1
ASIR,IL2DL,1
ASIR,IL2DR,1
ASIR,IL2L,1
ASIR,IL2R,1
ASIR,IL2VL,1
ASIR,IL2VR,1
ASIR,M3L,1
ASIR,M3R,1
ASIR,OLLL,1
ASIR,OLLR,1
ASIR,OLQDL,1
ASIR,OLQDR,1
ASIR,OLQVL,1
ASIR,OLQVR,1
ASIR,PHAL,1
ASIR,PHAR,1
ASIR,PHBL,1
ASIR,PHBR,1
ASIR,PLML,1
ASIR,PLMR,1
ASIR,PQR,1
ASIR,PVCL,1
ASIR,PVCR,1
ASIR,PVDL,1
ASIR,PVDR,1
ASIR,PVM,1
ASIR,PVPL,1
ASIR,PVPR,1
ASIR,PVQL,1
ASIR,PVQR,1
ASIR,PVWL,1
ASIR,PVWR,1
ASIR,RIFL,1
ASIR,RIFR,1
ASIR,RIGL,1
ASIR,RIGR,1
ASIR,RIVL,1
ASIR,RIVR,1
ASIR,RMED,1
ASIR,RMEL,1
ASIR,RMER,1
ASIR,RMEV,1
ASIR,RMGL,1
ASIR,RMGR,1
ASIR,SAADL,1
ASIR,SAADR,1
ASIR,SABD,1
ASIR,SABVL,1
ASIR,SABVR,1
ASIR,SDQL,1
ASIR,SDQR,1
ASIR,SMBDL,1
ASIR,SMBDR,1
ASIR,URXL,1
ASIR,URXR,1
ASIR,URYDL,1
ASIR,URYDR,1
ASIR,URYVL,1
ASIR,URYVR,1
ASIR,VD1,1
ASIR,VD10,1
ASIR,VD11,1
ASIR,VD12,1
ASIR,VD13,1
ASIR,VD2,1
ASIR,VD3,1
ASIR,VD4,1
ASIR,VD5,1
ASIR,VD6,1
ASIR,VD7,1
ASIR,VD8,1
ASIR,VD9,1
ASJL,ADFL,1
ASJL,ADFR,1
ASJL,AIAL,1
ASJL,AIAR,1
ASJL,AIYL,1
ASJL,AIYR,1
ASJL,AIZL,1
ASJL,AIZR,1
ASJL,AQR,1
ASJL,ASEL,1
ASJL,ASER,1
ASJL,ASGL,1
ASJL,ASGR,1
ASJL,ASHL,1
ASJL,ASHR,1
ASJL,ASIL,1
ASJL,ASIR,1
ASJL,ASJL,1
ASJL,ASJR,1
ASJL,ASKL,1
ASJL,ASKR,1
ASJL,AUAL,1
ASJL,AUAR,1
ASJL,AWAL,1
ASJL,AWAR,1
ASJL,AWBL,1
ASJL,AWBR,1
ASJL,DD1,1
ASJL,DD2,1
ASJL,DD3,1
ASJL,DD4,1
ASJL,DD5,1
ASJL,DD6,1
ASJL,FLPL,1
ASJL,FLPR,1
ASJL,IL2DL,1
ASJL,IL2DR,1
ASJL,IL2L,1
ASJL,IL2R,1
ASJL,IL2VL,1
ASJL,IL2VR,1
ASJL,M3L,1
ASJL,M3R,1
ASJL,OLQDL,1
ASJL,OLQDR,1
ASJL,OLQVL,1
ASJL,OLQVR,1
ASJL,PHAL,1
ASJL,PHAR,1
ASJL,PHBL,1
ASJL,PHBR,1
ASJL,PQR,1
ASJL,PVDL,1
ASJL,PVDR,1
ASJL,PVQL,1
ASJL,PVQR,1
ASJL,RIGL,1
ASJL,RIGR,1
ASJL,RIVL,1
ASJL,RIVR,1
ASJL,RMGL,1
ASJL,RMGR,1
ASJL,SAADL,1
ASJL,SAADR,1
ASJL,SABD,1
ASJL,SABVL,1
ASJL,SABVR,1
ASJL,SDQL,1
ASJL,SDQR,1
ASJL,SMBDL,1
ASJL,SMBDR,1
ASJL,URXL,1
ASJL,URXR,1
ASJL,VD1,1
ASJL,VD10,1
ASJL,VD11,1
ASJL,VD12,1
ASJL,VD13,1
ASJL,VD2,1
ASJL,VD3,1
ASJL,VD4,1
ASJL,VD5,1
ASJL,VD6,1
ASJL,VD7,1
ASJL,VD8,1
ASJL,VD9,1
ASJR,ADFL,1
ASJR,ADFR,1
ASJR,AIAL,1
ASJR,AIAR,1
ASJR,AIYL,1
ASJR,AIYR,1
ASJR,AIZL,1
ASJR,AIZR,1
ASJR,AQR,1
ASJR,ASEL,1
ASJR,ASER,1
ASJR,ASGL,1
ASJR,ASGR,1
ASJR,ASHL,1
ASJR,ASHR,1
ASJR,ASIL,1
ASJR,ASIR,1
ASJR,ASJL,1
ASJR,ASJR,1
ASJR,ASKL,1
ASJR,ASKR,1
ASJR,AUAL,1
ASJR,AUAR,1
ASJR,AWAL,1
ASJR,AWAR,1
ASJR,AWBL,1
ASJR,AWBR,1
ASJR,DD1,1
ASJR,DD2,1
ASJR,DD3,1
ASJR,DD4,1
ASJR,DD5,1
ASJR,DD6,1
ASJR,FLPL,1
ASJR,FLPR,1
ASJR,IL2DL,1
ASJR,IL2DR,1
ASJR,IL2L,1
ASJR,IL2R,1
ASJR,IL2VL,1
ASJR,IL2VR,1
ASJR,M3L,1
ASJR,M3R,1
ASJR,OLQDL,1
ASJR,OLQDR,1
ASJR,OLQVL,1
ASJR,OLQVR,1
ASJR,PHAL,1
ASJR,PHAR,1
ASJR,PHBL,1
ASJR,PHBR,1
ASJR,PQR,1
ASJR,PVDL,1
ASJR,PVDR,1
ASJR,PVQL,1
ASJR,PVQR,1
ASJR,RIGL,1
ASJR,RIGR,1
ASJR,RIVL,1
ASJR,RIVR,1
ASJR,RMGL,1
ASJR,RMGR,1
ASJR,SAADL,1
ASJR,SAADR,1
ASJR,SABD,1
ASJR,SABVL,1
ASJR,SABVR,1
ASJR,SDQL,1
ASJR,SDQR,1
ASJR,SMBDL,1
ASJR,SMBDR,1
ASJR,URXL,1
ASJR,URXR,1
ASJR,VD1,1
ASJR,VD10,1
ASJR,VD11,1
ASJR,VD12,1
ASJR,VD13,1
ASJR,VD2,1
ASJR,VD3,1
ASJR,VD4,1
ASJR,VD5,1
ASJR,VD6,1
ASJR,VD7,1
ASJR,VD8,1
ASJR,VD9,1
ASKL,ADFL,1
ASKL,ADFR,1
ASKL,AIAL,1
ASKL,AIAR,1
ASKL,AIYL,1
ASKL,AIYR,1
ASKL,AIZL,1
ASKL,AIZR,1
ASKL,ALML,1
ASKL,ALMR,1
ASKL,AQR,1
ASKL,ASEL,1
ASKL,ASER,1
ASKL,ASGL,1
ASKL,ASGR,1
ASKL,ASHL,1
ASKL,ASHR,1
ASKL,ASIL,1
ASKL,ASIR,1
ASKL,ASJL,1
ASKL,ASJR,1
ASKL,ASKL,1
ASKL,ASKR,1
ASKL,AUAL,1
ASKL,AUAR,1
ASKL,AVDL,1
ASKL,AVDR,1
ASKL,AVEL,1
ASKL,AVER,1
ASKL,AVFL,1
ASKL,AVFR,1
ASKL,AVM,1
ASKL,AWAL,1
ASKL,AWAR,1
ASKL,AWBL,1
ASKL,AWBR,1
ASKL,DB2,1
ASKL,DD1,1
ASKL,DD2,1
ASKL,DD3,1
ASKL,DD4,1
ASKL,DD5,1
ASKL,DD6,1
ASKL,DVA,1
ASKL,FLPL,1
ASKL,FLPR,1
ASKL,I1L,1
ASKL,I1R,1
ASKL,IL2DL,1
ASKL,IL2DR,1
ASKL,IL2L,1
ASKL,IL2R,1
ASKL,IL2VL,1
ASKL,IL2VR,1
ASKL,M3L,1
ASKL,M3R,1
ASKL,OLLL,1
ASKL,OLLR,1
ASKL,OLQDL,1
ASKL,OLQDR,1
ASKL,OLQVL,1
ASKL,OLQVR,1
ASKL,PHAL,1
ASKL,PHAR,1
ASKL,PHBL,1
ASKL,PHBR,1
ASKL,PLML,1
ASKL,PLMR,1
ASKL,PQR,1
ASKL,PVCL,1
ASKL,PVCR,1
ASKL,PVDL,1
ASKL,PVDR,1
ASKL,PVM,1
ASKL,PVQL,1
ASKL,PVQR,1
ASKL,PVWL,1
ASKL,PVWR,1
ASKL,RIAL,1
ASKL,RIAR,1
ASKL,RIFL,1
ASKL,RIFR,1
ASKL,RIGL,1
ASKL,RIGR,1
ASKL,RIVL,1
ASKL,RIVR,1
ASKL,RMED,1
ASKL,RMEL,1
ASKL,RMER,1
ASKL,RMEV,1
ASKL,RMGL,1
ASKL,RMGR,1
ASKL,SAADL,1
ASKL,SAADR,1
ASKL,SABD,1
ASKL,SABVL,1
ASKL,SABVR,1
ASKL,SDQL,1
ASKL,SDQR,1
ASKL,SMBDL,1
ASKL,SMBDR,1
ASKL,URXL,1
ASKL,URXR,1
ASKL,URYDL,1
ASKL,URYDR,1
ASKL,URYVL,1
ASKL,URYVR,1
ASKL,VD1,1
ASKL,VD10,1
ASKL,VD11,1
ASKL,VD12,1
ASKL,VD13,1
ASKL,VD2,1
ASKL,VD3,1
ASKL,VD4,1
ASKL,VD5,1
ASKL,VD6,1
ASKL,VD7,1
ASKL,VD8,1
ASKL,VD9,1
ASKR,ADFL,1
ASKR,ADFR,1
ASKR,AIAL,1
ASKR,AIAR,1
ASKR,AIYL,1
ASKR,AIYR,1
ASKR,AIZL,1
ASKR,AIZR,1
ASKR,ALML,1
ASKR,ALMR,1
ASKR,AQR,1
ASKR,ASEL,1
ASKR,ASER,1
ASKR,ASGL,1
ASKR,ASGR,1
ASKR,ASHL,1
ASKR,ASHR,1
ASKR,ASIL,1
ASKR,ASIR,1
ASKR,ASJL,1
ASKR,ASJR,1
ASKR,ASKL,1
ASKR,ASKR,1
ASKR,AUAL,1
ASKR,AUAR,1
ASKR,AVDL,1
ASKR,AVDR,1
ASKR,AVEL,1
ASKR,AVER,1
ASKR,AVFL,1
ASKR,AVFR,1
ASKR,AVM,1
ASKR,AWAL,1
ASKR,AWAR,1
ASKR,AWBL,1
ASKR,AWBR,1
ASKR,DB2,1
ASKR,DD1,1
ASKR,DD2,1
ASKR,DD3,1
ASKR,DD4,1
ASKR,DD5,1
ASKR,DD6,1
ASKR,DVA,1
ASKR,FLPL,1
ASKR,FLPR,1
ASKR,I1L,1
ASKR,I1R,1
ASKR,IL2DL,1
ASKR,IL2DR,1
ASKR,IL2L,1
ASKR,IL2R,1
ASKR,IL2VL,1
ASKR,IL2VR,1
ASKR,M3L,1
ASKR,M3R,1
ASKR,OLLL,1
ASKR,OLLR,1
ASKR,OLQDL,1
ASKR,OLQDR,1
ASKR,OLQVL,1
ASKR,OLQVR,1
ASKR,PHAL,1
ASKR,PHAR,1
ASKR,PHBL,1
ASKR,PHBR,1
ASKR,PLML,1
ASKR,PLMR,1
ASKR,PQR,1
ASKR,PVCL,1
ASKR,PVCR,1
ASKR,PVDL,1
ASKR,PVDR,1
ASKR,PVM,1
ASKR,PVQL,1
ASKR,PVQR,1
ASKR,PVWL,1
ASKR,PVWR,1
ASKR,RIAL,1
ASKR,RIAR,1
ASKR,RIFL,1
ASKR,RIFR,1
ASKR,RIGL,1
ASKR,RIGR,1
ASKR,RIVL,1
ASKR,RIVR,1
ASKR,RMED,1
ASKR,RMEL,1
ASKR,RMER,1
ASKR,RMEV,1
ASKR,RMGL,1
ASKR,RMGR,1
ASKR,SAADL,1
ASKR,SAADR,1
ASKR,SABD,1
ASKR,SABVL,1
ASKR,SABVR,1
ASKR,SDQL,1
ASKR,SDQR,1
ASKR,SMBDL,1
ASKR,SMBDR,1
ASKR,URXL,1
ASKR,URXR,1
ASKR,URYDL,1
ASKR,URYDR,1
ASKR,URYVL,1
ASKR,URYVR,1
ASKR,VD1,1
ASKR,VD10,1
ASKR,VD11,1
ASKR,VD12,1
ASKR,VD13,1
ASKR,VD2,1
ASKR,VD3,1
ASKR,VD4,1
ASKR,VD5,1
ASKR,VD6,1
ASKR,VD7,1
ASKR,VD8,1
ASKR,VD9,1
AUAL,DVA,1
AUAL,HSNL,1
AUAL,HSNR,1
AUAL,SDQL,1
AUAL,SDQR,1
AUAR,DVA,1
AUAR,HSNL,1
AUAR,HSNR,1
AUAR,SDQL,1
AUAR,SDQR,1
AVAL,ADFL,1
AVAL,ADFR,1
AVAL,AIAL,1
AVAL,AIAR,1
AVAL,AIYL,1
AVAL,AIYR,1
AVAL,AQR,1
AVAL,ASEL,1
AVAL,ASER,1
AVAL,ASGL,1
AVAL,ASGR,1
AVAL,ASHL,1
AVAL,ASHR,1
AVAL,ASIL,1
AVAL,ASIR,1
AVAL,ASJL,1
AVAL,ASJR,1
AVAL,ASKL,1
AVAL,ASKR,1
AVAL,AUAL,1
AVAL,AUAR,1
AVAL,AVAL,1
AVAL,AVAR,1
AVAL,AWAL,1
AVAL,AWAR,1
AVAL,AWBL,1
AVAL,AWBR,1
AVAL,BAGL,1
AVAL,BAGR,1
AVAL,BDUL,1
AVAL,BDUR,1
AVAL,DD1,1
AVAL,DD2,1
AVAL,DD3,1
AVAL,DD4,1
AVAL,DD5,1
AVAL,DD6,1
AVAL,IL2DL,1
AVAL,IL2DR,1
AVAL,IL2L,1
AVAL,IL2R,1
AVAL,IL2VL,1
AVAL,IL2VR,1
AVAL,M3L,1
AVAL,M3R,1
AVAL,OLQDL,1
AVAL,OLQDR,1
AVAL,OLQVL,1
AVAL,OLQVR,1
AVAL,PHAL,1
AVAL,PHAR,1
AVAL,PHBL,1
AVAL,PHBR,1
AVAL,PQR,1
AVAL,RIGL,1
AVAL,RIGR,1
AVAL,RIVL,1
AVAL,RIVR,1
AVAL,RMGL,1
AVAL,RMGR,1
AVAL,SAADL,1
AVAL,SAADR,1
AVAL,SDQL,1
AVAL,SDQR,1
AVAL,SMBDL,1
AVAL,SMBDR,1
AVAL,URXL,1
AVAL,URXR,1
AVAL,VD1,1
AVAL,VD10,1
AVAL,VD11,1
AVAL,VD12,1
AVAL,VD13,1
AVAL,VD2,1
AVAL,VD3,1
AVAL,VD4,1
AVAL,VD5,1
AVAL,VD6,1
AVAL,VD7,1
AVAL,VD8,1
AVAL,VD9,1
AVAR,ADFL,1
AVAR,ADFR,1
AVAR,AIAL,1
AVAR,AIAR,1
AVAR,AIYL,1
AVAR,AIYR,1
AVAR,AQR,1
AVAR,ASEL,1
AVAR,ASER,1
AVAR,ASGL,1
AVAR,ASGR,1
AVAR,ASHL,1
AVAR,ASHR,1
AVAR,ASIL,1
AVAR,ASIR,1
AVAR,ASJL,1
AVAR,ASJR,1
AVAR,ASKL,1
AVAR,ASKR,1
AVAR,AUAL,1
AVAR,AUAR,1
AVAR,AVAL,1
AVAR,AVAR,1
AVAR,AWAL,1
AVAR,AWAR,1
AVAR,AWBL,1
AVAR,AWBR,1
AVAR,BAGL,1
AVAR,BAGR,1
AVAR,BDUL,1
AVAR,BDUR,1
AVAR,DD1,1
AVAR,DD2,1
AVAR,DD3,1
AVAR,DD4,1
AVAR,DD5,1
AVAR,DD6,1
AVAR,IL2DL,1
AVAR,IL2DR,1
AVAR,IL2L,1
AVAR,IL2R,1
AVAR,IL2VL,1
AVAR,IL2VR,1
AVAR,M3L,1
AVAR,M3R,1
AVAR,OLQDL,1
AVAR,OLQDR,1
AVAR,OLQVL,1
AVAR,OLQVR,1
AVAR,PHAL,1
AVAR,PHAR,1
AVAR,PHBL,1
AVAR,PHBR,1
AVAR,PQR,1
AVAR,RIGL,1
AVAR,RIGR,1
AVAR,RIVL,1
AVAR,RIVR,1
AVAR,RMGL,1
AVAR,RMGR,1
AVAR,SAADL,1
AVAR,SAADR,1
AVAR,SDQL,1
AVAR,SDQR,1
AVAR,SMBDL,1
AVAR,SMBDR,1
AVAR,URXL,1
AVAR,URXR,1
AVAR,VD1,1
AVAR,VD10,1
AVAR,VD11,1
AVAR,VD12,1
AVAR,VD13,1
AVAR,VD2,1
AVAR,VD3,1
AVAR,VD4,1
AVAR,VD5,1
AVAR,VD6,1
AVAR,VD7,1
AVAR,VD8,1
AVAR,VD9,1
AVBL,ALML,1
AVBL,ALMR,1
AVBL,AVDL,1
AVBL,AVDR,1
AVBL,AVFL,1
AVBL,AVFR,1
AVBL,AVM,1
AVBL,DB2,1
AVBL,FLPL,1
AVBL,FLPR,1
AVBL,I1L,1
AVBL,I1R,1
AVBL,OLLL,1
AVBL,OLLR,1
AVBL,OLQDL,1
AVBL,OLQDR,1
AVBL,OLQVL,1
AVBL,OLQVR,1
AVBL,PHAL,1
AVBL,PHAR,1
AVBL,PHBL,1
AVBL,PHBR,1
AVBL,PLML,1
AVBL,PLMR,1
AVBL,PQR,1
AVBL,PVCL,1
AVBL,PVCR,1
AVBL,PVM,1
AVBL,PVQL,1
AVBL,PVQR,1
AVBL,PVWL,1
AVBL,PVWR,1
AVBL,RIFL,1
AVBL,RIFR,1
AVBL,RMED,1
AVBL,RMEL,1
AVBL,RMER,1
AVBL,RMEV,1
AVBL,URXL,1
AVBL,URXR,1
AVBL,URYDL,1
AVBL,URYDR,1
AVBL,URYVL,1
AVBL,URYVR,1
AVBR,ALML,1
AVBR,ALMR,1
AVBR,AVDL,1
AVBR,AVDR,1
AVBR,AVFL,1
AVBR,AVFR,1
AVBR,AVM,1
AVBR,DB2,1
AVBR,FLPL,1
AVBR,FLPR,1
AVBR,I1L,1
AVBR,I1R,1
AVBR,OLLL,1
AVBR,OLLR,1
AVBR,OLQDL,1
AVBR,OLQDR,1
AVBR,OLQVL,1
AVBR,OLQVR,1
AVBR,PHAL,1
AVBR,PHAR,1
AVBR,PHBL,1
AVBR,PHBR,1
AVBR,PLML,1
AVBR,PLMR,1
AVBR,PQR,1
AVBR,PVCL,1
AVBR,PVCR,1
AVBR,PVM,1
AVBR,PVQL,1
AVBR,PVQR,1
AVBR,PVWL,1
AVBR,PVWR,1
AVBR,RIFL,1
AVBR,RIFR,1
AVBR,RMED,1
AVBR,RMEL,1
AVBR,RMER,1
AVBR,RMEV,1
AVBR,URXL,1
AVBR,URXR,1
AVBR,URYDL,1
AVBR,URYDR,1
AVBR,URYVL,1
AVBR,URYVR,1
AVDL,ALML,1
AVDL,ALMR,1
AVDL,AVDL,1
AVDL,AVDR,1
AVDL,AVFL,1
AVDL,AVFR,1
AVDL,AVM,1
AVDL,DB2,1
AVDL,FLPL,1
AVDL,FLPR,1
AVDL,I1L,1
AVDL,I1R,1
AVDL,OLLL,1
AVDL,OLLR,1
AVDL,OLQDL,1
AVDL,OLQDR,1
AVDL,OLQVL,1
AVDL,OLQVR,1
AVDL,PHAL,1
AVDL,PHAR,1
AVDL,PHBL,1
AVDL,PHBR,1
AVDL,PLML,1
AVDL,PLMR,1
AVDL,PQR,1
AVDL,PVCL,1
AVDL,PVCR,1
AVDL,PVM,1
AVDL,PVQL,1
AVDL,PVQR,1
AVDL,PVWL,1
AVDL,PVWR,1
AVDL,RIFL,1
AVDL,RIFR,1
AVDL,RMED,1
AVDL,RMEL,1
AVDL,RMER,1
AVDL,RMEV,1
AVDL,URXL,1
AVDL,URXR,1
AVDL,URYDL,1
AVDL,URYDR,1
AVDL,URYVL,1
AVDL,URYVR,1
AVDR,ALML,1
AVDR,ALMR,1
AVDR,AVDL,1
AVDR,AVDR,1
AVDR,AVFL,1
AVDR,AVFR,1
AVDR,AVM,1
AVDR,DB2,1
AVDR,FLPL,1
AVDR,FLPR,1
AVDR,I1L,1
AVDR,I1R,1
AVDR,OLLL,1
AVDR,OLLR,1
AVDR,OLQDL,1
AVDR,OLQDR,1
AVDR,OLQVL,1
AVDR,OLQVR,1
AVDR,PHAL,1
AVDR,PHAR,1
AVDR,PHBL,1
AVDR,PHBR,1
AVDR,PLML,1
AVDR,PLMR,1
AVDR,PQR,1
AVDR,PVCL,1
AVDR,PVCR,1
AVDR,PVM,1
AVDR,PVQL,1
AVDR,PVQR,1
AVDR,PVWL,1
AVDR,PVWR,1
AVDR,RIFL,1
AVDR,RIFR,1
AVDR,RMED,1
AVDR,RMEL,1
AVDR,RMER,1
AVDR,RMEV,1
AVDR,URXL,1
AVDR,URXR,1
AVDR,URYDL,1
AVDR,URYDR,1
AVDR,URYVL,1
AVDR,URYVR,1
AVEL,AIAL,1
AVEL,AIAR,1
AVEL,AIYL,1
AVEL,AIYR,1
AVEL,AVAL,1
AVEL,AVAR,1
AVEL,BAGL,1
AVEL,BAGR,1
AVEL,BDUL,1
AVEL,BDUR,1
AVEL,PQR,1
AVEL,RIVL,1
AVEL,RIVR,1
AVER,AIAL,1
AVER,AIAR,1
AVER,AIYL,1
AVER,AIYR,1
AVER,AVAL,1
AVER,AVAR,1
AVER,BAGL,1
AVER,BAGR,1
AVER,BDUL,1
AVER,BDUR,1
AVER,PQR,1
AVER,RIVL,1
AVER,RIVR,1
AVG,ALML,1
AVG,ALMR,1
AVG,AVDL,1
AVG,AVDR,1
AVG,AVFL,1
AVG,AVFR,1
AVG,AVM,1
AVG,DB2,1
AVG,FLPL,1
AVG,FLPR,1
AVG,I1L,1
AVG,I1R,1
AVG,OLLL,1
AVG,OLLR,1
AVG,OLQDL,1
AVG,OLQDR,1
AVG,OLQVL,1
AVG,OLQVR,1
AVG,PHAL,1
AVG,PHAR,1
AVG,PHBL,1
AVG,PHBR,1
AVG,PLML,1
AVG,PLMR,1
AVG,PQR,1
AVG,PVCL,1
AVG,PVCR,1
AVG,PVM,1
AVG,PVQL,1
AVG,PVQR,1
AVG,PVWL,1
AVG,PVWR,1
AVG,RIFL,1
AVG,RIFR,1
AVG,RMED,1
AVG,RMEL,1
AVG,RMER,1
AVG,RMEV,1
AVG,URXL,1
AVG,URXR,1
AVG,URYDL,1
AVG,URYDR,1
AVG,URYVL,1
AVG,URYVR,1
AVKL,ADFL,1
AVKL,ADFR,1
AVKL,ADLL,1
AVKL,ADLR,1
AVKL,AIAL,1
AVKL,AIAR,1
AVKL,AIYL,1
AVKL,AIYR,1
AVKL,ASEL,1
AVKL,ASER,1
AVKL,ASHL,1
AVKL,ASHR,1
AVKL,AVAL,1
AVKL,AVAR,1
AVKL,BAGL,1
AVKL,BAGR,1
AVKL,BDUL,1
AVKL,BDUR,1
AVKL,I2L,1
AVKL,I2R,1
AVKL,PQR,1
AVKL,PVQL,1
AVKL,PVQR,1
AVKL,PVR,1
AVKL,PVWL,1
AVKL,PVWR,1
AVKL,RICL,1
AVKL,RICR,1
AVKL,RIVL,1
AVKL,RIVR,1
AVKR,ADFL,1
AVKR,ADFR,1
AVKR,ADLL,1
AVKR,ADLR,1
AVKR,AIAL,1
AVKR,AIAR,1
AVKR,AIYL,1
AVKR,AIYR,1
AVKR,ASEL,1
AVKR,ASER,1
AVKR,ASHL,1
AVKR,ASHR,1
AVKR,AVAL,1
AVKR,AVAR,1
AVKR,BAGL,1
AVKR,BAGR,1
AVKR,BDUL,1
AVKR,BDUR,1
AVKR,I2L,1
AVKR,I2R,1
AVKR,PQR,1
AVKR,PVQL,1
AVKR,PVQR,1
AVKR,PVR,1
AVKR,PVWL,1
AVKR,PVWR,1
AVKR,RICL,1
AVKR,RICR,1
AVKR,RIVL,1
AVKR,RIVR,1
AVM,AVAL,1
AVM,AVAR,1
AVM,BAGL,1
AVM,BAGR,1
AVM,BDUL,1
AVM,BDUR,1
AVM,PQR,1
AVM,RIVL,1
AVM,RIVR,1
AWCL,AIAL,1
AWCL,AIAR,1
AWCL,AIYL,1
AWCL,AIYR,1
AWCL,AVAL,1
AWCL,AVAR,1
AWCL,BAGL,1
AWCL,BAGR,1
AWCL,BDUL,1
AWCL,BDUR,1
AWCL,PQR,1
AWCL,RIVL,1
AWCL,RIVR,1
AWCR,AIAL,1
AWCR,AIAR,1
AWCR,AIYL,1
AWCR,AIYR,1
AWCR,AVAL,1
AWCR,AVAR,1
AWCR,BAGL,1
AWCR,BAGR,1
AWCR,BDUL,1
AWCR,BDUR,1
AWCR,PQR,1
AWCR,RIVL,1
AWCR,RIVR,1
BAGL,AVEL,1
BAGL,AVER,1
BAGL,DVA,1
BAGL,HSNL,1
BAGL,HSNR,1
BAGL,I1L,1
BAGL,I1R,1
BAGL,PVM,1
BAGL,RIAL,1
BAGL,RIAR,1
BAGL,SDQL,1
BAGL,SDQR,1
BAGR,AVEL,1
BAGR,AVER,1
BAGR,DVA,1
BAGR,HSNL,1
BAGR,HSNR,1
BAGR,I1L,1
BAGR,I1R,1
BAGR,PVM,1
BAGR,RIAL,1
BAGR,RIAR,1
BAGR,SDQL,1
BAGR,SDQR,1
BDUL,AIAL,1
BDUL,AIAR,1
BDUL,AIYL,1
BDUL,AIYR,1
BDUL,ALML,1
BDUL,ALMR,1
BDUL,AVDL,1
BDUL,AVDR,1
BDUL,AVFL,1
BDUL,AVFR,1
BDUL,AVM,1
BDUL,DB2,1
BDUL,DVA,1
BDUL,FLPL,1
BDUL,FLPR,1
BDUL,HSNL,1
BDUL,HSNR,1
BDUL,I1L,1
BDUL,I1R,1
BDUL,OLLL,1
BDUL,OLLR,1
BDUL,OLQDL,1
BDUL,OLQDR,1
BDUL,OLQVL,1
BDUL,OLQVR,1
BDUL,PHAL,1
BDUL,PHAR,1
BDUL,PHBL,1
BDUL,PHBR,1
BDUL,PLML,1
BDUL,PLMR,1
BDUL,PQR,1
BDUL,PVCL,1
BDUL,PVCR,1
BDUL,PVM,1
BDUL,PVQL,1
BDUL,PVQR,1
BDUL,PVWL,1
BDUL,PVWR,1
BDUL,RIFL,1
BDUL,RIFR,1
BDUL,RMED,1
BDUL,RMEL,1
BDUL,RMER,1
BDUL,RMEV,1
BDUL,SDQL,1
BDUL,SDQR,1
BDUL,URXL,1
BDUL,URXR,1
BDUL,URYDL,1
BDUL,URYDR,1
BDUL,URYVL,1
BDUL,URYVR,1
BDUR,AIAL,1
BDUR,AIAR,1
BDUR,AIYL,1
BDUR,AIYR,1
BDUR,ALML,1
BDUR,ALMR,1
BDUR,AVDL,1
BDUR,AVDR,1
BDUR,AVFL,1
BDUR,AVFR,1
BDUR,AVM,1
BDUR,DB2,1
BDUR,DVA,1
BDUR,FLPL,1
BDUR,FLPR,1
BDUR,HSNL,1
BDUR,HSNR,1
BDUR,I1L,1
BDUR,I1R,1
BDUR,OLLL,1
BDUR,OLLR,1
BDUR,OLQDL,1
BDUR,OLQDR,1
BDUR,OLQVL,1
BDUR,OLQVR,1
BDUR,PHAL,1
BDUR,PHAR,1
BDUR,PHBL,1
BDUR,PHBR,1
BDUR,PLML,1
BDUR,PLMR,1
BDUR,PQR,1
BDUR,PVCL,1
BDUR,PVCR,1
BDUR,PVM,1
BDUR,PVQL,1
BDUR,PVQR,1
BDUR,PVWL,1
BDUR,PVWR,1
BDUR,RIFL,1
BDUR,RIFR,1
BDUR,RMED,1
BDUR,RMEL,1
BDUR,RMER,1
BDUR,RMEV,1
BDUR,SDQL,1
BDUR,SDQR,1
BDUR,URXL,1
BDUR,URXR,1
BDUR,URYDL,1
BDUR,URYDR,1
BDUR,URYVL,1
BDUR,URYVR,1
DD1,ADFL,1
DD1,ADFR,1
DD1,ADLL,1
DD1,ADLR,1
DD1,ASEL,1
DD1,ASER,1
DD1,ASHL,1
DD1,ASHR,1
DD1,AVEL,1
DD1,AVER,1
DD1,BDUL,1
DD1,BDUR,1
DD1,DVA,1
DD1,I1L,1
DD1,I1R,1
DD1,I2L,1
DD1,I2R,1
DD1,PQR,1
DD1,PVM,1
DD1,PVQL,1
DD1,PVQR,1
DD1,PVR,1
DD1,PVWL,1
DD1,PVWR,1
DD1,RIAL,1
DD1,RIAR,1
DD1,RICL,1
DD1,RICR,1
DD2,ADFL,1
DD2,ADFR,1
DD2,ADLL,1
DD2,ADLR,1
DD2,ASEL,1
DD2,ASER,1
DD2,ASHL,1
DD2,ASHR,1
DD2,AVEL,1
DD2,AVER,1
DD2,BDUL,1
DD2,BDUR,1
DD2,DVA,1
DD2,I1L,1
DD2,I1R,1
DD2,I2L,1
DD2,I2R,1
DD2,PQR,1
DD2,PVM,1
DD2,PVQL,1
DD2,PVQR,1
DD2,PVR,1
DD2,PVWL,1
DD2,PVWR,1
DD2,RIAL,1
DD2,RIAR,1
DD2,RICL,1
DD2,RICR,1
DD3,ADFL,1
DD3,ADFR,1
DD3,ADLL,1
DD3,ADLR,1
DD3,ASEL,1
DD3,ASER,1
DD3,ASHL,1
DD3,ASHR,1
DD3,AVEL,1
DD3,AVER,1
DD3,BDUL,1
DD3,BDUR,1
DD3,DVA,1
DD3,I1L,1
DD3,I1R,1
DD3,I2L,1
DD3,I2R,1
DD3,PQR,1
DD3,PVM,1
DD3,PVQL,1
DD3,PVQR,1
DD3,PVR,1
DD3,PVWL,1
DD3,PVWR,1
DD3,RIAL,1
DD3,RIAR,1
DD3,RICL,1
DD3,RICR,1
DD4,ADFL,1
DD4,ADFR,1
DD4,ADLL,1
DD4,ADLR,1
DD4,ASEL,1
DD4,ASER,1
DD4,ASHL,1
DD4,ASHR,1
DD4,AVEL,1
DD4,AVER,1
DD4,BDUL,1
DD4,BDUR,1
DD4,DVA,1
DD4,I1L,1
DD4,I1R,1
DD4,I2L,1
DD4,I2R,1
DD4,PQR,1
DD4,PVM,1
DD4,PVQL,1
DD4,PVQR,1
DD4,PVR,1
DD4,PVWL,1
DD4,PVWR,1
DD4,RIAL,1
DD4,RIAR,1
DD4,RICL,1
DD4,RICR,1
DD5,ADFL,1
DD5,ADFR,1
DD5,ADLL,1
DD5,ADLR,1
DD5,ASEL,1
DD5,ASER,1
DD5,ASHL,1
DD5,ASHR,1
DD5,AVEL,1
DD5,AVER,1
DD5,BDUL,1
DD5,BDUR,1
DD5,DVA,1
DD5,I1L,1
DD5,I1R,1
DD5,I2L,1
DD5,I2R,1
DD5,PQR,1
DD5,PVM,1
DD5,PVQL,1
DD5,PVQR,1
DD5,PVR,1
DD5,PVWL,1
DD5,PVWR,1
DD5,RIAL,1
DD5,RIAR,1
DD5,RICL,1
DD5,RICR,1
DD6,ADFL,1
DD6,ADFR,1
DD6,ADLL,1
DD6,ADLR,1
DD6,ASEL,1
DD6,ASER,1
DD6,ASHL,1
DD6,ASHR,1
DD6,AVEL,1
DD6,AVER,1
DD6,BDUL,1
DD6,BDUR,1
DD6,DVA,1
DD6,I1L,1
DD6,I1R,1
DD6,I2L,1
DD6,I2R,1
DD6,PQR,1
DD6,PVM,1
DD6,PVQL,1
DD6,PVQR,1
DD6,PVR,1
DD6,PVWL,1
DD6,PVWR,1
DD6,RIAL,1
DD6,RIAR,1
DD6,RICL,1
DD6,RICR,1
DVA,ADFL,1
DVA,ADFR,1
DVA,ADLL,1
DVA,ADLR,1
DVA,AIYL,1
DVA,AIYR,1
DVA,AS1,1
DVA,AS10,1
DVA,AS11,1
DVA,AS2,1
DVA,AS3,1
DVA,AS4,1
DVA,AS5,1
DVA,AS6,1
DVA,AS7,1
DVA,AS8,1
DVA,AS9,1
DVA,ASEL,1
DVA,ASER,1
DVA,ASHL,1
DVA,ASHR,1
DVA,BDUL,1
DVA,BDUR,1
DVA,DA1,1
DVA,DA2,1
DVA,DA3,1
DVA,DA4,1
DVA,DA5,1
DVA,DA6,1
DVA,DA7,1
DVA,DA8,1
DVA,DA9,1
DVA,DB1,1
DVA,DB2,1
DVA,DB3,1
DVA,DB4,1
DVA,DB5,1
DVA,DB6,1
DVA,DB7,1
DVA,I2L,1
DVA,I2R,1
DVA,PQR,1
DVA,PVQL,1
DVA,PVQR,1
DVA,PVR,1
DVA,PVWL,1
DVA,PVWR,1
DVA,RICL,1
DVA,RICR,1
DVA,VA1,1
DVA,VA10,1
DVA,VA11,1
DVA,VA12,1
DVA,VA2,1
DVA,VA3,1
DVA,VA4,1
DVA,VA5,1
DVA,VA6,1
DVA,VA7,1
DVA,VA8,1
DVA,VA9,1
DVA,VB1,1
DVA,VB10,1
DVA,VB11,1
DVA,VB2,1
DVA,VB3,1
DVA,VB4,1
DVA,VB5,1
DVA,VB6,1
DVA,VB7,1
DVA,VB8,1
DVA,VB9,1
DVB,DVA,1
DVB,HSNL,1
DVB,HSNR,1
DVB,SDQL,1
DVB,SDQR,1
FLPL,ADFL,1
FLPL,ADFR,1
FLPL,AIAL,1
FLPL,AIAR,1
FLPL,AIYL,1
FLPL,AIYR,1
FLPL,AIZL,1
FLPL,AIZR,1
FLPL,AQR,1
FLPL,ASEL,1
FLPL,ASER,1
FLPL,ASGL,1
FLPL,ASGR,1
FLPL,ASHL,1
FLPL,ASHR,1
FLPL,ASIL,1
FLPL,ASIR,1
FLPL,ASJL,1
FLPL,ASJR,1
FLPL,ASKL,1
FLPL,ASKR,1
FLPL,AUAL,1
FLPL,AUAR,1
FLPL,AVAL,1
FLPL,AVAR,1
FLPL,AWAL,1
FLPL,AWAR,1
FLPL,AWBL,1
FLPL,AWBR,1
FLPL,BAGL,1
FLPL,BAGR,1
FLPL,BDUL,1
FLPL,BDUR,1
FLPL,DD1,1
FLPL,DD2,1
FLPL,DD3,1
FLPL,DD4,1
FLPL,DD5,1
FLPL,DD6,1
FLPL,FLPL,1
FLPL,FLPR,1
FLPL,IL2DL,1
FLPL,IL2DR,1
FLPL,IL2L,1
FLPL,IL2R,1
FLPL,IL2VL,1
FLPL,IL2VR,1
FLPL,M3L,1
FLPL,M3R,1
FLPL,OLQDL,1
FLPL,OLQDR,1
FLPL,OLQVL,1
FLPL,OLQVR,1
FLPL,PHAL,1
FLPL,PHAR,1
FLPL,PHBL,1
FLPL,PHBR,1
FLPL,PQR,1
FLPL,PVDL,1
FLPL,PVDR,1
FLPL,PVQL,1
FLPL,PVQR,1
FLPL,RIGL,1
FLPL,RIGR,1
FLPL,RIVL,1
FLPL,RIVR,1
FLPL,RMGL,1
FLPL,RMGR,1
FLPL,SAADL,1
FLPL,SAADR,1
FLPL,SABD,1
FLPL,SABVL,1
FLPL,SABVR,1
FLPL,SDQL,1
FLPL,SDQR,1
FLPL,SMBDL,1
FLPL,SMBDR,1
FLPL,URXL,1
FLPL,URXR,1
FLPL,VD1,1
FLPL,VD10,1
FLPL,VD11,1
FLPL,VD12,1
FLPL,VD13,1
FLPL,VD2,1
FLPL,VD3,1
FLPL,VD4,1
FLPL,VD5,1
FLPL,VD6,1
FLPL,VD7,1
FLPL,VD8,1
FLPL,VD9,1
FLPR,ADFL,1
FLPR,ADFR,1
FLPR,AIAL,1
FLPR,AIAR,1
FLPR,AIYL,1
FLPR,AIYR,1
FLPR,AIZL,1
FLPR,AIZR,1
FLPR,AQR,1
FLPR,ASEL,1
FLPR,ASER,1
FLPR,ASGL,1
FLPR,ASGR,1
FLPR,ASHL,1
FLPR,ASHR,1
FLPR,ASIL,1
FLPR,ASIR,1
FLPR,ASJL,1
FLPR,ASJR,1
FLPR,ASKL,1
FLPR,ASKR,1
FLPR,AUAL,1
FLPR,AUAR,1
FLPR,AVAL,1
FLPR,AVAR,1
FLPR,AWAL,1
FLPR,AWAR,1
FLPR,AWBL,1
FLPR,AWBR,1
FLPR,BAGL,1
FLPR,BAGR,1
FLPR,BDUL,1
FLPR,BDUR,1
FLPR,DD1,1
FLPR,DD2,1
FLPR,DD3,1
FLPR,DD4,1
FLPR,DD5,1
FLPR,DD6,1
FLPR,FLPL,1
FLPR,FLPR,1
FLPR,IL2DL,1
FLPR,IL2DR,1
FLPR,IL2L,1
FLPR,IL2R,1
FLPR,IL2VL,1
FLPR,IL2VR,1
FLPR,M3L,1
FLPR,M3R,1
FLPR,OLQDL,1
FLPR,OLQDR,1
FLPR,OLQVL,1
FLPR,OLQVR,1
FLPR,PHAL,1
FLPR,PHAR,1
FLPR,PHBL,1
FLPR,PHBR,1
FLPR,PQR,1
FLPR,PVDL,1
FLPR,PVDR,1
FLPR,PVQL,1
FLPR,PVQR,1
FLPR,RIGL,1
FLPR,RIGR,1
FLPR,RIVL,1
FLPR,RIVR,1
FLPR,RMGL,1
FLPR,RMGR,1
FLPR,SAADL,1
FLPR,SAADR,1
FLPR,SABD,1
FLPR,SABVL,1
FLPR,SABVR,1
FLPR,SDQL,1
FLPR,SDQR,1
FLPR,SMBDL,1
FLPR,SMBDR,1
FLPR,URXL,1
FLPR,URXR,1
FLPR,VD1,1
FLPR,VD10,1
FLPR,VD11,1
FLPR,VD12,1
FLPR,VD13,1
FLPR,VD2,1
FLPR,VD3,1
FLPR,VD4,1
FLPR,VD5,1
FLPR,VD6,1
FLPR,VD7,1
FLPR,VD8,1
FLPR,VD9,1
HSNL,AIAL,1
HSNL,AIAR,1
HSNL,AIYL,1
HSNL,AIYR,1
HSNR,AIAL,1
HSNR,AIAR,1
HSNR,AIYL,1
HSNR,AIYR,1
I2L,AIAL,1
I2L,AIAR,1
I2L,AIYL,1
I2L,AIYR,1
I2L,AS1,1
I2L,AS10,1
I2L,AS11,1
I2L,AS2,1
I2L,AS3,1
I2L,AS4,1
I2L,AS5,1
I2L,AS6,1
I2L,AS7,1
I2L,AS8,1
I2L,AS9,1
I2L,DA1,1
I2L,DA2,1
I2L,DA3,1
I2L,DA4,1
I2L,DA5,1
I2L,DA6,1
I2L,DA7,1
I2L,DA8,1
I2L,DA9,1
I2L,DB1,1
I2L,DB2,1
I2L,DB3,1
I2L,DB4,1
I2L,DB5,1
I2L,DB6,1
I2L,DB7,1
I2L,VA1,1
I2L,VA10,1
I2L,VA11,1
I2L,VA12,1
I2L,VA2,1
I2L,VA3,1
I2L,VA4,1
I2L,VA5,1
I2L,VA6,1
I2L,VA7,1
I2L,VA8,1
I2L,VA9,1
I2L,VB1,1
I2L,VB10,1
I2L,VB11,1
I2L,VB2,1
I2L,VB3,1
I2L,VB4,1
I2L,VB5,1
I2L,VB6,1
I2L,VB7,1
I2L,VB8,1
I2L,VB9,1
I2R,AIAL,1
I2R,AIAR,1
I2R,AIYL,1
I2R,AIYR,1
I2R,AS1,1
I2R,AS10,1
I2R,AS11,1
I2R,AS2,1
I2R,AS3,1
I2R,AS4,1
I2R,AS5,1
I2R,AS6,1
I2R,AS7,1
I2R,AS8,1
I2R,AS9,1
I2R,DA1,1
I2R,DA2,1
I2R,DA3,1
I2R,DA4,1
I2R,DA5,1
I2R,DA6,1
I2R,DA7,1
I2R,DA8,1
I2R,DA9,1
I2R,DB1,1
I2R,DB2,1
I2R,DB3,1
I2R,DB4,1
I2R,DB5,1
I2R,DB6,1
I2R,DB7,1
I2R,VA1,1
I2R,VA10,1
I2R,VA11,1
I2R,VA12,1
I2R,VA2,1
I2R,VA3,1
I2R,VA4,1
I2R,VA5,1
I2R,VA6,1
I2R,VA7,1
I2R,VA8,1
I2R,VA9,1
I2R,VB1,1
I2R,VB10,1
I2R,VB11,1
I2R,VB2,1
I2R,VB3,1
I2R,VB4,1
I2R,VB5,1
I2R,VB6,1
I2R,VB7,1
I2R,VB8,1
I2R,VB9,1
I4,AIAL,1
I4,AIAR,1
I4,AIYL,1
I4,AIYR,1
I5,AVAL,1
I5,AVAR,1
I5,AVEL,1
I5,AVER,1
I5,BAGL,1
I5,BAGR,1
I5,BDUL,1
I5,BDUR,1
I5,DVA,1
I5,I1L,1
I5,I1R,1
I5,PQR,1
I5,PVM,1
I5,RIAL,1
I5,RIAR,1
I5,RIVL,1
I5,RIVR,1
I6,AVAL,1
I6,AVAR,1
I6,BAGL,1
I6,BAGR,1
I6,BDUL,1
I6,BDUR,1
I6,PQR,1
I6,RIVL,1
I6,RIVR,1
LUAL,ALML,1
LUAL,ALMR,1
LUAL,AVDL,1
LUAL,AVDR,1
LUAL,AVFL,1
LUAL,AVFR,1
LUAL,AVM,1
LUAL,DB2,1
LUAL,FLPL,1
LUAL,FLPR,1
LUAL,I1L,1
LUAL,I1R,1
LUAL,OLLL,1
LUAL,OLLR,1
LUAL,OLQDL,1
LUAL,OLQDR,1
LUAL,OLQVL,1
LUAL,OLQVR,1
LUAL,PHAL,1
LUAL,PHAR,1
LUAL,PHBL,1
LUAL,PHBR,1
LUAL,PLML,1
LUAL,PLMR,1
LUAL,PQR,1
LUAL,PVCL,1
LUAL,PVCR,1
LUAL,PVM,1
LUAL,PVQL,1
LUAL,PVQR,1
LUAL,PVWL,1
LUAL,PVWR,1
LUAL,RIFL,1
LUAL,RIFR,1
LUAL,RMED,1
LUAL,RMEL,1
LUAL,RMER,1
LUAL,RMEV,1
LUAL,URXL,1
LUAL,URXR,1
LUAL,URYDL,1
LUAL,URYDR,1
LUAL,URYVL,1
LUAL,URYVR,1
LUAR,ALML,1
LUAR,ALMR,1
LUAR,AVDL,1
LUAR,AVDR,1
LUAR,AVFL,1
LUAR,AVFR,1
LUAR,AVM,1
LUAR,DB2,1
LUAR,FLPL,1
LUAR,FLPR,1
LUAR,I1L,1
LUAR,I1R,1
LUAR,OLLL,1
LUAR,OLLR,1
LUAR,OLQDL,1
LUAR,OLQDR,1
LUAR,OLQVL,1
LUAR,OLQVR,1
LUAR,PHAL,1
LUAR,PHAR,1
LUAR,PHBL,1
LUAR,PHBR,1
LUAR,PLML,1
LUAR,PLMR,1
LUAR,PQR,1
LUAR,PVCL,1
LUAR,PVCR,1
LUAR,PVM,1
LUAR,PVQL,1
LUAR,PVQR,1
LUAR,PVWL,1
LUAR,PVWR,1
LUAR,RIFL,1
LUAR,RIFR,1
LUAR,RMED,1
LUAR,RMEL,1
LUAR,RMER,1
LUAR,RMEV,1
LUAR,URXL,1
LUAR,URXR,1
LUAR,URYDL,1
LUAR,URYDR,1
LUAR,URYVL,1
LUAR,URYVR,1
M2L,ADFL,1
M2L,ADFR,1
M2L,AIAL,1
M2L,AIAR,1
M2L,AIYL,1
M2L,AIYR,1
M2L,AIZL,1
M2L,AIZR,1
M2L,AQR,1
M2L,ASEL,1
M2L,ASER,1
M2L,ASGL,1
M2L,ASGR,1
M2L,ASHL,1
M2L,ASHR,1
M2L,ASIL,1
M2L,ASIR,1
M2L,ASJL,1
M2L,ASJR,1
M2L,ASKL,1
M2L,ASKR,1
M2L,AUAL,1
M2L,AUAR,1
M2L,AVAL,1
M2L,AVAR,1
M2L,AWAL,1
M2L,AWAR,1
M2L,AWBL,1
M2L,AWBR,1
M2L,BAGL,1
M2L,BAGR,1
M2L,BDUL,1
M2L,BDUR,1
M2L,DD1,1
M2L,DD2,1
M2L,DD3,1
M2L,DD4,1
M2L,DD5,1
M2L,DD6,1
M2L,FLPL,1
M2L,FLPR,1
M2L,IL2DL,1
M2L,IL2DR,1
M2L,IL2L,1
M2L,IL2R,1
M2L,IL2VL,1
M2L,IL2VR,1
M2L,M3L,1
M2L,M3R,1
M2L,OLQDL,1
M2L,OLQDR,1
M2L,OLQVL,1
M2L,OLQVR,1
M2L,PHAL,1
M2L,PHAR,1
M2L,PHBL,1
M2L,PHBR,1
M2L,PQR,1
M2L,PVDL,1
M2L,PVDR,1
M2L,PVQL,1
M2L,PVQR,1
M2L,RIGL,1
M2L,RIGR,1
M2L,RIVL,1
M2L,RIVR,1
M2L,RMGL,1
M2L,RMGR,1
M2L,SAADL,1
M2L,SAADR,1
M2L,SABD,1
M2L,SABVL,1
M2L,SABVR,1
M2L,SDQL,1
M2L,SDQR,1
M2L,SMBDL,1
M2L,SMBDR,1
M2L,URXL,1
M2L,URXR,1
M2L,VD1,1
M2L,VD10,1
M2L,VD11,1
M2L,VD12,1
M2L,VD13,1
M2L,VD2,1
M2L,VD3,1
M2L,VD4,1
M2L,VD5,1
M2L,VD6,1
M2L,VD7,1
M2L,VD8,1
M2L,VD9,1
M2R,ADFL,1
M2R,ADFR,1
M2R,AIAL,1
M2R,AIAR,1
M2R,AIYL,1
M2R,AIYR,1
M2R,AIZL,1
M2R,AIZR,1
M2R,AQR,1
M2R,ASEL,1
M2R,ASER,1
M2R,ASGL,1
M2R,ASGR,1
M2R,ASHL,1
M2R,ASHR,1
M2R,ASIL,1
M2R,ASIR,1
M2R,ASJL,1
M2R,ASJR,1
M2R,ASKL,1
M2R,ASKR,1
M2R,AUAL,1
M2R,AUAR,1
M2R,AVAL,1
M2R,AVAR,1
M2R,AWAL,1
M2R,AWAR,1
M2R,AWBL,1
M2R,AWBR,1
M2R,BAGL,1
M2R,BAGR,1
M2R,BDUL,1
M2R,BDUR,1
M2R,DD1,1
M2R,DD2,1
M2R,DD3,1
M2R,DD4,1
M2R,DD5,1
M2R,DD6,1
M2R,FLPL,1
M2R,FLPR,1
M2R,IL2DL,1
M2R,IL2DR,1
M2R,IL2L,1
M2R,IL2R,1
M2R,IL2VL,1
M2R,IL2VR,1
M2R,M3L,1
M2R,M3R,1
M2R,OLQDL,1
M2R,OLQDR,1
M2R,OLQVL,1
M2R,OLQVR,1
M2R,PHAL,1
M2R,PHAR,1
M2R,PHBL,1
M2R,PHBR,1
M2R,PQR,1
M2R,PVDL,1
M2R,PVDR,1
M2R,PVQL,1
M2R,PVQR,1
M2R,RIGL,1
M2R,RIGR,1
M2R,RIVL,1
M2R,RIVR,1
M2R,RMGL,1
M2R,RMGR,1
M2R,SAADL,1
M2R,SAADR,1
M2R,SABD,1
M2R,SABVL,1
M2R,SABVR,1
M2R,SDQL,1
M2R,SDQR,1
M2R,SMBDL,1
M2R,SMBDR,1
M2R,URXL,1
M2R,URXR,1
M2R,VD1,1
M2R,VD10,1
M2R,VD11,1
M2R,VD12,1
M2R,VD13,1
M2R,VD2,1
M2R,VD3,1
M2R,VD4,1
M2R,VD5,1
M2R,VD6,1
M2R,VD7,1
M2R,VD8,1
M2R,VD9,1
M3L,ADFL,1
M3L,ADFR,1
M3L,AIAL,1
M3L,AIAR,1
M3L,AIYL,1
M3L,AIYR,1
M3L,AQR,1
M3L,ASEL,1
M3L,ASER,1
M3L,ASGL,1
M3L,ASGR,1
M3L,ASHL,1
M3L,ASHR,1
M3L,ASIL,1
M3L,ASIR,1
M3L,ASJL,1
M3L,ASJR,1
M3L,ASKL,1
M3L,ASKR,1
M3L,AUAL,1
M3L,AUAR,1
M3L,AVAL,1
M3L,AVAR,1
M3L,AVEL,1
M3L,AVER,1
M3L,AWAL,1
M3L,AWAR,1
M3L,AWBL,1
M3L,AWBR,1
M3L,BAGL,1
M3L,BAGR,1
M3L,BDUL,1
M3L,BDUR,1
M3L,DD1,1
M3L,DD2,1
M3L,DD3,1
M3L,DD4,1
M3L,DD5,1
M3L,DD6,1
M3L,DVA,1
M3L,I1L,1
M3L,I1R,1
M3L,IL2DL,1
M3L,IL2DR,1
M3L,IL2L,1
M3L,IL2R,1
M3L,IL2VL,1
M3L,IL2VR,1
M3L,M3L,1
M3L,M3R,1
M3L,OLQDL,1
M3L,OLQDR,1
M3L,OLQVL,1
M3L,OLQVR,1
M3L,PHAL,1
M3L,PHAR,1
M3L,PHBL,1
M3L,PHBR,1
M3L,PQR,1
M3L,PVM,1
M3L,RIAL,1
M3L,RIAR,1
M3L,RIGL,1
M3L,RIGR,1
M3L,RIVL,1
M3L,RIVR,1
M3L,RMGL,1
M3L,RMGR,1
M3L,SAADL,1
M3L,SAADR,1
M3L,SDQL,1
M3L,SDQR,1
M3L,SMBDL,1
M3L,SMBDR,1
M3L,URXL,1
M3L,URXR,1
M3L,VD1,1
M3L,VD10,1
M3L,VD11,1
M3L,VD12,1
M3L,VD13,1
M3L,VD2,1
M3L,VD3,1
M3L,VD4,1
M3L,VD5,1
M3L,VD6,1
M3L,VD7,1
M3L,VD8,1
M3L,VD9,1
M3R,ADFL,1
M3R,ADFR,1
M3R,AIAL,1
M3R,AIAR,1
M3R,AIYL,1
M3R,AIYR,1
M3R,AQR,1
M3R,ASEL,1
M3R,ASER,1
M3R,ASGL,1
M3R,ASGR,1
M3R,ASHL,1
M3R,ASHR,1
M3R,ASIL,1
M3R,ASIR,1
M3R,ASJL,1
M3R,ASJR,1
M3R,ASKL,1
M3R,ASKR,1
M3R,AUAL,1
M3R,AUAR,1
M3R,AVAL,1
M3R,AVAR,1
M3R,AVEL,1
M3R,AVER,1
M3R,AWAL,1
M3R,AWAR,1
M3R,AWBL,1
M3R,AWBR,1
M3R,BAGL,1
M3R,BAGR,1
M3R,BDUL,1
M3R,BDUR,1
M3R,DD1,1
M3R,DD2,1
M3R,DD3,1
M3R,DD4,1
M3R,DD5,1
M3R,DD6,1
M3R,DVA,1
M3R,I1L,1
M3R,I1R,1
M3R,IL2DL,1
M3R,IL2DR,1
M3R,IL2L,1
M3R,IL2R,1
M3R,IL2VL,1
M3R,IL2VR,1
M3R,M3L,1
M3R,M3R,1
M3R,OLQDL,1
M3R,OLQDR,1
M3R,OLQVL,1
M3R,OLQVR,1
M3R,PHAL,1
M3R,PHAR,1
M3R,PHBL,1
M3R,PHBR,1
M3R,PQR,1
M3R,PVM,1
M3R,RIAL,1
M3R,RIAR,1
M3R,RIGL,1
M3R,RIGR,1
M3R,RIVL,1
M3R,RIVR,1
M3R,RMGL,1
M3R,RMGR,1
M3R,SAADL,1
M3R,SAADR,1
M3R,SDQL,1
M3R,SDQR,1
M3R,SMBDL,1
M3R,SMBDR,1
M3R,URXL,1
M3R,URXR,1
M3R,VD1,1
M3R,VD10,1
M3R,VD11,1
M3R,VD12,1
M3R,VD13,1
M3R,VD2,1
M3R,VD3,1
M3R,VD4,1
M3R,VD5,1
M3R,VD6,1
M3R,VD7,1
M3R,VD8,1
M3R,VD9,1
M4,ADFL,1
M4,ADFR,1
M4,AIAL,1
M4,AIAR,1
M4,AIYL,1
M4,AIYR,1
M4,AIZL,1
M4,AIZR,1
M4,AQR,1
M4,ASEL,1
M4,ASER,1
M4,ASGL,1
M4,ASGR,1
M4,ASHL,1
M4,ASHR,1
M4,ASIL,1
M4,ASIR,1
M4,ASJL,1
M4,ASJR,1
M4,ASKL,1
M4,ASKR,1
M4,AUAL,1
M4,AUAR,1
M4,AWAL,1
M4,AWAR,1
M4,AWBL,1
M4,AWBR,1
M4,DD1,1
M4,DD2,1
M4,DD3,1
M4,DD4,1
M4,DD5,1
M4,DD6,1
M4,FLPL,1
M4,FLPR,1
M4,IL2DL,1
M4,IL2DR,1
M4,IL2L,1
M4,IL2R,1
M4,IL2VL,1
M4,IL2VR,1
M4,M3L,1
M4,M3R,1
M4,OLQDL,1
M4,OLQDR,1
M4,OLQVL,1
M4,OLQVR,1
M4,PHAL,1
M4,PHAR,1
M4,PHBL,1
M4,PHBR,1
M4,PQR,1
M4,PVDL,1
M4,PVDR,1
M4,PVQL,1
M4,PVQR,1
M4,RIGL,1
M4,RIGR,1
M4,RIVL,1
M4,RIVR,1
M4,RMGL,1
M4,RMGR,1
M4,SAADL,1
M4,SAADR,1
M4,SABD,1
M4,SABVL,1
M4,SABVR,1
M4,SDQL,1
M4,SDQR,1
M4,SMBDL,1
M4,SMBDR,1
M4,URXL,1
M4,URXR,1
M4,VD1,1
M4,VD10,1
M4,VD11,1
M4,VD12,1
M4,VD13,1
M4,VD2,1
M4,VD3,1
M4,VD4,1
M4,VD5,1
M4,VD6,1
M4,VD7,1
M4,VD8,1
M4,VD9,1
M5,ADFL,1
M5,ADFR,1
M5,ADLL,1
M5,ADLR,1
M5,AIAL,1
M5,AIAR,1
M5,AIYL,1
M5,AIYR,1
M5,ASEL,1
M5,ASER,1
M5,ASHL,1
M5,ASHR,1
M5,AVAL,1
M5,AVAR,1
M5,AVEL,1
M5,AVER,1
M5,BAGL,1
M5,BAGR,1
M5,BDUL,1
M5,BDUR,1
M5,DVA,1
M5,HSNL,1
M5,HSNR,1
M5,I1L,1
M5,I1R,1
M5,I2L,1
M5,I2R,1
M5,PQR,1
M5,PVM,1
M5,PVQL,1
M5,PVQR,1
M5,PVR,1
M5,PVWL,1
M5,PVWR,1
M5,RIAL,1
M5,RIAR,1
M5,RICL,1
M5,RICR,1
M5,RIVL,1
M5,RIVR,1
M5,SDQL,1
M5,SDQR,1
MCL,ADFL,1
MCL,ADFR,1
MCL,AIAL,1
MCL,AIAR,1
MCL,AIYL,1
MCL,AIYR,1
MCL,AIZL,1
MCL,AIZR,1
MCL,AQR,1
MCL,ASEL,1
MCL,ASER,1
MCL,ASGL,1
MCL,ASGR,1
MCL,ASHL,1
MCL,ASHR,1
MCL,ASIL,1
MCL,ASIR,1
MCL,ASJL,1
MCL,ASJR,1
MCL,ASKL,1
MCL,ASKR,1
MCL,AUAL,1
MCL,AUAR,1
MCL,AWAL,1
MCL,AWAR,1
MCL,AWBL,1
MCL,AWBR,1
MCL,DD1,1
MCL,DD2,1
MCL,DD3,1
MCL,DD4,1
MCL,DD5,1
MCL,DD6,1
MCL,FLPL,1
MCL,FLPR,1
MCL,IL2DL,1
MCL,IL2DR,1
MCL,IL2L,1
MCL,IL2R,1
MCL,IL2VL,1
MCL,IL2VR,1
MCL,M3L,1
MCL,M3R,1
MCL,OLQDL,1
MCL,OLQDR,1
MCL,OLQVL,1
MCL,OLQVR,1
MCL,PHAL,1
MCL,PHAR,1
MCL,PHBL,1
MCL,PHBR,1
MCL,PQR,1
MCL,PVDL,1
MCL,PVDR,1
MCL,PVQL,1
MCL,PVQR,1
MCL,RIGL,1
MCL,RIGR,1
MCL,RIVL,1
MCL,RIVR,1
MCL,RMGL,1
MCL,RMGR,1
MCL,SAADL,1
MCL,SAADR,1
MCL,SABD,1
MCL,SABVL,1
MCL,SABVR,1
MCL,SDQL,1
MCL,SDQR,1
MCL,SMBDL,1
MCL,SMBDR,1
MCL,URXL,1
MCL,URXR,1
MCL,VD1,1
MCL,VD10,1
MCL,VD11,1
MCL,VD12,1
MCL,VD13,1
MCL,VD2,1
MCL,VD3,1
MCL,VD4,1
MCL,VD5,1
MCL,VD6,1
MCL,VD7,1
MCL,VD8,1
MCL,VD9,1
MCR,ADFL,1
MCR,ADFR,1
MCR,AIAL,1
MCR,AIAR,1
MCR,AIYL,1
MCR,AIYR,1
MCR,AIZL,1
MCR,AIZR,1
MCR,AQR,1
MCR,ASEL,1
MCR,ASER,1
MCR,ASGL,1
MCR,ASGR,1
MCR,ASHL,1
MCR,ASHR,1
MCR,ASIL,1
MCR,ASIR,1
MCR,ASJL,1
MCR,ASJR,1
MCR,ASKL,1
MCR,ASKR,1
MCR,AUAL,1
MCR,AUAR,1
MCR,AWAL,1
MCR,AWAR,1
MCR,AWBL,1
MCR,AWBR,1
MCR,DD1,1
MCR,DD2,1
MCR,DD3,1
MCR,DD4,1
MCR,DD5,1
MCR,DD6,1
MCR,FLPL,1
MCR,FLPR,1
MCR,IL2DL,1
MCR,IL2DR,1
MCR,IL2L,1
MCR,IL2R,1
MCR,IL2VL,1
MCR,IL2VR,1
MCR,M3L,1
MCR,M3R,1
MCR,OLQDL,1
MCR,OLQDR,1
MCR,OLQVL,1
MCR,OLQVR,1
MCR,PHAL,1
MCR,PHAR,1
MCR,PHBL,1
MCR,PHBR,1
MCR,PQR,1
MCR,PVDL,1
MCR,PVDR,1
MCR,PVQL,1
MCR,PVQR,1
MCR,RIGL,1
MCR,RIGR,1
MCR,RIVL,1
MCR,RIVR,1
MCR,RMGL,1
MCR,RMGR,1
MCR,SAADL,1
MCR,SAADR,1
MCR,SABD,1
MCR,SABVL,1
MCR,SABVR,1
MCR,SDQL,1
MCR,SDQR,1
MCR,SMBDL,1
MCR,SMBDR,1
MCR,URXL,1
MCR,URXR,1
MCR,VD1,1
MCR,VD10,1
MCR,VD11,1
MCR,VD12,1
MCR,VD13,1
MCR,VD2,1
MCR,VD3,1
MCR,VD4,1
MCR,VD5,1
MCR,VD6,1
MCR,VD7,1
MCR,VD8,1
MCR,VD9,1
NSML,ADFL,1
NSML,ADFR,1
NSML,ADLL,1
NSML,ADLR,1
NSML,ASEL,1
NSML,ASER,1
NSML,ASHL,1
NSML,ASHR,1
NSML,AVAL,1
NSML,AVAR,1
NSML,BAGL,1
NSML,BAGR,1
NSML,BDUL,1
NSML,BDUR,1
NSML,I2L,1
NSML,I2R,1
NSML,PQR,1
NSML,PVQL,1
NSML,PVQR,1
NSML,PVR,1
NSML,PVWL,1
NSML,PVWR,1
NSML,RICL,1
NSML,RICR,1
NSML,RIVL,1
NSML,RIVR,1
NSMR,ADFL,1
NSMR,ADFR,1
NSMR,ADLL,1
NSMR,ADLR,1
NSMR,ASEL,1
NSMR,ASER,1
NSMR,ASHL,1
NSMR,ASHR,1
NSMR,AVAL,1
NSMR,AVAR,1
NSMR,BAGL,1
NSMR,BAGR,1
NSMR,BDUL,1
NSMR,BDUR,1
NSMR,I2L,1
NSMR,I2R,1
NSMR,PQR,1
NSMR,PVQL,1
NSMR,PVQR,1
NSMR,PVR,1
NSMR,PVWL,1
NSMR,PVWR,1
NSMR,RICL,1
NSMR,RICR,1
NSMR,RIVL,1
NSMR,RIVR,1
PHAL,ALML,1
PHAL,ALMR,1
PHAL,AS1,1
PHAL,AS10,1
PHAL,AS11,1
PHAL,AS2,1
PHAL,AS3,1
PHAL,AS4,1
PHAL,AS5,1
PHAL,AS6,1
PHAL,AS7,1
PHAL,AS8,1
PHAL,AS9,1
PHAL,AVAL,1
PHAL,AVAR,1
PHAL,AVDL,1
PHAL,AVDR,1
PHAL,AVFL,1
PHAL,AVFR,1
PHAL,AVM,1
PHAL,BAGL,1
PHAL,BAGR,1
PHAL,BDUL,1
PHAL,BDUR,1
PHAL,DA1,1
PHAL,DA2,1
PHAL,DA3,1
PHAL,DA4,1
PHAL,DA5,1
PHAL,DA6,1
PHAL,DA7,1
PHAL,DA8,1
PHAL,DA9,1
PHAL,DB1,1
PHAL,DB2,1
PHAL,DB3,1
PHAL,DB4,1
PHAL,DB5,1
PHAL,DB6,1
PHAL,DB7,1
PHAL,FLPL,1
PHAL,FLPR,1
PHAL,I1L,1
PHAL,I1R,1
PHAL,OLLL,1
PHAL,OLLR,1
PHAL,OLQDL,1
PHAL,OLQDR,1
PHAL,OLQVL,1
PHAL,OLQVR,1
PHAL,PHAL,1
PHAL,PHAR,1
PHAL,PHBL,1
PHAL,PHBR,1
PHAL,PLML,1
PHAL,PLMR,1
PHAL,PQR,1
PHAL,PVCL,1
PHAL,PVCR,1
PHAL,PVM,1
PHAL,PVQL,1
PHAL,PVQR,1
PHAL,PVWL,1
PHAL,PVWR,1
PHAL,RIFL,1
PHAL,RIFR,1
PHAL,RIVL,1
PHAL,RIVR,1
PHAL,RMED,1
PHAL,RMEL,1
PHAL,RMER,1
PHAL,RMEV,1
PHAL,URXL,1
PHAL,URXR,1
PHAL,URYDL,1
PHAL,URYDR,1
PHAL,URYVL,1
PHAL,URYVR,1
PHAL,VA1,1
PHAL,VA10,1
PHAL,VA11,1
PHAL,VA12,1
PHAL,VA2,1
PHAL,VA3,1
PHAL,VA4,1
PHAL,VA5,1
PHAL,VA6,1
PHAL,VA7,1
PHAL,VA8,1
PHAL,VA9,1
PHAL,VB1,1
PHAL,VB10,1
PHAL,VB11,1
PHAL,VB2,1
PHAL,VB3,1
PHAL,VB4,1
PHAL,VB5,1
PHAL,VB6,1
PHAL,VB7,1
PHAL,VB8,1
PHAL,VB9,1
PHAR,ALML,1
PHAR,ALMR,1
PHAR,AS1,1
PHAR,AS10,1
PHAR,AS11,1
PHAR,AS2,1
PHAR,AS3,1
PHAR,AS4,1
PHAR,AS5,1
PHAR,AS6,1
PHAR,AS7,1
PHAR,AS8,1
PHAR,AS9,1
PHAR,AVAL,1
PHAR,AVAR,1
PHAR,AVDL,1
PHAR,AVDR,1
PHAR,AVFL,1
PHAR,AVFR,1
PHAR,AVM,1
PHAR,BAGL,1
PHAR,BAGR,1
PHAR,BDUL,1
PHAR,BDUR,1
PHAR,DA1,1
PHAR,DA2,1
PHAR,DA3,1
PHAR,DA4,1
PHAR,DA5,1
PHAR,DA6,1
PHAR,DA7,1
PHAR,DA8,1
PHAR,DA9,1
PHAR,DB1,1
PHAR,DB2,1
PHAR,DB3,1
PHAR,DB4,1
PHAR,DB5,1
PHAR,DB6,1
PHAR,DB7,1
PHAR,FLPL,1
PHAR,FLPR,1
PHAR,I1L,1
PHAR,I1R,1
PHAR,OLLL,1
PHAR,OLLR,1
PHAR,OLQDL,1
PHAR,OLQDR,1
PHAR,OLQVL,1
PHAR,OLQVR,1
PHAR,PHAL,1
PHAR,PHAR,1
PHAR,PHBL,1
PHAR,PHBR,1
PHAR,PLML,1
PHAR,PLMR,1
PHAR,PQR,1
PHAR,PVCL,1
PHAR,PVCR,1
PHAR,PVM,1
PHAR,PVQL,1
PHAR,PVQR,1
PHAR,PVWL,1
PHAR,PVWR,1
PHAR,RIFL,1
PHAR,RIFR,1
PHAR,RIVL,1
PHAR,RIVR,1
PHAR,RMED,1
PHAR,RMEL,1
PHAR,RMER,1
PHAR,RMEV,1
PHAR,URXL,1
PHAR,URXR,1
PHAR,URYDL,1
PHAR,URYDR,1
PHAR,URYVL,1
PHAR,URYVR,1
PHAR,VA1,1
PHAR,VA10,1
PHAR,VA11,1
PHAR,VA12,1
PHAR,VA2,1
PHAR,VA3,1
PHAR,VA4,1
PHAR,VA5,1
PHAR,VA6,1
PHAR,VA7,1
PHAR,VA8,1
PHAR,VA9,1
PHAR,VB1,1
PHAR,VB10,1
PHAR,VB11,1
PHAR,VB2,1
PHAR,VB3,1
PHAR,VB4,1
PHAR,VB5,1
PHAR,VB6,1
PHAR,VB7,1
PHAR,VB8,1
PHAR,VB9,1
PHBL,AIAL,1
PHBL,AIAR,1
PHBL,AIYL,1
PHBL,AIYR,1
PHBL,ALML,1
PHBL,ALMR,1
PHBL,AVAL,1
PHBL,AVAR,1
PHBL,AVDL,1
PHBL,AVDR,1
PHBL,AVFL,1
PHBL,AVFR,1
PHBL,AVM,1
PHBL,BAGL,1
PHBL,BAGR,1
PHBL,BDUL,1
PHBL,BDUR,1
PHBL,DB2,1
PHBL,FLPL,1
PHBL,FLPR,1
PHBL,I1L,1
PHBL,I1R,1
PHBL,OLLL,1
PHBL,OLLR,1
PHBL,OLQDL,1
PHBL,OLQDR,1
PHBL,OLQVL,1
PHBL,OLQVR,1
PHBL,PHAL,1
PHBL,PHAR,1
PHBL,PHBL,1
PHBL,PHBR,1
PHBL,PLML,1
PHBL,PLMR,1
PHBL,PQR,1
PHBL,PVCL,1
PHBL,PVCR,1
PHBL,PVM,1
PHBL,PVQL,1
PHBL,PVQR,1
PHBL,PVWL,1
PHBL,PVWR,1
PHBL,RIFL,1
PHBL,RIFR,1
PHBL,RIVL,1
PHBL,RIVR,1
PHBL,RMED,1
PHBL,RMEL,1
PHBL,RMER,1
PHBL,RMEV,1
PHBL,URXL,1
PHBL,URXR,1
PHBL,URYDL,1
PHBL,URYDR,1
PHBL,URYVL,1
PHBL,URYVR,1
PHBR,AIAL,1
PHBR,AIAR,1
PHBR,AIYL,1
PHBR,AIYR,1
PHBR,ALML,1
PHBR,ALMR,1
PHBR,AVAL,1
PHBR,AVAR,1
PHBR,AVDL,1
PHBR,AVDR,1
PHBR,AVFL,1
PHBR,AVFR,1
PHBR,AVM,1
PHBR,BAGL,1
PHBR,BAGR,1
PHBR,BDUL,1
PHBR,BDUR,1
PHBR,DB2,1
PHBR,FLPL,1
PHBR,FLPR,1
PHBR,I1L,1
PHBR,I1R,1
PHBR,OLLL,1
PHBR,OLLR,1
PHBR,OLQDL,1
PHBR,OLQDR,1
PHBR,OLQVL,1
PHBR,OLQVR,1
PHBR,PHAL,1
PHBR,PHAR,1
PHBR,PHBL,1
PHBR,PHBR,1
PHBR,PLML,1
PHBR,PLMR,1
PHBR,PQR,1
PHBR,PVCL,1
PHBR,PVCR,1
PHBR,PVM,1
PHBR,PVQL,1
PHBR,PVQR,1
PHBR,PVWL,1
PHBR,PVWR,1
PHBR,RIFL,1
PHBR,RIFR,1
PHBR,RIVL,1
PHBR,RIVR,1
PHBR,RMED,1
PHBR,RMEL,1
PHBR,RMER,1
PHBR,RMEV,1
PHBR,URXL,1
PHBR,URXR,1
PHBR,URYDL,1
PHBR,URYDR,1
PHBR,URYVL,1
PHBR,URYVR,1
PQR,ALML,1
PQR,ALMR,1
PQR,AVDL,1
PQR,AVDR,1
PQR,AVFL,1
PQR,AVFR,1
PQR,AVM,1
PQR,DB2,1
PQR,DVA,1
PQR,FLPL,1
PQR,FLPR,1
PQR,HSNL,1
PQR,HSNR,1
PQR,I1L,1
PQR,I1R,1
PQR,OLLL,1
PQR,OLLR,1
PQR,OLQDL,1
PQR,OLQDR,1
PQR,OLQVL,1
PQR,OLQVR,1
PQR,PHAL,1
PQR,PHAR,1
PQR,PHBL,1
PQR,PHBR,1
PQR,PLML,1
PQR,PLMR,1
PQR,PQR,1
PQR,PVCL,1
PQR,PVCR,1
PQR,PVM,1
PQR,PVQL,1
PQR,PVQR,1
PQR,PVWL,1
PQR,PVWR,1
PQR,RIFL,1
PQR,RIFR,1
PQR,RMED,1
PQR,RMEL,1
PQR,RMER,1
PQR,RMEV,1
PQR,SDQL,1
PQR,SDQR,1
PQR,URXL,1
PQR,URXR,1
PQR,URYDL,1
PQR,URYDR,1
PQR,URYVL,1
PQR,URYVR,1
PVDL,AVAL,1
PVDL,AVAR,1
PVDL,BAGL,1
PVDL,BAGR,1
PVDL,BDUL,1
PVDL,BDUR,1
PVDL,PQR,1
PVDL,RIVL,1
PVDL,RIVR,1
PVDR,AVAL,1
PVDR,AVAR,1
PVDR,BAGL,1
PVDR,BAGR,1
PVDR,BDUL,1
PVDR,BDUR,1
PVDR,PQR,1
PVDR,RIVL,1
PVDR,RIVR,1
PVNL,ALML,1
PVNL,ALMR,1
PVNL,AVDL,1
PVNL,AVDR,1
PVNL,AVFL,1
PVNL,AVFR,1
PVNL,AVM,1
PVNL,DB2,1
PVNL,FLPL,1
PVNL,FLPR,1
PVNL,I1L,1
PVNL,I1R,1
PVNL,OLLL,1
PVNL,OLLR,1
PVNL,OLQDL,1
PVNL,OLQDR,1
PVNL,OLQVL,1
PVNL,OLQVR,1
PVNL,PHAL,1
PVNL,PHAR,1
PVNL,PHBL,1
PVNL,PHBR,1
PVNL,PLML,1
PVNL,PLMR,1
PVNL,PQR,1
PVNL,PVCL,1
PVNL,PVCR,1
PVNL,PVM,1
PVNL,PVQL,1
PVNL,PVQR,1
PVNL,PVWL,1
PVNL,PVWR,1
PVNL,RIFL,1
PVNL,RIFR,1
PVNL,RMED,1
PVNL,RMEL,1
PVNL,RMER,1
PVNL,RMEV,1
PVNL,URXL,1
PVNL,URXR,1
PVNL,URYDL,1
PVNL,URYDR,1
PVNL,URYVL,1
PVNL,URYVR,1
PVNR,ALML,1
PVNR,ALMR,1
PVNR,AVDL,1
PVNR,AVDR,1
PVNR,AVFL,1
PVNR,AVFR,1
PVNR,AVM,1
PVNR,DB2,1
PVNR,FLPL,1
PVNR,FLPR,1
PVNR,I1L,1
PVNR,I1R,1
PVNR,OLLL,1
PVNR,OLLR,1
PVNR,OLQDL,1
PVNR,OLQDR,1
PVNR,OLQVL,1
PVNR,OLQVR,1
PVNR,PHAL,1
PVNR,PHAR,1
PVNR,PHBL,1
PVNR,PHBR,1
PVNR,PLML,1
PVNR,PLMR,1
PVNR,PQR,1
PVNR,PVCL,1
PVNR,PVCR,1
PVNR,PVM,1
PVNR,PVQL,1
PVNR,PVQR,1
PVNR,PVWL,1
PVNR,PVWR,1
PVNR,RIFL,1
PVNR,RIFR,1
PVNR,RMED,1
PVNR,RMEL,1
PVNR,RMER,1
PVNR,RMEV,1
PVNR,URXL,1
PVNR,URXR,1
PVNR,URYDL,1
PVNR,URYDR,1
PVNR,URYVL,1
PVNR,URYVR,1
PVPL,ALML,1
PVPL,ALMR,1
PVPL,AVDL,1
PVPL,AVDR,1
PVPL,AVFL,1
PVPL,AVFR,1
PVPL,AVM,1
PVPL,DB2,1
PVPL,FLPL,1
PVPL,FLPR,1
PVPL,I1L,1
PVPL,I1R,1
PVPL,OLLL,1
PVPL,OLLR,1
PVPL,OLQDL,1
PVPL,OLQDR,1
PVPL,OLQVL,1
PVPL,OLQVR,1
PVPL,PHAL,1
PVPL,PHAR,1
PVPL,PHBL,1
PVPL,PHBR,1
PVPL,PLML,1
PVPL,PLMR,1
PVPL,PQR,1
PVPL,PVCL,1
PVPL,PVCR,1
PVPL,PVM,1
PVPL,PVQL,1
PVPL,PVQR,1
PVPL,PVWL,1
PVPL,PVWR,1
PVPL,RIFL,1
PVPL,RIFR,1
PVPL,RMED,1
PVPL,RMEL,1
PVPL,RMER,1
PVPL,RMEV,1
PVPL,URXL,1
PVPL,URXR,1
PVPL,URYDL,1
PVPL,URYDR,1
PVPL,URYVL,1
PVPL,URYVR,1
PVPR,ALML,1
PVPR,ALMR,1
PVPR,AVDL,1
PVPR,AVDR,1
PVPR,AVFL,1
PVPR,AVFR,1
PVPR,AVM,1
PVPR,DB2,1
PVPR,FLPL,1
PVPR,FLPR,1
PVPR,I1L,1
PVPR,I1R,1
PVPR,OLLL,1
PVPR,OLLR,1
PVPR,OLQDL,1
PVPR,OLQDR,1
PVPR,OLQVL,1
PVPR,OLQVR,1
PVPR,PHAL,1
PVPR,PHAR,1
PVPR,PHBL,1
PVPR,PHBR,1
PVPR,PLML,1
PVPR,PLMR,1
PVPR,PQR,1
PVPR,PVCL,1
PVPR,PVCR,1
PVPR,PVM,1
PVPR,PVQL,1
PVPR,PVQR,1
PVPR,PVWL,1
PVPR,PVWR,1
PVPR,RIFL,1
PVPR,RIFR,1
PVPR,RMED,1
PVPR,RMEL,1
PVPR,RMER,1
PVPR,RMEV,1
PVPR,URXL,1
PVPR,URXR,1
PVPR,URYDL,1
PVPR,URYDR,1
PVPR,URYVL,1
PVPR,URYVR,1
PVR,DVA,1
PVR,HSNL,1
PVR,HSNR,1
PVR,SDQL,1
PVR,SDQR,1
PVT,AIAL,1
PVT,AIAR,1
PVT,AIYL,1
PVT,AIYR,1
PVT,ALML,1
PVT,ALMR,1
PVT,AVDL,1
PVT,AVDR,1
PVT,AVFL,1
PVT,AVFR,1
PVT,AVM,1
PVT,DB2,1
PVT,FLPL,1
PVT,FLPR,1
PVT,I1L,1
PVT,I1R,1
PVT,OLLL,1
PVT,OLLR,1
PVT,OLQDL,1
PVT,OLQDR,1
PVT,OLQVL,1
PVT,OLQVR,1
PVT,PHAL,1
PVT,PHAR,1
PVT,PHBL,1
PVT,PHBR,1
PVT,PLML,1
PVT,PLMR,1
PVT,PQR,1
PVT,PVCL,1
PVT,PVCR,1
PVT,PVM,1
PVT,PVQL,1
PVT,PVQR,1
PVT,PVWL,1
PVT,PVWR,1
PVT,RIFL,1
PVT,RIFR,1
PVT,RMED,1
PVT,RMEL,1
PVT,RMER,1
PVT,RMEV,1
PVT,URXL,1
PVT,URXR,1
PVT,URYDL,1
PVT,URYDR,1
PVT,URYVL,1
PVT,URYVR,1
RICL,ADFL,1
RICL,ADFR,1
RICL,ADLL,1
RICL,ADLR,1
RICL,ASEL,1
RICL,ASER,1
RICL,ASHL,1
RICL,ASHR,1
RICL,BDUL,1
RICL,BDUR,1
RICL,I2L,1
RICL,I2R,1
RICL,PQR,1
RICL,PVQL,1
RICL,PVQR,1
RICL,PVR,1
RICL,PVWL,1
RICL,PVWR,1
RICL,RICL,1
RICL,RICR,1
RICR,ADFL,1
RICR,ADFR,1
RICR,ADLL,1
RICR,ADLR,1
RICR,ASEL,1
RICR,ASER,1
RICR,ASHL,1
RICR,ASHR,1
RICR,BDUL,1
RICR,BDUR,1
RICR,I2L,1
RICR,I2R,1
RICR,PQR,1
RICR,PVQL,1
RICR,PVQR,1
RICR,PVR,1
RICR,PVWL,1
RICR,PVWR,1
RICR,RICL,1
RICR,RICR,1
RID,ALML,1
RID,ALMR,1
RID,AVDL,1
RID,AVDR,1
RID,AVFL,1
RID,AVFR,1
RID,AVM,1
RID,DB2,1
RID,FLPL,1
RID,FLPR,1
RID,I1L,1
RID,I1R,1
RID,OLLL,1
RID,OLLR,1
RID,OLQDL,1
RID,OLQDR,1
RID,OLQVL,1
RID,OLQVR,1
RID,PHAL,1
RID,PHAR,1
RID,PHBL,1
RID,PHBR,1
RID,PLML,1
RID,PLMR,1
RID,PQR,1
RID,PVCL,1
RID,PVCR,1
RID,PVM,1
RID,PVQL,1
RID,PVQR,1
RID,PVWL,1
RID,PVWR,1
RID,RIFL,1
RID,RIFR,1
RID,RMED,1
RID,RMEL,1
RID,RMER,1
RID,RMEV,1
RID,URXL,1
RID,URXR,1
RID,URYDL,1
RID,URYDR,1
RID,URYVL,1
RID,URYVR,1
RIGL,ADFL,1
RIGL,ADFR,1
RIGL,AIAL,1
RIGL,AIAR,1
RIGL,AIYL,1
RIGL,AIYR,1
RIGL,AQR,1
RIGL,ASEL,1
RIGL,ASER,1
RIGL,ASGL,1
RIGL,ASGR,1
RIGL,ASHL,1
RIGL,ASHR,1
RIGL,ASIL,1
RIGL,ASIR,1
RIGL,ASJL,1
RIGL,ASJR,1
RIGL,ASKL,1
RIGL,ASKR,1
RIGL,AUAL,1
RIGL,AUAR,1
RIGL,AVAL,1
RIGL,AVAR,1
RIGL,AWAL,1
RIGL,AWAR,1
RIGL,AWBL,1
RIGL,AWBR,1
RIGL,BAGL,1
RIGL,BAGR,1
RIGL,BDUL,1
RIGL,BDUR,1
RIGL,DD1,1
RIGL,DD2,1
RIGL,DD3,1
RIGL,DD4,1
RIGL,DD5,1
RIGL,DD6,1
RIGL,IL2DL,1
RIGL,IL2DR,1
RIGL,IL2L,1
RIGL,IL2R,1
RIGL,IL2VL,1
RIGL,IL2VR,1
RIGL,M3L,1
RIGL,M3R,1
RIGL,OLQDL,1
RIGL,OLQDR,1
RIGL,OLQVL,1
RIGL,OLQVR,1
RIGL,PHAL,1
RIGL,PHAR,1
RIGL,PHBL,1
RIGL,PHBR,1
RIGL,PQR,1
RIGL,RIGL,1
RIGL,RIGR,1
RIGL,RIVL,1
RIGL,RIVR,1
RIGL,RMGL,1
RIGL,RMGR,1
RIGL,SAADL,1
RIGL,SAADR,1
RIGL,SDQL,1
RIGL,SDQR,1
RIGL,SMBDL,1
RIGL,SMBDR,1
RIGL,URXL,1
RIGL,URXR,1
RIGL,VD1,1
RIGL,VD10,1
RIGL,VD11,1
RIGL,VD12,1
RIGL,VD13,1
RIGL,VD2,1
RIGL,VD3,1
RIGL,VD4,1
RIGL,VD5,1
RIGL,VD6,1
RIGL,VD7,1
RIGL,VD8,1
RIGL,VD9,1
RIGR,ADFL,1
RIGR,ADFR,1
RIGR,AIAL,1
RIGR,AIAR,1
RIGR,AIYL,1
RIGR,AIYR,1
RIGR,AQR,1
RIGR,ASEL,1
RIGR,ASER,1
RIGR,ASGL,1
RIGR,ASGR,1
RIGR,ASHL,1
RIGR,ASHR,1
RIGR,ASIL,1
RIGR,ASIR,1
RIGR,ASJL,1
RIGR,ASJR,1
RIGR,ASKL,1
RIGR,ASKR,1
RIGR,AUAL,1
RIGR,AUAR,1
RIGR,AVAL,1
RIGR,AVAR,1
RIGR,AWAL,1
RIGR,AWAR,1
RIGR,AWBL,1
RIGR,AWBR,1
RIGR,BAGL,1
RIGR,BAGR,1
RIGR,BDUL,1
RIGR,BDUR,1
RIGR,DD1,1
RIGR,DD2,1
RIGR,DD3,1
RIGR,DD4,1
RIGR,DD5,1
RIGR,DD6,1
RIGR,IL2DL,1
RIGR,IL2DR,1
RIGR,IL2L,1
RIGR,IL2R,1
RIGR,IL2VL,1
RIGR,IL2VR,1
RIGR,M3L,1
RIGR,M3R,1
RIGR,OLQDL,1
RIGR,OLQDR,1
RIGR,OLQVL,1
RIGR,OLQVR,1
RIGR,PHAL,1
RIGR,PHAR,1
RIGR,PHBL,1
RIGR,PHBR,1
RIGR,PQR,1
RIGR,RIGL,1
RIGR,RIGR,1
RIGR,RIVL,1
RIGR,RIVR,1
RIGR,RMGL,1
RIGR,RMGR,1
RIGR,SAADL,1
RIGR,SAADR,1
RIGR,SDQL,1
RIGR,SDQR,1
RIGR,SMBDL,1
RIGR,SMBDR,1
RIGR,URXL,1
RIGR,URXR,1
RIGR,VD1,1
RIGR,VD10,1
RIGR,VD11,1
RIGR,VD12,1
RIGR,VD13,1
RIGR,VD2,1
RIGR,VD3,1
RIGR,VD4,1
RIGR,VD5,1
RIGR,VD6,1
RIGR,VD7,1
RIGR,VD8,1
RIGR,VD9,1
RIML,ADFL,1
RIML,ADFR,1
RIML,AIAL,1
RIML,AIAR,1
RIML,AIYL,1
RIML,AIYR,1
RIML,ALML,1
RIML,ALMR,1
RIML,AQR,1
RIML,ASEL,1
RIML,ASER,1
RIML,ASGL,1
RIML,ASGR,1
RIML,ASHL,1
RIML,ASHR,1
RIML,ASIL,1
RIML,ASIR,1
RIML,ASJL,1
RIML,ASJR,1
RIML,ASKL,1
RIML,ASKR,1
RIML,AUAL,1
RIML,AUAR,1
RIML,AVAL,1
RIML,AVAR,1
RIML,AVDL,1
RIML,AVDR,1
RIML,AVFL,1
RIML,AVFR,1
RIML,AVM,1
RIML,AWAL,1
RIML,AWAR,1
RIML,AWBL,1
RIML,AWBR,1
RIML,BAGL,1
RIML,BAGR,1
RIML,BDUL,1
RIML,BDUR,1
RIML,DB2,1
RIML,DD1,1
RIML,DD2,1
RIML,DD3,1
RIML,DD4,1
RIML,DD5,1
RIML,DD6,1
RIML,FLPL,1
RIML,FLPR,1
RIML,I1L,1
RIML,I1R,1
RIML,IL2DL,1
RIML,IL2DR,1
RIML,IL2L,1
RIML,IL2R,1
RIML,IL2VL,1
RIML,IL2VR,1
RIML,M3L,1
RIML,M3R,1
RIML,OLLL,1
RIML,OLLR,1
RIML,OLQDL,1
RIML,OLQDR,1
RIML,OLQVL,1
RIML,OLQVR,1
RIML,PHAL,1
RIML,PHAR,1
RIML,PHBL,1
RIML,PHBR,1
RIML,PLML,1
RIML,PLMR,1
RIML,PQR,1
RIML,PVCL,1
RIML,PVCR,1
RIML,PVM,1
RIML,PVQL,1
RIML,PVQR,1
RIML,PVWL,1
RIML,PVWR,1
RIML,RIFL,1
RIML,RIFR,1
RIML,RIGL,1
RIML,RIGR,1
RIML,RIVL,1
RIML,RIVR,1
RIML,RMED,1
RIML,RMEL,1
RIML,RMER,1
RIML,RMEV,1
RIML,RMGL,1
RIML,RMGR,1
RIML,SAADL,1
RIML,SAADR,1
RIML,SDQL,1
RIML,SDQR,1
RIML,SMBDL,1
RIML,SMBDR,1
RIML,URXL,1
RIML,URXR,1
RIML,URYDL,1
RIML,URYDR,1
RIML,URYVL,1
RIML,URYVR,1
RIML,VD1,1
RIML,VD10,1
RIML,VD11,1
RIML,VD12,1
RIML,VD13,1
RIML,VD2,1
RIML,VD3,1
RIML,VD4,1
RIML,VD5,1
RIML,VD6,1
RIML,VD7,1
RIML,VD8,1
RIML,VD9,1
RIMR,ADFL,1
RIMR,ADFR,1
RIMR,AIAL,1
RIMR,AIAR,1
RIMR,AIYL,1
RIMR,AIYR,1
RIMR,ALML,1
RIMR,ALMR,1
RIMR,AQR,1
RIMR,ASEL,1
RIMR,ASER,1
RIMR,ASGL,1
RIMR,ASGR,1
RIMR,ASHL,1
RIMR,ASHR,1
RIMR,ASIL,1
RIMR,ASIR,1
RIMR,ASJL,1
RIMR,ASJR,1
RIMR,ASKL,1
RIMR,ASKR,1
RIMR,AUAL,1
RIMR,AUAR,1
RIMR,AVAL,1
RIMR,AVAR,1
RIMR,AVDL,1
RIMR,AVDR,1
RIMR,AVFL,1
RIMR,AVFR,1
RIMR,AVM,1
RIMR,AWAL,1
RIMR,AWAR,1
RIMR,AWBL,1
RIMR,AWBR,1
RIMR,BAGL,1
RIMR,BAGR,1
RIMR,BDUL,1
RIMR,BDUR,1
RIMR,DB2,1
RIMR,DD1,1
RIMR,DD2,1
RIMR,DD3,1
RIMR,DD4,1
RIMR,DD5,1
RIMR,DD6,1
RIMR,FLPL,1
RIMR,FLPR,1
RIMR,I1L,1
RIMR,I1R,1
RIMR,IL2DL,1
RIMR,IL2DR,1
RIMR,IL2L,1
RIMR,IL2R,1
RIMR,IL2VL,1
RIMR,IL2VR,1
RIMR,M3L,1
RIMR,M3R,1
RIMR,OLLL,1
RIMR,OLLR,1
RIMR,OLQDL,1
RIMR,OLQDR,1
RIMR,OLQVL,1
RIMR,OLQVR,1
RIMR,PHAL,1
RIMR,PHAR,1
RIMR,PHBL,1
RIMR,PHBR,1
RIMR,PLML,1
RIMR,PLMR,1
RIMR,PQR,1
RIMR,PVCL,1
RIMR,PVCR,1
RIMR,PVM,1
RIMR,PVQL,1
RIMR,PVQR,1
RIMR,PVWL,1
RIMR,PVWR,1
RIMR,RIFL,1
RIMR,RIFR,1
RIMR,RIGL,1
RIMR,RIGR,1
RIMR,RIVL,1
RIMR,RIVR,1
RIMR,RMED,1
RIMR,RMEL,1
RIMR,RMER,1
RIMR,RMEV,1
RIMR,RMGL,1
RIMR,RMGR,1
RIMR,SAADL,1
RIMR,SAADR,1
RIMR,SDQL,1
RIMR,SDQR,1
RIMR,SMBDL,1
RIMR,SMBDR,1
RIMR,URXL,1
RIMR,URXR,1
RIMR,URYDL,1
RIMR,URYDR,1
RIMR,URYVL,1
RIMR,URYVR,1
RIMR,VD1,1
RIMR,VD10,1
RIMR,VD11,1
RIMR,VD12,1
RIMR,VD13,1
RIMR,VD2,1
RIMR,VD3,1
RIMR,VD4,1
RIMR,VD5,1
RIMR,VD6,1
RIMR,VD7,1
RIMR,VD8,1
RIMR,VD9,1
RIS,ALML,1
RIS,ALMR,1
RIS,AVDL,1
RIS,AVDR,1
RIS,AVFL,1
RIS,AVFR,1
RIS,AVM,1
RIS,DB2,1
RIS,FLPL,1
RIS,FLPR,1
RIS,I1L,1
RIS,I1R,1
RIS,OLLL,1
RIS,OLLR,1
RIS,OLQDL,1
RIS,OLQDR,1
RIS,OLQVL,1
RIS,OLQVR,1
RIS,PHAL,1
RIS,PHAR,1
RIS,PHBL,1
RIS,PHBR,1
RIS,PLML,1
RIS,PLMR,1
RIS,PQR,1
RIS,PVCL,1
RIS,PVCR,1
RIS,PVM,1
RIS,PVQL,1
RIS,PVQR,1
RIS,PVWL,1
RIS,PVWR,1
RIS,RIFL,1
RIS,RIFR,1
RIS,RMED,1
RIS,RMEL,1
RIS,RMER,1
RIS,RMEV,1
RIS,URXL,1
RIS,URXR,1
RIS,URYDL,1
RIS,URYDR,1
RIS,URYVL,1
RIS,URYVR,1
RMED,ALML,1
RMED,ALMR,1
RMED,AVDL,1
RMED,AVDR,1
RMED,AVFL,1
RMED,AVFR,1
RMED,AVM,1
RMED,DB2,1
RMED,FLPL,1
RMED,FLPR,1
RMED,I1L,1
RMED,I1R,1
RMED,OLLL,1
RMED,OLLR,1
RMED,OLQDL,1
RMED,OLQDR,1
RMED,OLQVL,1
RMED,OLQVR,1
RMED,PHAL,1
RMED,PHAR,1
RMED,PHBL,1
RMED,PHBR,1
RMED,PLML,1
RMED,PLMR,1
RMED,PQR,1
RMED,PVCL,1
RMED,PVCR,1
RMED,PVM,1
RMED,PVQL,1
RMED,PVQR,1
RMED,PVWL,1
RMED,PVWR,1
RMED,RIFL,1
RMED,RIFR,1
RMED,RMED,1
RMED,RMEL,1
RMED,RMER,1
RMED,RMEV,1
RMED,URXL,1
RMED,URXR,1
RMED,URYDL,1
RMED,URYDR,1
RMED,URYVL,1
RMED,URYVR,1
RMEL,ALML,1
RMEL,ALMR,1
RMEL,AVDL,1
RMEL,AVDR,1
RMEL,AVFL,1
RMEL,AVFR,1
RMEL,AVM,1
RMEL,DB2,1
RMEL,FLPL,1
RMEL,FLPR,1
RMEL,I1L,1
RMEL,I1R,1
RMEL,OLLL,1
RMEL,OLLR,1
RMEL,OLQDL,1
RMEL,OLQDR,1
RMEL,OLQVL,1
RMEL,OLQVR,1
RMEL,PHAL,1
RMEL,PHAR,1
RMEL,PHBL,1
RMEL,PHBR,1
RMEL,PLML,1
RMEL,PLMR,1
RMEL,PQR,1
RMEL,PVCL,1
RMEL,PVCR,1
RMEL,PVM,1
RMEL,PVQL,1
RMEL,PVQR,1
RMEL,PVWL,1
RMEL,PVWR,1
RMEL,RIFL,1
RMEL,RIFR,1
RMEL,RMED,1
RMEL,RMEL,1
RMEL,RMER,1
RMEL,RMEV,1
RMEL,URXL,1
RMEL,URXR,1
RMEL,URYDL,1
RMEL,URYDR,1
RMEL,URYVL,1
RMEL,URYVR,1
RMER,ALML,1
RMER,ALMR,1
RMER,AVDL,1
RMER,AVDR,1
RMER,AVFL,1
RMER,AVFR,1
RMER,AVM,1
RMER,DB2,1
RMER,FLPL,1
RMER,FLPR,1
RMER,I1L,1
RMER,I1R,1
RMER,OLLL,1
RMER,OLLR,1
RMER,OLQDL,1
RMER,OLQDR,1
RMER,OLQVL,1
RMER,OLQVR,1
RMER,PHAL,1
RMER,PHAR,1
RMER,PHBL,1
RMER,PHBR,1
RMER,PLML,1
RMER,PLMR,1
RMER,PQR,1
RMER,PVCL,1
RMER,PVCR,1
RMER,PVM,1
RMER,PVQL,1
RMER,PVQR,1
RMER,PVWL,1
RMER,PVWR,1
RMER,RIFL,1
RMER,RIFR,1
RMER,RMED,1
RMER,RMEL,1
RMER,RMER,1
RMER,RMEV,1
RMER,URXL,1
RMER,URXR,1
RMER,URYDL,1
RMER,URYDR,1
RMER,URYVL,1
RMER,URYVR,1
RMEV,ALML,1
RMEV,ALMR,1
RMEV,AVDL,1
RMEV,AVDR,1
RMEV,AVFL,1
RMEV,AVFR,1
RMEV,AVM,1
RMEV,DB2,1
RMEV,FLPL,1
RMEV,FLPR,1
RMEV,I1L,1
RMEV,I1R,1
RMEV,OLLL,1
RMEV,OLLR,1
RMEV,OLQDL,1
RMEV,OLQDR,1
RMEV,OLQVL,1
RMEV,OLQVR,1
RMEV,PHAL,1
RMEV,PHAR,1
RMEV,PHBL,1
RMEV,PHBR,1
RMEV,PLML,1
RMEV,PLMR,1
RMEV,PQR,1
RMEV,PVCL,1
RMEV,PVCR,1
RMEV,PVM,1
RMEV,PVQL,1
RMEV,PVQR,1
RMEV,PVWL,1
RMEV,PVWR,1
RMEV,RIFL,1
RMEV,RIFR,1
RMEV,RMED,1
RMEV,RMEL,1
RMEV,RMER,1
RMEV,RMEV,1
RMEV,URXL,1
RMEV,URXR,1
RMEV,URYDL,1
RMEV,URYDR,1
RMEV,URYVL,1
RMEV,URYVR,1
RMGL,ADFL,1
RMGL,ADFR,1
RMGL,AIAL,1
RMGL,AIAR,1
RMGL,AIYL,1
RMGL,AIYR,1
RMGL,AIZL,1
RMGL,AIZR,1
RMGL,ALML,1
RMGL,ALMR,1
RMGL,AQR,1
RMGL,ASEL,1
RMGL,ASER,1
RMGL,ASGL,1
RMGL,ASGR,1
RMGL,ASHL,1
RMGL,ASHR,1
RMGL,ASIL,1
RMGL,ASIR,1
RMGL,ASJL,1
RMGL,ASJR,1
RMGL,ASKL,1
RMGL,ASKR,1
RMGL,AUAL,1
RMGL,AUAR,1
RMGL,AVAL,1
RMGL,AVAR,1
RMGL,AVDL,1
RMGL,AVDR,1
RMGL,AVFL,1
RMGL,AVFR,1
RMGL,AVM,1
RMGL,AWAL,1
RMGL,AWAR,1
RMGL,AWBL,1
RMGL,AWBR,1
RMGL,BAGL,1
RMGL,BAGR,1
RMGL,BDUL,1
RMGL,BDUR,1
RMGL,DB2,1
RMGL,DD1,1
RMGL,DD2,1
RMGL,DD3,1
RMGL,DD4,1
RMGL,DD5,1
RMGL,DD6,1
RMGL,FLPL,1
RMGL,FLPR,1
RMGL,I1L,1
RMGL,I1R,1
RMGL,IL2DL,1
RMGL,IL2DR,1
RMGL,IL2L,1
RMGL,IL2R,1
RMGL,IL2VL,1
RMGL,IL2VR,1
RMGL,M3L,1
RMGL,M3R,1
RMGL,OLLL,1
RMGL,OLLR,1
RMGL,OLQDL,1
RMGL,OLQDR,1
RMGL,OLQVL,1
RMGL,OLQVR,1
RMGL,PHAL,1
RMGL,PHAR,1
RMGL,PHBL,1
RMGL,PHBR,1
RMGL,PLML,1
RMGL,PLMR,1
RMGL,PQR,1
RMGL,PVCL,1
RMGL,PVCR,1
RMGL,PVDL,1
RMGL,PVDR,1
RMGL,PVM,1
RMGL,PVQL,1
RMGL,PVQR,1
RMGL,PVWL,1
RMGL,PVWR,1
RMGL,RIFL,1
RMGL,RIFR,1
RMGL,RIGL,1
RMGL,RIGR,1
RMGL,RIVL,1
RMGL,RIVR,1
RMGL,RMED,1
RMGL,RMEL,1
RMGL,RMER,1
RMGL,RMEV,1
RMGL,RMGL,1
RMGL,RMGR,1
RMGL,SAADL,1
RMGL,SAADR,1
RMGL,SABD,1
RMGL,SABVL,1
RMGL,SABVR,1
RMGL,SDQL,1
RMGL,SDQR,1
RMGL,SMBDL,1
RMGL,SMBDR,1
RMGL,URXL,1
RMGL,URXR,1
RMGL,URYDL,1
RMGL,URYDR,1
RMGL,URYVL,1
RMGL,URYVR,1
RMGL,VD1,1
RMGL,VD10,1
RMGL,VD11,1
RMGL,VD12,1
RMGL,VD13,1
RMGL,VD2,1
RMGL,VD3,1
RMGL,VD4,1
RMGL,VD5,1
RMGL,VD6,1
RMGL,VD7,1
RMGL,VD8,1
RMGL,VD9,1
RMGR,ADFL,1
RMGR,ADFR,1
RMGR,AIAL,1
RMGR,AIAR,1
RMGR,AIYL,1
RMGR,AIYR,1
RMGR,AIZL,1
RMGR,AIZR,1
RMGR,ALML,1
RMGR,ALMR,1
RMGR,AQR,1
RMGR,ASEL,1
RMGR,ASER,1
RMGR,ASGL,1
RMGR,ASGR,1
RMGR,ASHL,1
RMGR,ASHR,1
RMGR,ASIL,1
RMGR,ASIR,1
RMGR,ASJL,1
RMGR,ASJR,1
RMGR,ASKL,1
RMGR,ASKR,1
RMGR,AUAL,1
RMGR,AUAR,1
RMGR,AVAL,1
RMGR,AVAR,1
RMGR,AVDL,1
RMGR,AVDR,1
RMGR,AVFL,1
RMGR,AVFR,1
RMGR,AVM,1
RMGR,AWAL,1
RMGR,AWAR,1
RMGR,AWBL,1
RMGR,AWBR,1
RMGR,BAGL,1
RMGR,BAGR,1
RMGR,BDUL,1
RMGR,BDUR,1
RMGR,DB2,1
RMGR,DD1,1
RMGR,DD2,1
RMGR,DD3,1
RMGR,DD4,1
RMGR,DD5,1
RMGR,DD6,1
RMGR,FLPL,1
RMGR,FLPR,1
RMGR,I1L,1
RMGR,I1R,1
RMGR,IL2DL,1
RMGR,IL2DR,1
RMGR,IL2L,1
RMGR,IL2R,1
RMGR,IL2VL,1
RMGR,IL2VR,1
RMGR,M3L,1
RMGR,M3R,1
RMGR,OLLL,1
RMGR,OLLR,1
RMGR,OLQDL,1
RMGR,OLQDR,1
RMGR,OLQVL,1
RMGR,OLQVR,1
RMGR,PHAL,1
RMGR,PHAR,1
RMGR,PHBL,1
RMGR,PHBR,1
RMGR,PLML,1
RMGR,PLMR,1
RMGR,PQR,1
RMGR,PVCL,1
RMGR,PVCR,1
RMGR,PVDL,1
RMGR,PVDR,1
RMGR,PVM,1
RMGR,PVQL,1
RMGR,PVQR,1
RMGR,PVWL,1
RMGR,PVWR,1
RMGR,RIFL,1
RMGR,RIFR,1
RMGR,RIGL,1
RMGR,RIGR,1
RMGR,RIVL,1
RMGR,RIVR,1
RMGR,RMED,1
RMGR,RMEL,1
RMGR,RMER,1
RMGR,RMEV,1
RMGR,RMGL,1
RMGR,RMGR,1
RMGR,SAADL,1
RMGR,SAADR,1
RMGR,SABD,1
RMGR,SABVL,1
RMGR,SABVR,1
RMGR,SDQL,1
RMGR,SDQR,1
RMGR,SMBDL,1
RMGR,SMBDR,1
RMGR,URXL,1
RMGR,URXR,1
RMGR,URYDL,1
RMGR,URYDR,1
RMGR,URYVL,1
RMGR,URYVR,1
RMGR,VD1,1
RMGR,VD10,1
RMGR,VD11,1
RMGR,VD12,1
RMGR,VD13,1
RMGR,VD2,1
RMGR,VD3,1
RMGR,VD4,1
RMGR,VD5,1
RMGR,VD6,1
RMGR,VD7,1
RMGR,VD8,1
RMGR,VD9,1
SAADL,ALML,1
SAADL,ALMR,1
SAADL,AVDL,1
SAADL,AVDR,1
SAADL,AVFL,1
SAADL,AVFR,1
SAADL,AVM,1
SAADL,DB2,1
SAADL,FLPL,1
SAADL,FLPR,1
SAADL,I1L,1
SAADL,I1R,1
SAADL,OLLL,1
SAADL,OLLR,1
SAADL,OLQDL,1
SAADL,OLQDR,1
SAADL,OLQVL,1
SAADL,OLQVR,1
SAADL,PHAL,1
SAADL,PHAR,1
SAADL,PHBL,1
SAADL,PHBR,1
SAADL,PLML,1
SAADL,PLMR,1
SAADL,PQR,1
SAADL,PVCL,1
SAADL,PVCR,1
SAADL,PVM,1
SAADL,PVQL,1
SAADL,PVQR,1
SAADL,PVWL,1
SAADL,PVWR,1
SAADL,RIFL,1
SAADL,RIFR,1
SAADL,RMED,1
SAADL,RMEL,1
SAADL,RMER,1
SAADL,RMEV,1
SAADL,URXL,1
SAADL,URXR,1
SAADL,URYDL,1
SAADL,URYDR,1
SAADL,URYVL,1
SAADL,URYVR,1
SAADR,ALML,1
SAADR,ALMR,1
SAADR,AVDL,1
SAADR,AVDR,1
SAADR,AVFL,1
SAADR,AVFR,1
SAADR,AVM,1
SAADR,DB2,1
SAADR,FLPL,1
SAADR,FLPR,1
SAADR,I1L,1
SAADR,I1R,1
SAADR,OLLL,1
SAADR,OLLR,1
SAADR,OLQDL,1
SAADR,OLQDR,1
SAADR,OLQVL,1
SAADR,OLQVR,1
SAADR,PHAL,1
SAADR,PHAR,1
SAADR,PHBL,1
SAADR,PHBR,1
SAADR,PLML,1
SAADR,PLMR,1
SAADR,PQR,1
SAADR,PVCL,1
SAADR,PVCR,1
SAADR,PVM,1
SAADR,PVQL,1
SAADR,PVQR,1
SAADR,PVWL,1
SAADR,PVWR,1
SAADR,RIFL,1
SAADR,RIFR,1
SAADR,RMED,1
SAADR,RMEL,1
SAADR,RMER,1
SAADR,RMEV,1
SAADR,URXL,1
SAADR,URXR,1
SAADR,URYDL,1
SAADR,URYDR,1
SAADR,URYVL,1
SAADR,URYVR,1
SAAVL,ALML,1
SAAVL,ALMR,1
SAAVL,AVDL,1
SAAVL,AVDR,1
SAAVL,AVFL,1
SAAVL,AVFR,1
SAAVL,AVM,1
SAAVL,DB2,1
SAAVL,FLPL,1
SAAVL,FLPR,1
SAAVL,I1L,1
SAAVL,I1R,1
SAAVL,OLLL,1
SAAVL,OLLR,1
SAAVL,OLQDL,1
SAAVL,OLQDR,1
SAAVL,OLQVL,1
SAAVL,OLQVR,1
SAAVL,PHAL,1
SAAVL,PHAR,1
SAAVL,PHBL,1
SAAVL,PHBR,1
SAAVL,PLML,1
SAAVL,PLMR,1
SAAVL,PQR,1
SAAVL,PVCL,1
SAAVL,PVCR,1
SAAVL,PVM,1
SAAVL,PVQL,1
SAAVL,PVQR,1
SAAVL,PVWL,1
SAAVL,PVWR,1
SAAVL,RIFL,1
SAAVL,RIFR,1
SAAVL,RMED,1
SAAVL,RMEL,1
SAAVL,RMER,1
SAAVL,RMEV,1
SAAVL,URXL,1
SAAVL,URXR,1
SAAVL,URYDL,1
SAAVL,URYDR,1
SAAVL,URYVL,1
SAAVL,URYVR,1
SAAVR,ALML,1
SAAVR,ALMR,1
SAAVR,AVDL,1
SAAVR,AVDR,1
SAAVR,AVFL,1
SAAVR,AVFR,1
SAAVR,AVM,1
SAAVR,DB2,1
SAAVR,FLPL,1
SAAVR,FLPR,1
SAAVR,I1L,1
SAAVR,I1R,1
SAAVR,OLLL,1
SAAVR,OLLR,1
SAAVR,OLQDL,1
SAAVR,OLQDR,1
SAAVR,OLQVL,1
SAAVR,OLQVR,1
SAAVR,PHAL,1
SAAVR,PHAR,1
SAAVR,PHBL,1
SAAVR,PHBR,1
SAAVR,PLML,1
SAAVR,PLMR,1
SAAVR,PQR,1
SAAVR,PVCL,1
SAAVR,PVCR,1
SAAVR,PVM,1
SAAVR,PVQL,1
SAAVR,PVQR,1
SAAVR,PVWL,1
SAAVR,PVWR,1
SAAVR,RIFL,1
SAAVR,RIFR,1
SAAVR,RMED,1
SAAVR,RMEL,1
SAAVR,RMER,1
SAAVR,RMEV,1
SAAVR,URXL,1
SAAVR,URXR,1
SAAVR,URYDL,1
SAAVR,URYDR,1
SAAVR,URYVL,1
SAAVR,URYVR,1
SIADL,ALML,1
SIADL,ALMR,1
SIADL,AVDL,1
SIADL,AVDR,1
SIADL,AVFL,1
SIADL,AVFR,1
SIADL,AVM,1
SIADL,DB2,1
SIADL,FLPL,1
SIADL,FLPR,1
SIADL,I1L,1
SIADL,I1R,1
SIADL,OLLL,1
SIADL,OLLR,1
SIADL,OLQDL,1
SIADL,OLQDR,1
SIADL,OLQVL,1
SIADL,OLQVR,1
SIADL,PHAL,1
SIADL,PHAR,1
SIADL,PHBL,1
SIADL,PHBR,1
SIADL,PLML,1
SIADL,PLMR,1
SIADL,PQR,1
SIADL,PVCL,1
SIADL,PVCR,1
SIADL,PVM,1
SIADL,PVQL,1
SIADL,PVQR,1
SIADL,PVWL,1
SIADL,PVWR,1
SIADL,RIFL,1
SIADL,RIFR,1
SIADL,RMED,1
SIADL,RMEL,1
SIADL,RMER,1
SIADL,RMEV,1
SIADL,URXL,1
SIADL,URXR,1
SIADL,URYDL,1
SIADL,URYDR,1
SIADL,URYVL,1
SIADL,URYVR,1
SIADR,ALML,1
SIADR,ALMR,1
SIADR,AVDL,1
SIADR,AVDR,1
SIADR,AVFL,1
SIADR,AVFR,1
SIADR,AVM,1
SIADR,DB2,1
SIADR,FLPL,1
SIADR,FLPR,1
SIADR,I1L,1
SIADR,I1R,1
SIADR,OLLL,1
SIADR,OLLR,1
SIADR,OLQDL,1
SIADR,OLQDR,1
SIADR,OLQVL,1
SIADR,OLQVR,1
SIADR,PHAL,1
SIADR,PHAR,1
SIADR,PHBL,1
SIADR,PHBR,1
SIADR,PLML,1
SIADR,PLMR,1
SIADR,PQR,1
SIADR,PVCL,1
SIADR,PVCR,1
SIADR,PVM,1
SIADR,PVQL,1
SIADR,PVQR,1
SIADR,PVWL,1
SIADR,PVWR,1
SIADR,RIFL,1
SIADR,RIFR,1
SIADR,RMED,1
SIADR,RMEL,1
SIADR,RMER,1
SIADR,RMEV,1
SIADR,URXL,1
SIADR,URXR,1
SIADR,URYDL,1
SIADR,URYDR,1
SIADR,URYVL,1
SIADR,URYVR,1
SIAVL,ALML,1
SIAVL,ALMR,1
SIAVL,AVDL,1
SIAVL,AVDR,1
SIAVL,AVFL,1
SIAVL,AVFR,1
SIAVL,AVM,1
SIAVL,DB2,1
SIAVL,FLPL,1
SIAVL,FLPR,1
SIAVL,I1L,1
SIAVL,I1R,1
SIAVL,OLLL,1
SIAVL,OLLR,1
SIAVL,OLQDL,1
SIAVL,OLQDR,1
SIAVL,OLQVL,1
SIAVL,OLQVR,1
SIAVL,PHAL,1
SIAVL,PHAR,1
SIAVL,PHBL,1
SIAVL,PHBR,1
SIAVL,PLML,1
SIAVL,PLMR,1
SIAVL,PQR,1
SIAVL,PVCL,1
SIAVL,PVCR,1
SIAVL,PVM,1
SIAVL,PVQL,1
SIAVL,PVQR,1
SIAVL,PVWL,1
SIAVL,PVWR,1
SIAVL,RIFL,1
SIAVL,RIFR,1
SIAVL,RMED,1
SIAVL,RMEL,1
SIAVL,RMER,1
SIAVL,RMEV,1
SIAVL,URXL,1
SIAVL,URXR,1
SIAVL,URYDL,1
SIAVL,URYDR,1
SIAVL,URYVL,1
SIAVL,URYVR,1
SIAVR,ALML,1
SIAVR,ALMR,1
SIAVR,AVDL,1
SIAVR,AVDR,1
SIAVR,AVFL,1
SIAVR,AVFR,1
SIAVR,AVM,1
SIAVR,DB2,1
SIAVR,FLPL,1
SIAVR,FLPR,1
SIAVR,I1L,1
SIAVR,I1R,1
SIAVR,OLLL,1
SIAVR,OLLR,1
SIAVR,OLQDL,1
SIAVR,OLQDR,1
SIAVR,OLQVL,1
SIAVR,OLQVR,1
SIAVR,PHAL,1
SIAVR,PHAR,1
SIAVR,PHBL,1
SIAVR,PHBR,1
SIAVR,PLML,1
SIAVR,PLMR,1
SIAVR,PQR,1
SIAVR,PVCL,1
SIAVR,PVCR,1
SIAVR,PVM,1
SIAVR,PVQL,1
SIAVR,PVQR,1
SIAVR,PVWL,1
SIAVR,PVWR,1
SIAVR,RIFL,1
SIAVR,RIFR,1
SIAVR,RMED,1
SIAVR,RMEL,1
SIAVR,RMER,1
SIAVR,RMEV,1
SIAVR,URXL,1
SIAVR,URXR,1
SIAVR,URYDL,1
SIAVR,URYDR,1
SIAVR,URYVL,1
SIAVR,URYVR,1
URADL,ADFL,1
URADL,ADFR,1
URADL,AIAL,1
URADL,AIAR,1
URADL,AIYL,1
URADL,AIYR,1
URADL,AIZL,1
URADL,AIZR,1
URADL,AQR,1
URADL,ASEL,1
URADL,ASER,1
URADL,ASGL,1
URADL,ASGR,1
URADL,ASHL,1
URADL,ASHR,1
URADL,ASIL,1
URADL,ASIR,1
URADL,ASJL,1
URADL,ASJR,1
URADL,ASKL,1
URADL,ASKR,1
URADL,AUAL,1
URADL,AUAR,1
URADL,AWAL,1
URADL,AWAR,1
URADL,AWBL,1
URADL,AWBR,1
URADL,DD1,1
URADL,DD2,1
URADL,DD3,1
URADL,DD4,1
URADL,DD5,1
URADL,DD6,1
URADL,FLPL,1
URADL,FLPR,1
URADL,IL2DL,1
URADL,IL2DR,1
URADL,IL2L,1
URADL,IL2R,1
URADL,IL2VL,1
URADL,IL2VR,1
URADL,M3L,1
URADL,M3R,1
URADL,OLQDL,1
URADL,OLQDR,1
URADL,OLQVL,1
URADL,OLQVR,1
URADL,PHAL,1
URADL,PHAR,1
URADL,PHBL,1
URADL,PHBR,1
URADL,PQR,1
URADL,PVDL,1
URADL,PVDR,1
URADL,PVQL,1
URADL,PVQR,1
URADL,RIGL,1
URADL,RIGR,1
URADL,RIVL,1
URADL,RIVR,1
URADL,RMGL,1
URADL,RMGR,1
URADL,SAADL,1
URADL,SAADR,1
URADL,SABD,1
URADL,SABVL,1
URADL,SABVR,1
URADL,SDQL,1
URADL,SDQR,1
URADL,SMBDL,1
URADL,SMBDR,1
URADL,URXL,1
URADL,URXR,1
URADL,VD1,1
URADL,VD10,1
URADL,VD11,1
URADL,VD12,1
URADL,VD13,1
URADL,VD2,1
URADL,VD3,1
URADL,VD4,1
URADL,VD5,1
URADL,VD6,1
URADL,VD7,1
URADL,VD8,1
URADL,VD9,1
URADR,ADFL,1
URADR,ADFR,1
URADR,AIAL,1
URADR,AIAR,1
URADR,AIYL,1
URADR,AIYR,1
URADR,AIZL,1
URADR,AIZR,1
URADR,AQR,1
URADR,ASEL,1
URADR,ASER,1
URADR,ASGL,1
URADR,ASGR,1
URADR,ASHL,1
URADR,ASHR,1
URADR,ASIL,1
URADR,ASIR,1
URADR,ASJL,1
URADR,ASJR,1
URADR,ASKL,1
URADR,ASKR,1
URADR,AUAL,1
URADR,AUAR,1
URADR,AWAL,1
URADR,AWAR,1
URADR,AWBL,1
URADR,AWBR,1
URADR,DD1,1
URADR,DD2,1
URADR,DD3,1
URADR,DD4,1
URADR,DD5,1
URADR,DD6,1
URADR,FLPL,1
URADR,FLPR,1
URADR,IL2DL,1
URADR,IL2DR,1
URADR,IL2L,1
URADR,IL2R,1
URADR,IL2VL,1
URADR,IL2VR,1
URADR,M3L,1
URADR,M3R,1
URADR,OLQDL,1
URADR,OLQDR,1
URADR,OLQVL,1
URADR,OLQVR,1
URADR,PHAL,1
URADR,PHAR,1
URADR,PHBL,1
URADR,PHBR,1
URADR,PQR,1
URADR,PVDL,1
URADR,PVDR,1
URADR,PVQL,1
URADR,PVQR,1
URADR,RIGL,1
URADR,RIGR,1
URADR,RIVL,1
URADR,RIVR,1
URADR,RMGL,1
URADR,RMGR,1
URADR,SAADL,1
URADR,SAADR,1
URADR,SABD,1
URADR,SABVL,1
URADR,SABVR,1
URADR,SDQL,1
URADR,SDQR,1
URADR,SMBDL,1
URADR,SMBDR,1
URADR,URXL,1
URADR,URXR,1
URADR,VD1,1
URADR,VD10,1
URADR,VD11,1
URADR,VD12,1
URADR,VD13,1
URADR,VD2,1
URADR,VD3,1
URADR,VD4,1
URADR,VD5,1
URADR,VD6,1
URADR,VD7,1
URADR,VD8,1
URADR,VD9,1
URAVL,ADFL,1
URAVL,ADFR,1
URAVL,AIAL,1
URAVL,AIAR,1
URAVL,AIYL,1
URAVL,AIYR,1
URAVL,AIZL,1
URAVL,AIZR,1
URAVL,AQR,1
URAVL,ASEL,1
URAVL,ASER,1
URAVL,ASGL,1
URAVL,ASGR,1
URAVL,ASHL,1
URAVL,ASHR,1
URAVL,ASIL,1
URAVL,ASIR,1
URAVL,ASJL,1
URAVL,ASJR,1
URAVL,ASKL,1
URAVL,ASKR,1
URAVL,AUAL,1
URAVL,AUAR,1
URAVL,AWAL,1
URAVL,AWAR,1
URAVL,AWBL,1
URAVL,AWBR,1
URAVL,DD1,1
URAVL,DD2,1
URAVL,DD3,1
URAVL,DD4,1
URAVL,DD5,1
URAVL,DD6,1
URAVL,FLPL,1
URAVL,FLPR,1
URAVL,IL2DL,1
URAVL,IL2DR,1
URAVL,IL2L,1
URAVL,IL2R,1
URAVL,IL2VL,1
URAVL,IL2VR,1
URAVL,M3L,1
URAVL,M3R,1
URAVL,OLQDL,1
URAVL,OLQDR,1
URAVL,OLQVL,1
URAVL,OLQVR,1
URAVL,PHAL,1
URAVL,PHAR,1
URAVL,PHBL,1
URAVL,PHBR,1
URAVL,PQR,1
URAVL,PVDL,1
URAVL,PVDR,1
URAVL,PVQL,1
URAVL,PVQR,1
URAVL,RIGL,1
URAVL,RIGR,1
URAVL,RIVL,1
URAVL,RIVR,1
URAVL,RMGL,1
URAVL,RMGR,1
URAVL,SAADL,1
URAVL,SAADR,1
URAVL,SABD,1
URAVL,SABVL,1
URAVL,SABVR,1
URAVL,SDQL,1
URAVL,SDQR,1
URAVL,SMBDL,1
URAVL,SMBDR,1
URAVL,URXL,1
URAVL,URXR,1
URAVL,VD1,1
URAVL,VD10,1
URAVL,VD11,1
URAVL,VD12,1
URAVL,VD13,1
URAVL,VD2,1
URAVL,VD3,1
URAVL,VD4,1
URAVL,VD5,1
URAVL,VD6,1
URAVL,VD7,1
URAVL,VD8,1
URAVL,VD9,1
URAVR,ADFL,1
URAVR,ADFR,1
URAVR,AIAL,1
URAVR,AIAR,1
URAVR,AIYL,1
URAVR,AIYR,1
URAVR,AIZL,1
URAVR,AIZR,1
URAVR,AQR,1
URAVR,ASEL,1
URAVR,ASER,1
URAVR,ASGL,1
URAVR,ASGR,1
URAVR,ASHL,1
URAVR,ASHR,1
URAVR,ASIL,1
URAVR,ASIR,1
URAVR,ASJL,1
URAVR,ASJR,1
URAVR,ASKL,1
URAVR,ASKR,1
URAVR,AUAL,1
URAVR,AUAR,1
URAVR,AWAL,1
URAVR,AWAR,1
URAVR,AWBL,1
URAVR,AWBR,1
URAVR,DD1,1
URAVR,DD2,1
URAVR,DD3,1
URAVR,DD4,1
URAVR,DD5,1
URAVR,DD6,1
URAVR,FLPL,1
URAVR,FLPR,1
URAVR,IL2DL,1
URAVR,IL2DR,1
URAVR,IL2L,1
URAVR,IL2R,1
URAVR,IL2VL,1
URAVR,IL2VR,1
URAVR,M3L,1
URAVR,M3R,1
URAVR,OLQDL,1
URAVR,OLQDR,1
URAVR,OLQVL,1
URAVR,OLQVR,1
URAVR,PHAL,1
URAVR,PHAR,1
URAVR,PHBL,1
URAVR,PHBR,1
URAVR,PQR,1
URAVR,PVDL,1
URAVR,PVDR,1
URAVR,PVQL,1
URAVR,PVQR,1
URAVR,RIGL,1
URAVR,RIGR,1
URAVR,RIVL,1
URAVR,RIVR,1
URAVR,RMGL,1
URAVR,RMGR,1
URAVR,SAADL,1
URAVR,SAADR,1
URAVR,SABD,1
URAVR,SABVL,1
URAVR,SABVR,1
URAVR,SDQL,1
URAVR,SDQR,1
URAVR,SMBDL,1
URAVR,SMBDR,1
URAVR,URXL,1
URAVR,URXR,1
URAVR,VD1,1
URAVR,VD10,1
URAVR,VD11,1
URAVR,VD12,1
URAVR,VD13,1
URAVR,VD2,1
URAVR,VD3,1
URAVR,VD4,1
URAVR,VD5,1
URAVR,VD6,1
URAVR,VD7,1
URAVR,VD8,1
URAVR,VD9,1
URXL,ADFL,1
URXL,ADFR,1
URXL,AIAL,1
URXL,AIAR,1
URXL,AIYL,1
URXL,AIYR,1
URXL,AIZL,1
URXL,AIZR,1
URXL,AQR,1
URXL,ASEL,1
URXL,ASER,1
URXL,ASGL,1
URXL,ASGR,1
URXL,ASHL,1
URXL,ASHR,1
URXL,ASIL,1
URXL,ASIR,1
URXL,ASJL,1
URXL,ASJR,1
URXL,ASKL,1
URXL,ASKR,1
URXL,AUAL,1
URXL,AUAR,1
URXL,AWAL,1
URXL,AWAR,1
URXL,AWBL,1
URXL,AWBR,1
URXL,DD1,1
URXL,DD2,1
URXL,DD3,1
URXL,DD4,1
URXL,DD5,1
URXL,DD6,1
URXL,DVA,1
URXL,FLPL,1
URXL,FLPR,1
URXL,HSNL,1
URXL,HSNR,1
URXL,IL2DL,1
URXL,IL2DR,1
URXL,IL2L,1
URXL,IL2R,1
URXL,IL2VL,1
URXL,IL2VR,1
URXL,M3L,1
URXL,M3R,1
URXL,OLQDL,1
URXL,OLQDR,1
URXL,OLQVL,1
URXL,OLQVR,1
URXL,PHAL,1
URXL,PHAR,1
URXL,PHBL,1
URXL,PHBR,1
URXL,PQR,1
URXL,PVDL,1
URXL,PVDR,1
URXL,PVQL,1
URXL,PVQR,1
URXL,RIGL,1
URXL,RIGR,1
URXL,RIVL,1
URXL,RIVR,1
URXL,RMGL,1
URXL,RMGR,1
URXL,SAADL,1
URXL,SAADR,1
URXL,SABD,1
URXL,SABVL,1
URXL,SABVR,1
URXL,SDQL,1
URXL,SDQR,1
URXL,SMBDL,1
URXL,SMBDR,1
URXL,URXL,1
URXL,URXR,1
URXL,VD1,1
URXL,VD10,1
URXL,VD11,1
URXL,VD12,1
URXL,VD13,1
URXL,VD2,1
URXL,VD3,1
URXL,VD4,1
URXL,VD5,1
URXL,VD6,1
URXL,VD7,1
URXL,VD8,1
URXL,VD9,1
URXR,ADFL,1
URXR,ADFR,1
URXR,AIAL,1
URXR,AIAR,1
URXR,AIYL,1
URXR,AIYR,1
URXR,AIZL,1
URXR,AIZR,1
URXR,AQR,1
URXR,ASEL,1
URXR,ASER,1
URXR,ASGL,1
URXR,ASGR,1
URXR,ASHL,1
URXR,ASHR,1
URXR,ASIL,1
URXR,ASIR,1
URXR,ASJL,1
URXR,ASJR,1
URXR,ASKL,1
URXR,ASKR,1
URXR,AUAL,1
URXR,AUAR,1
URXR,AWAL,1
URXR,AWAR,1
URXR,AWBL,1
URXR,AWBR,1
URXR,DD1,1
URXR,DD2,1
URXR,DD3,1
URXR,DD4,1
URXR,DD5,1
URXR,DD6,1
URXR,DVA,1
URXR,FLPL,1
URXR,FLPR,1
URXR,HSNL,1
URXR,HSNR,1
URXR,IL2DL,1
URXR,IL2DR,1
URXR,IL2L,1
URXR,IL2R,1
URXR,IL2VL,1
URXR,IL2VR,1
URXR,M3L,1
URXR,M3R,1
URXR,OLQDL,1
URXR,OLQDR,1
URXR,OLQVL,1
URXR,OLQVR,1
URXR,PHAL,1
URXR,PHAR,1
URXR,PHBL,1
URXR,PHBR,1
URXR,PQR,1
URXR,PVDL,1
URXR,PVDR,1
URXR,PVQL,1
URXR,PVQR,1
URXR,RIGL,1
URXR,RIGR,1
URXR,RIVL,1
URXR,RIVR,1
URXR,RMGL,1
URXR,RMGR,1
URXR,SAADL,1
URXR,SAADR,1
URXR,SABD,1
URXR,SABVL,1
URXR,SABVR,1
URXR,SDQL,1
URXR,SDQR,1
URXR,SMBDL,1
URXR,SMBDR,1
URXR,URXL,1
URXR,URXR,1
URXR,VD1,1
URXR,VD10,1
URXR,VD11,1
URXR,VD12,1
URXR,VD13,1
URXR,VD2,1
URXR,VD3,1
URXR,VD4,1
URXR,VD5,1
URXR,VD6,1
URXR,VD7,1
URXR,VD8,1
URXR,VD9,1
VC1,ADFL,1
VC1,ADFR,1
VC1,ADLL,1
VC1,ADLR,1
VC1,ASEL,1
VC1,ASER,1
VC1,ASHL,1
VC1,ASHR,1
VC1,BDUL,1
VC1,BDUR,1
VC1,I2L,1
VC1,I2R,1
VC1,PQR,1
VC1,PVQL,1
VC1,PVQR,1
VC1,PVR,1
VC1,PVWL,1
VC1,PVWR,1
VC1,RICL,1
VC1,RICR,1
VC2,ADFL,1
VC2,ADFR,1
VC2,ADLL,1
VC2,ADLR,1
VC2,ASEL,1
VC2,ASER,1
VC2,ASHL,1
VC2,ASHR,1
VC2,BDUL,1
VC2,BDUR,1
VC2,I2L,1
VC2,I2R,1
VC2,PQR,1
VC2,PVQL,1
VC2,PVQR,1
VC2,PVR,1
VC2,PVWL,1
VC2,PVWR,1
VC2,RICL,1
VC2,RICR,1
VC3,ADFL,1
VC3,ADFR,1
VC3,ADLL,1
VC3,ADLR,1
VC3,ASEL,1
VC3,ASER,1
VC3,ASHL,1
VC3,ASHR,1
VC3,BDUL,1
VC3,BDUR,1
VC3,I2L,1
VC3,I2R,1
VC3,PQR,1
VC3,PVQL,1
VC3,PVQR,1
VC3,PVR,1
VC3,PVWL,1
VC3,PVWR,1
VC3,RICL,1
VC3,RICR,1
VC4,ADFL,1
VC4,ADFR,1
VC4,ADLL,1
VC4,ADLR,1
VC4,ASEL,1
VC4,ASER,1
VC4,ASHL,1
VC4,ASHR,1
VC4,BDUL,1
VC4,BDUR,1
VC4,I2L,1
VC4,I2R,1
VC4,PQR,1
VC4,PVQL,1
VC4,PVQR,1
VC4,PVR,1
VC4,PVWL,1
VC4,PVWR,1
VC4,RICL,1
VC4,RICR,1
VC5,ADFL,1
VC5,ADFR,1
VC5,ADLL,1
VC5,ADLR,1
VC5,ASEL,1
VC5,ASER,1
VC5,ASHL,1
VC5,ASHR,1
VC5,BDUL,1
VC5,BDUR,1
VC5,I2L,1
VC5,I2R,1
VC5,PQR,1
VC5,PVQL,1
VC5,PVQR,1
VC5,PVR,1
VC5,PVWL,1
VC5,PVWR,1
VC5,RICL,1
VC5,RICR,1
VC6,ADFL,1
VC6,ADFR,1
VC6,ADLL,1
VC6,ADLR,1
VC6,ASEL,1
VC6,ASER,1
VC6,ASHL,1
VC6,ASHR,1
VC6,BDUL,1
VC6,BDUR,1
VC6,I2L,1
VC6,I2R,1
VC6,PQR,1
VC6,PVQL,1
VC6,PVQR,1
VC6,PVR,1
VC6,PVWL,1
VC6,PVWR,1
VC6,RICL,1
VC6,RICR,1
VD1,ADFL,1
VD1,ADFR,1
VD1,ADLL,1
VD1,ADLR,1
VD1,ASEL,1
VD1,ASER,1
VD1,ASHL,1
VD1,ASHR,1
VD1,BDUL,1
VD1,BDUR,1
VD1,I2L,1
VD1,I2R,1
VD1,PQR,1
VD1,PVQL,1
VD1,PVQR,1
VD1,PVR,1
VD1,PVWL,1
VD1,PVWR,1
VD1,RICL,1
VD1,RICR,1
VD10,ADFL,1
VD10,ADFR,1
VD10,ADLL,1
VD10,ADLR,1
VD10,ASEL,1
VD10,ASER,1
VD10,ASHL,1
VD10,ASHR,1
VD10,BDUL,1
VD10,BDUR,1
VD10,I2L,1
VD10,I2R,1
VD10,PQR,1
VD10,PVQL,1
VD10,PVQR,1
VD10,PVR,1
VD10,PVWL,1
VD10,PVWR,1
VD10,RICL,1
VD10,RICR,1
VD11,ADFL,1
VD11,ADFR,1
VD11,ADLL,1
VD11,ADLR,1
VD11,ASEL,1
VD11,ASER,1
VD11,ASHL,1
VD11,ASHR,1
VD11,BDUL,1
VD11,BDUR,1
VD11,I2L,1
VD11,I2R,1
VD11,PQR,1
VD11,PVQL,1
VD11,PVQR,1
VD11,PVR,1
VD11,PVWL,1
VD11,PVWR,1
VD11,RICL,1
VD11,RICR,1
VD12,ADFL,1
VD12,ADFR,1
VD12,ADLL,1
VD12,ADLR,1
VD12,ASEL,1
VD12,ASER,1
VD12,ASHL,1
VD12,ASHR,1
VD12,BDUL,1
VD12,BDUR,1
VD12,I2L,1
VD12,I2R,1
VD12,PQR,1
VD12,PVQL,1
VD12,PVQR,1
VD12,PVR,1
VD12,PVWL,1
VD12,PVWR,1
VD12,RICL,1
VD12,RICR,1
VD13,ADFL,1
VD13,ADFR,1
VD13,ADLL,1
VD13,ADLR,1
VD13,ASEL,1
VD13,ASER,1
VD13,ASHL,1
VD13,ASHR,1
VD13,BDUL,1
VD13,BDUR,1
VD13,I2L,1
VD13,I2R,1
VD13,PQR,1
VD13,PVQL,1
VD13,PVQR,1
VD13,PVR,1
VD13,PVWL,1
VD13,PVWR,1
VD13,RICL,1
VD13,RICR,1
VD2,ADFL,1
VD2,ADFR,1
VD2,ADLL,1
VD2,ADLR,1
VD2,ASEL,1
VD2,ASER,1
VD2,ASHL,1
VD2,ASHR,1
VD2,BDUL,1
VD2,BDUR,1
VD2,I2L,1
VD2,I2R,1
VD2,PQR,1
VD2,PVQL,1
VD2,PVQR,1
VD2,PVR,1
VD2,PVWL,1
VD2,PVWR,1
VD2,RICL,1
VD2,RICR,1
VD3,ADFL,1
VD3,ADFR,1
VD3,ADLL,1
VD3,ADLR,1
VD3,ASEL,1
VD3,ASER,1
VD3,ASHL,1
VD3,ASHR,1
VD3,BDUL,1
VD3,BDUR,1
VD3,I2L,1
VD3,I2R,1
VD3,PQR,1
VD3,PVQL,1
VD3,PVQR,1
VD3,PVR,1
VD3,PVWL,1
VD3,PVWR,1
VD3,RICL,1
VD3,RICR,1
VD4,ADFL,1
VD4,ADFR,1
VD4,ADLL,1
VD4,ADLR,1
VD4,ASEL,1
VD4,ASER,1
VD4,ASHL,1
VD4,ASHR,1
VD4,BDUL,1
VD4,BDUR,1
VD4,I2L,1
VD4,I2R,1
VD4,PQR,1
VD4,PVQL,1
VD4,PVQR,1
VD4,PVR,1
VD4,PVWL,1
VD4,PVWR,1
VD4,RICL,1
VD4,RICR,1
VD5,ADFL,1
VD5,ADFR,1
VD5,ADLL,1
VD5,ADLR,1
VD5,ASEL,1
VD5,ASER,1
VD5,ASHL,1
VD5,ASHR,1
VD5,BDUL,1
VD5,BDUR,1
VD5,I2L,1
VD5,I2R,1
VD5,PQR,1
VD5,PVQL,1
VD5,PVQR,1
VD5,PVR,1
VD5,PVWL,1
VD5,PVWR,1
VD5,RICL,1
VD5,RICR,1
VD6,ADFL,1
VD6,ADFR,1
VD6,ADLL,1
VD6,ADLR,1
VD6,ASEL,1
VD6,ASER,1
VD6,ASHL,1
VD6,ASHR,1
VD6,BDUL,1
VD6,BDUR,1
VD6,I2L,1
VD6,I2R,1
VD6,PQR,1
VD6,PVQL,1
VD6,PVQR,1
VD6,PVR,1
VD6,PVWL,1
VD6,PVWR,1
VD6,RICL,1
VD6,RICR,1
VD7,ADFL,1
VD7,ADFR,1
VD7,ADLL,1
VD7,ADLR,1
VD7,ASEL,1
VD7,ASER,1
VD7,ASHL,1
VD7,ASHR,1
VD7,BDUL,1
VD7,BDUR,1
VD7,I2L,1
VD7,I2R,1
VD7,PQR,1
VD7,PVQL,1
VD7,PVQR,1
VD7,PVR,1
VD7,PVWL,1
VD7,PVWR,1
VD7,RICL,1
VD7,RICR,1
VD8,ADFL,1
VD8,ADFR,1
VD8,ADLL,1
VD8,ADLR,1
VD8,ASEL,1
VD8,ASER,1
VD8,ASHL,1
VD8,ASHR,1
VD8,BDUL,1
VD8,BDUR,1
VD8,I2L,1
VD8,I2R,1
VD8,PQR,1
VD8,PVQL,1
VD8,PVQR,1
VD8,PVR,1
VD8,PVWL,1
VD8,PVWR,1
VD8,RICL,1
VD8,RICR,1
VD9,ADFL,1
VD9,ADFR,1
VD9,ADLL,1
VD9,ADLR,1
VD9,ASEL,1
VD9,ASER,1
VD9,ASHL,1
VD9,ASHR,1
VD9,BDUL,1
VD9,BDUR,1
VD9,I2L,1
VD9,I2R,1
VD9,PQR,1
VD9,PVQL,1
VD9,PVQR,1
VD9,PVR,1
VD9,PVWL,1
VD9,PVWR,1
VD9,RICL,1
VD9,RICR,1
