ADAL,ADAL
ADAL,ADAR
ADAL,ADEL
ADAL,ADFL
ADAL,ADLL
ADAL,AIAL
ADAL,AIBL
ADAL,AIBR
ADAL,ASHL
ADAL,AVAL
ADAL,AVAR
ADAL,AVBL
ADAL,AVBR
ADAL,AVDL
ADAL,AVDR
ADAL,AVEL
ADAL,AVJR
ADAL,AWAL
ADAL,BDUL
ADAL,FLPR
ADAL,OLQVL
ADAL,PVPL
ADAL,PVQL
ADAL,RICL
ADAL,RICR
ADAL,RID
ADAL,RIML
ADAL,RIPL
ADAL,RMGL
ADAL,SMDVR
ADAL,URAVL
ADAL,URBL
ADAL,URXL
ADAL,VB1
ADAR,ADER
ADAR,ADFR
ADAR,ADLR
ADAR,AIAR
ADAR,AIBL
ADAR,AIBR
ADAR,ASHR
ADAR,AVAR
ADAR,AVBL
ADAR,AVBR
ADAR,AVDL
ADAR,AVDR
ADAR,AVEL
ADAR,AVJL
ADAR,FLPR
ADAR,PVQR
ADAR,PVR
ADAR,RICL
ADAR,RICR
ADAR,RIFR
ADAR,RIMR
ADAR,RIPR
ADAR,RIR
ADAR,RIVR
ADAR,RMGR
ADAR,SMDVL
ADAR,URAVR
ADAR,URBR
ADAR,URXR
ADAR,URYDR
ADAR,URYVR
ADEL,ADER
ADEL,AINL
ADEL,ALML
ADEL,AVAL
ADEL,AVAR
ADEL,AVDL
ADEL,AVEL
ADEL,AVHL
ADEL,AVL
ADEL,BDUL
ADEL,CEPDL
ADEL,FLPL
ADEL,IL1L
ADEL,IL2L
ADEL,OLLL
ADEL,RIAL
ADEL,RIFL
ADEL,RIGL
ADEL,RIGR
ADEL,RIH
ADEL,RIVL
ADEL,RIVR
ADEL,RMDL
ADEL,RMER
ADEL,RMGL
ADEL,RMHL
ADEL,RMHR
ADEL,SAADR
ADEL,SIADR
ADEL,SIAVL
ADEL,SIBVR
ADEL,SMBDR
ADEL,SMBVL
ADEL,URBL
ADEL,VB1
ADER,AINR
ADER,ALNR
ADER,ASIR
ADER,AVAL
ADER,AVAR
ADER,AVDR
ADER,AVER
ADER,AVJR
ADER,AVKL
ADER,AVM
ADER,BDUR
ADER,CEPDR
ADER,CEPVR
ADER,FLPL
ADER,FLPR
ADER,IL1R
ADER,IL2R
ADER,OLLR
ADER,PVQR
ADER,RIAR
ADER,RIGL
ADER,RIGR
ADER,RMDL
ADER,RMDR
ADER,RMGR
ADER,SMDVR
ADER,URBR
ADER,URXR
ADFL,ADLL
ADFL,AFDL
ADFL,AIAL
ADFL,AIBL
ADFL,AIBR
ADFL,AIZL
ADFL,ASHL
ADFL,ASIL
ADFL,AUAL
ADFL,AWBL
ADFL,AWCL
ADFL,AWCR
ADFL,RIAL
ADFL,RIBL
ADFL,RIGL
ADFL,RIGR
ADFL,RIPL
ADFL,RIR
ADFL,RIVL
ADFL,SMBDL
ADFL,SMBVL
ADFL,SMDVL
ADFL,URBL
ADFL,URXL
ADFR,ADFR
ADFR,AFDR
ADFR,AIAR
ADFR,AIMR
ADFR,AIYR
ADFR,AIZR
ADFR,ASEL
ADFR,ASGR
ADFR,ASHR
ADFR,AUAR
ADFR,AVHL
ADFR,AWAR
ADFR,AWBR
ADFR,AWCR
ADFR,BAGL
ADFR,OLQVR
ADFR,PVPR
ADFR,RIAR
ADFR,RIGR
ADFR,RIH
ADFR,RIR
ADFR,SMBDR
ADFR,SMBVR
ADFR,SMDVR
ADFR,URXR
ADFR,URYVR
ADLL,ADLR
ADLL,AIAL
ADLL,AIBL
ADLL,ALA
ADLL,ASEL
ADLL,ASER
ADLL,ASGL
ADLL,ASHL
ADLL,AVAL
ADLL,AVAR
ADLL,AVBL
ADLL,AVDL
ADLL,AVDR
ADLL,AVJL
ADLL,AVJR
ADLL,AWAL
ADLL,AWBL
ADLL,AWCL
ADLL,HSNL
ADLL,OLQVL
ADLL,RIAL
ADLL,RIGL
ADLL,RIPL
ADLL,RIR
ADLL,RMGL
ADLL,SDQR
ADLL,SMBVL
ADLR,ADLR
ADLR,AIAR
ADLR,AIBR
ADLR,ASER
ADLR,ASGR
ADLR,ASHR
ADLR,ASIR
ADLR,ASKR
ADLR,AVAR
ADLR,AVBL
ADLR,AVBR
ADLR,AVDL
ADLR,AVDR
ADLR,AVHR
ADLR,AVJL
ADLR,AVJR
ADLR,AWCR
ADLR,CEPVR
ADLR,HSNL
ADLR,IL2VR
ADLR,OLLR
ADLR,OLQVR
ADLR,PVCL
ADLR,RICL
ADLR,RICR
ADLR,RIFR
ADLR,RIPR
ADLR,SIBVL
ADLR,SIBVR
ADLR,SMBVR
ADLR,URBR
ADLR,URXR
AFDL,AFDL
AFDL,AFDR
AFDL,AIBL
AFDL,AINR
AFDL,AIYL
AFDL,AIZL
AFDL,ASEL
AFDL,ASER
AFDL,AVEL
AFDL,AWAL
AFDL,AWBL
AFDL,AWCL
AFDL,CEPDL
AFDL,URBL
AFDR,AINL
AFDR,AINR
AFDR,AIYR
AFDR,ASEL
AFDR,ASER
AFDR,ASHR
AFDR,AWAR
AFDR,AWCR
AFDR,RIGR
AFDR,RIR
AFDR,RMDVR
AFDR,URBR
AIAL,AIAR
AIAL,AIBL
AIAL,AIML
AIAL,AINR
AIAL,AIZL
AIAL,ASEL
AIAL,ASER
AIAL,ASGL
AIAL,ASHL
AIAL,ASIL
AIAL,ASIR
AIAL,ASJL
AIAL,ASKL
AIAL,ASKR
AIAL,AVFR
AIAL,AWBL
AIAL,AWCL
AIAL,AWCR
AIAL,HSNL
AIAL,HSNR
AIAL,PVQL
AIAL,PVQR
AIAL,RIFL
AIAL,RIR
AIAL,RMGL
AIAR,AIAR
AIAR,AIBR
AIAR,AIMR
AIAR,AINL
AIAR,AIZR
AIAR,ASER
AIAR,ASGR
AIAR,ASHR
AIAR,ASIR
AIAR,ASKR
AIAR,AWAR
AIAR,AWCL
AIAR,AWCR
AIAR,PVQR
AIAR,RIFR
AIBL,AIBL
AIBL,AINR
AIBL,AIYL
AIBL,AIZL
AIBL,AIZR
AIBL,ASEL
AIBL,ASER
AIBL,ASGL
AIBL,ASHL
AIBL,ASHR
AIBL,ASIL
AIBL,ASKL
AIBL,AVAL
AIBL,AVBL
AIBL,AVEL
AIBL,AWCL
AIBL,AWCR
AIBL,BAGL
AIBL,DVC
AIBL,FLPL
AIBL,HSNR
AIBL,IL2DR
AIBL,PVT
AIBL,RIBR
AIBL,RICR
AIBL,RIFL
AIBL,RIGR
AIBL,RIML
AIBL,RIMR
AIBL,RIS
AIBL,RMED
AIBL,RMFR
AIBL,SAADL
AIBL,SAADR
AIBL,SAAVL
AIBL,SDQR
AIBL,SIADR
AIBL,SIAVR
AIBL,SIBDR
AIBL,SMDDR
AIBL,SMDVR
AIBR,AIYR
AIBR,AIZL
AIBR,AIZR
AIBR,AQR
AIBR,ASEL
AIBR,ASER
AIBR,ASGR
AIBR,ASHR
AIBR,ASIR
AIBR,ASKR
AIBR,AUAL
AIBR,AVAR
AIBR,AVBR
AIBR,AVEL
AIBR,AWBL
AIBR,AWCL
AIBR,AWCR
AIBR,DVA
AIBR,DVC
AIBR,FLPL
AIBR,PVPL
AIBR,PVT
AIBR,RIAL
AIBR,RIBL
AIBR,RICR
AIBR,RIGL
AIBR,RIML
AIBR,RIMR
AIBR,RIS
AIBR,RIVR
AIBR,RMFL
AIBR,RMGL
AIBR,RMHR
AIBR,SAADL
AIBR,SAADR
AIBR,SAAVR
AIBR,SDQL
AIBR,SIADL
AIBR,SIAVL
AIBR,SIBVR
AIBR,SMDDL
AIBR,SMDVL
AIBR,SMDVR
AIBR,VB1
AIML,ALML
AIML,ASGL
AIML,ASJL
AIML,ASKL
AIML,AVDL
AIML,AVFL
AIML,AVFR
AIML,AVHL
AIML,AVHR
AIML,AVJL
AIML,CEPDL
AIML,PVQL
AIML,RID
AIML,RIFL
AIML,RMGL
AIML,SIBVR
AIML,SMBVL
AIML,URXL
AIMR,AIMR
AIMR,ALA
AIMR,ASGR
AIMR,ASJR
AIMR,ASKR
AIMR,AVAR
AIMR,AVDR
AIMR,AVFL
AIMR,AVFR
AIMR,AVHR
AIMR,AVJR
AIMR,AVKR
AIMR,AWBR
AIMR,BDUR
AIMR,CEPVR
AIMR,HSNL
AIMR,HSNR
AIMR,OLQDR
AIMR,PVNR
AIMR,PVQR
AIMR,RIFR
AIMR,RIR
AIMR,RMDR
AIMR,RMGR
AIMR,SMBVR
AIMR,URXR
AINL,AINR
AINL,AIYR
AINL,ASEL
AINL,ASGR
AINL,ASIL
AINL,AUAR
AINL,AVJL
AINL,BAGL
AINL,CEPDL
AINL,CEPVR
AINL,RIBL
AINL,RIBR
AINL,RID
AINL,RMDVL
AINL,RMFL
AINL,SAAVL
AINR,AINR
AINR,ASEL
AINR,ASER
AINR,ASGL
AINR,ASIL
AINR,AUAL
AINR,AUAR
AINR,AWCL
AINR,BAGL
AINR,BAGR
AINR,CEPDL
AINR,RIAL
AINR,RIBL
AINR,RID
AINR,URXL
AINR,URXR
AIYL,AIYR
AIYL,AIZL
AIYL,ASEL
AIYL,ASER
AIYL,ASIL
AIYL,AUAL
AIYL,AVKL
AIYL,AWAL
AIYL,AWBL
AIYL,AWCL
AIYL,AWCR
AIYL,BAGR
AIYL,HSNR
AIYL,RIAL
AIYL,RIBL
AIYL,RIH
AIYL,RIML
AIYL,RIR
AIYR,AIZR
AIYR,ASEL
AIYR,ASER
AIYR,ASGR
AIYR,ASIL
AIYR,ASIR
AIYR,AUAR
AIYR,AWAR
AIYR,AWBR
AIYR,AWCR
AIYR,BAGR
AIYR,RIAR
AIYR,RIBR
AIYR,RIH
AIYR,RIMR
AIYR,RIVR
AIZL,AIZR
AIZL,ASEL
AIZL,ASER
AIZL,ASGL
AIZL,ASHL
AIZL,ASIL
AIZL,AUAL
AIZL,AVEL
AIZL,AVER
AIZL,AVKR
AIZL,AWAL
AIZL,AWBL
AIZL,AWCL
AIZL,AWCR
AIZL,DVA
AIZL,HSNL
AIZL,HSNR
AIZL,RIAL
AIZL,RICR
AIZL,RIFR
AIZL,RIGL
AIZL,RIH
AIZL,RIML
AIZL,RIR
AIZL,SMBDL
AIZL,SMBVL
AIZL,SMDVL
AIZL,URXL
AIZL,URYDL
AIZL,VB2
AIZR,ASER
AIZR,ASGR
AIZR,ASHR
AIZR,AUAR
AIZR,AVEL
AIZR,AVER
AIZR,AWAR
AIZR,AWBR
AIZR,AWCR
AIZR,BAGL
AIZR,DVA
AIZR,HSNL
AIZR,HSNR
AIZR,RIAR
AIZR,RIBR
AIZR,RIGL
AIZR,RIGR
AIZR,RIH
AIZR,RIMR
AIZR,RIR
AIZR,SIADR
AIZR,SIBVL
AIZR,SMBDR
AIZR,SMBVR
AIZR,SMDDR
ALA,ASJL
ALA,ASJR
ALA,ASKR
ALA,AVAL
ALA,AVAR
ALA,AVDR
ALA,AVEL
ALA,AVER
ALA,HSNR
ALA,RIAR
ALA,RID
ALA,RMDR
ALML,ALML
ALML,AVDR
ALML,AVEL
ALML,AVJR
ALML,AVM
ALML,BDUL
ALML,CEPDL
ALML,CEPVL
ALML,PVCL
ALML,PVCR
ALML,PVNR
ALML,PVR
ALML,RICL
ALML,RICR
ALML,RIFL
ALML,RMDDR
ALML,RMGL
ALML,SDQL
ALML,SDQR
ALML,SIADR
ALML,SMBDR
ALMR,AVDR
ALMR,AVM
ALMR,BDUR
ALMR,CEPDR
ALMR,CEPVR
ALMR,PVCR
ALMR,PVR
ALMR,RMDDL
ALMR,RMGR
ALMR,SDQR
ALMR,SIADL
ALMR,SMDDL
ALMR,URBR
ALMR,URXR
ALNL,RIAL
ALNL,RIGL
ALNL,RMDDR
ALNL,RMGL
ALNL,RMHL
ALNL,SAAVL
ALNL,SIADR
ALNL,SMBDR
ALNL,SMDDR
ALNL,SMDVL
ALNR,AVAL
ALNR,IL2DR
ALNR,PVR
ALNR,RIGR
ALNR,RIML
ALNR,RMGR
ALNR,SAAVR
ALNR,SIADL
ALNR,SIBVL
ALNR,SMBDL
ALNR,SMDDL
ALNR,SMDDR
ALNR,SMDVL
AQR,AVAL
AQR,AVAR
AQR,AVBL
AQR,AVBR
AQR,AVDL
AQR,AVDR
AQR,AVHR
AQR,AVJL
AQR,AVKL
AQR,AVKR
AQR,BAGL
AQR,BAGR
AQR,DVA
AQR,PVCL
AQR,PVCR
AQR,PVPL
AQR,PVPR
AQR,RIAL
AQR,RIAR
AQR,RIGL
AQR,RIGR
AQR,RIR
AQR,SIBDL
AQR,URXL
AS1,AS1
AS1,AVAR
AS1,AVBR
AS1,AVEL
AS1,AVER
AS1,DA1
AS1,DB1
AS1,DD1
AS1,FLPR
AS1,PVCL
AS1,VA3
AS1,VA6
AS1,VA7
AS1,VD1
AS1,VD2
AS10,AVAL
AS10,AVAR
AS10,AVBL
AS10,AVBR
AS10,AVDL
AS10,AVDR
AS10,AVFL
AS10,AVHL
AS10,AVKL
AS10,DA7
AS10,DA9
AS10,DB7
AS10,VA12
AS10,VD10
AS10,VD11
AS11,AVAL
AS11,AVAR
AS11,AVDL
AS11,AVDR
AS11,AVFL
AS11,AVG
AS11,AVHL
AS11,AVHR
AS11,AVKL
AS11,DA8
AS11,DA9
AS11,DB7
AS11,DD6
AS11,DVA
AS11,DVB
AS11,PDB
AS11,PHBL
AS11,PVPL
AS11,VA11
AS11,VA12
AS11,VB11
AS11,VD12
AS11,VD13
AS2,AVAL
AS2,AVAR
AS2,AVER
AS2,DA2
AS2,DB1
AS2,DD1
AS2,PVCL
AS2,RID
AS2,VA3
AS2,VA4
AS2,VA6
AS2,VA7
AS2,VA8
AS2,VD2
AS3,AVAR
AS3,AVBR
AS3,AVER
AS3,DA3
AS3,DB2
AS3,VA7
AS3,VA8
AS3,VD3
AS4,AVAL
AS4,AVAR
AS4,AVBL
AS4,AVBR
AS4,AVDL
AS4,DA2
AS4,DA3
AS4,DB2
AS4,DB3
AS4,DD1
AS4,DD2
AS4,VA8
AS4,VD4
AS5,AS5
AS5,AVAL
AS5,AVAR
AS5,AVBL
AS5,AVBR
AS5,DB3
AS5,HSNR
AS5,VA8
AS5,VD5
AS6,AVAR
AS6,AVBL
AS6,AVBR
AS6,DA5
AS6,DB4
AS6,VA10
AS6,VA9
AS6,VD6
AS7,AVAL
AS7,AVAR
AS7,DB5
AS7,VA10
AS7,VA11
AS7,VA9
AS7,VD7
AS8,AVAL
AS8,AVAR
AS8,DB5
AS8,DB6
AS8,VA11
AS8,VA12
AS8,VD8
AS9,AVAL
AS9,AVAR
AS9,DB6
AS9,VA11
AS9,VA12
AS9,VD9
ASEL,ASER
ASEL,ASGL
ASEL,ASIR
ASEL,ASJL
ASEL,AWAL
ASEL,AWBL
ASEL,AWCL
ASEL,AWCR
ASEL,IL2R
ASEL,OLLR
ASEL,RIAR
ASEL,RIR
ASER,ASGR
ASER,ASHR
ASER,ASIL
ASER,ASIR
ASER,ASKL
ASER,ASKR
ASER,AWAR
ASER,AWBR
ASER,AWCL
ASER,AWCR
ASER,PVQR
ASGL,ASIL
ASGL,ASKL
ASGL,AWAL
ASGL,AWBL
ASGL,RIVL
ASGR,ASIR
ASGR,ASKR
ASGR,AWAR
ASGR,AWBR
ASGR,AWCL
ASGR,AWCR
ASGR,CEPVR
ASGR,RIFR
ASHL,ASHR
ASHL,ASKL
ASHL,AVAL
ASHL,AVAR
ASHL,AVBL
ASHL,AVDL
ASHL,AVDR
ASHL,AVFL
ASHL,AVHR
ASHL,AWAL
ASHL,AWBL
ASHL,HSNL
ASHL,HSNR
ASHL,RIAL
ASHL,RICL
ASHL,RIML
ASHL,RIPL
ASHL,RIR
ASHL,RMGL
ASHL,URXL
ASHR,ASHR
ASHR,ASIR
ASHR,ASKR
ASHR,AVAR
ASHR,AVBR
ASHR,AVDL
ASHR,AVDR
ASHR,AVER
ASHR,AVFR
ASHR,AVHL
ASHR,AVJL
ASHR,AWAR
ASHR,AWBL
ASHR,AWBR
ASHR,AWCR
ASHR,HSNL
ASHR,HSNR
ASHR,PVCL
ASHR,PVPR
ASHR,RIAR
ASHR,RICR
ASHR,RIFR
ASHR,RIR
ASHR,RMGR
ASHR,SMBVR
ASIL,ASKL
ASIL,AWAR
ASIL,AWCL
ASIL,AWCR
ASIL,CEPVR
ASIL,RIAL
ASIL,RIBL
ASIL,RMFL
ASIL,SAAVL
ASIL,URXL
ASIR,AWAR
ASIR,AWCL
ASIR,AWCR
ASIR,CEPVR
ASIR,SAAVR
ASJL,ASJR
ASJL,ASKL
ASJL,ASKR
ASJL,CEPDL
ASJL,HSNL
ASJL,HSNR
ASJL,IL2L
ASJL,PVQL
ASJL,PVQR
ASJL,RIVL
ASJR,ASKR
ASJR,HSNL
ASJR,HSNR
ASJR,PVQR
ASKL,ASKR
ASKL,AVHL
ASKL,HSNL
ASKL,PVQL
ASKR,ASKR
ASKR,AVHR
ASKR,AWAR
ASKR,CEPVR
ASKR,HSNL
ASKR,HSNR
ASKR,PVQR
ASKR,RIFR
ASKR,RMGR
AUAL,AUAR
AUAL,AVAL
AUAL,AVDR
AUAL,AVEL
AUAL,AWBL
AUAL,AWCL
AUAL,BAGR
AUAL,DVA
AUAL,IL2DL
AUAL,RIAL
AUAL,RIBL
AUAL,RIR
AUAL,RMDVL
AUAL,URXL
AUAR,AVAR
AUAR,AVER
AUAR,AWAR
AUAR,AWBR
AUAR,BAGL
AUAR,DVA
AUAR,RIAR
AUAR,RIBR
AUAR,RIH
AUAR,URXR
AVAL,AVAR
AVAL,AVBL
AVAL,AVBR
AVAL,AVDL
AVAL,AVDR
AVAL,AVEL
AVAL,AVER
AVAL,AVFR
AVAL,AVG
AVAL,AVHR
AVAL,AVJL
AVAL,AVJR
AVAL,AWCL
AVAL,BAGR
AVAL,BDUR
AVAL,DA1
AVAL,DA2
AVAL,DA3
AVAL,DA4
AVAL,DA5
AVAL,DA6
AVAL,DA7
AVAL,DA8
AVAL,DA9
AVAL,DB7
AVAL,DVA
AVAL,DVC
AVAL,FLPL
AVAL,FLPR
AVAL,IL2VR
AVAL,LUAL
AVAL,LUAR
AVAL,OLQVL
AVAL,PHBL
AVAL,PHBR
AVAL,PHCL
AVAL,PHCR
AVAL,PQR
AVAL,PVCL
AVAL,PVCR
AVAL,PVDL
AVAL,PVDR
AVAL,PVNL
AVAL,PVNR
AVAL,PVPL
AVAL,PVPR
AVAL,RIAL
AVAL,RIBL
AVAL,RICL
AVAL,RICR
AVAL,RIML
AVAL,RIMR
AVAL,RMGL
AVAL,RMGR
AVAL,SAADL
AVAL,SAADR
AVAL,SAAVL
AVAL,SABD
AVAL,SABVL
AVAL,SABVR
AVAL,SDQL
AVAL,SDQR
AVAL,SIADR
AVAL,SMBDR
AVAL,URXL
AVAL,URYDL
AVAL,URYVR
AVAL,VA1
AVAL,VA10
AVAL,VA11
AVAL,VA12
AVAL,VA2
AVAL,VA3
AVAL,VA4
AVAL,VA5
AVAL,VA6
AVAL,VA7
AVAL,VA8
AVAL,VA9
AVAL,VB11
AVAL,VD6
AVAR,AVBL
AVAR,AVBR
AVAR,AVDL
AVAR,AVDR
AVAR,AVEL
AVAR,AVER
AVAR,AVG
AVAR,AVHL
AVAR,AVJL
AVAR,AVJR
AVAR,BAGL
AVAR,DA1
AVAR,DA2
AVAR,DA3
AVAR,DA4
AVAR,DA5
AVAR,DA6
AVAR,DA7
AVAR,DA8
AVAR,DA9
AVAR,DB2
AVAR,DB3
AVAR,DVA
AVAR,DVC
AVAR,FLPL
AVAR,FLPR
AVAR,LUAL
AVAR,LUAR
AVAR,PHBL
AVAR,PHBR
AVAR,PHCR
AVAR,PQR
AVAR,PVCL
AVAR,PVCR
AVAR,PVDL
AVAR,PVDR
AVAR,PVPL
AVAR,PVPR
AVAR,PVT
AVAR,PVWR
AVAR,RIAR
AVAR,RIBR
AVAR,RICL
AVAR,RICR
AVAR,RIGL
AVAR,RIML
AVAR,RIMR
AVAR,RMDR
AVAR,RMDVR
AVAR,RMHL
AVAR,SAADR
AVAR,SAAVR
AVAR,SABVL
AVAR,SABVR
AVAR,SDQL
AVAR,SMDVR
AVAR,URXR
AVAR,URYDR
AVAR,VA1
AVAR,VA10
AVAR,VA11
AVAR,VA12
AVAR,VA2
AVAR,VA3
AVAR,VA4
AVAR,VA5
AVAR,VA6
AVAR,VA7
AVAR,VA8
AVAR,VA9
AVAR,VD11
AVAR,VD13
AVAR,VD5
AVBL,AVBR
AVBL,AVDR
AVBL,AVER
AVBL,AVFL
AVBL,AVFR
AVBL,AVG
AVBL,AVHL
AVBL,AVHR
AVBL,AVJL
AVBL,AVJR
AVBL,AVKL
AVBL,AVL
AVBL,AVM
AVBL,AWBL
AVBL,DA5
AVBL,DA7
AVBL,DB2
AVBL,DB3
AVBL,DB4
AVBL,DB5
AVBL,DB6
AVBL,DB7
AVBL,DVA
AVBL,DVC
AVBL,FLPL
AVBL,FLPR
AVBL,PVCL
AVBL,PVCR
AVBL,PVNR
AVBL,PVPL
AVBL,PVPR
AVBL,PVR
AVBL,RIBL
AVBL,RIBR
AVBL,RID
AVBL,RIFL
AVBL,RIFR
AVBL,RIML
AVBL,RIMR
AVBL,RMGR
AVBL,SAAVR
AVBL,SDQL
AVBL,SDQR
AVBL,SIBVL
AVBL,URBL
AVBL,URXL
AVBL,URXR
AVBL,URYDR
AVBL,URYVR
AVBL,VA10
AVBL,VA11
AVBL,VA2
AVBL,VB1
AVBL,VB10
AVBL,VB11
AVBL,VB2
AVBL,VB4
AVBL,VB5
AVBL,VB6
AVBL,VB7
AVBL,VB8
AVBL,VB9
AVBL,VC3
AVBR,AVDL
AVBR,AVER
AVBR,AVFL
AVBR,AVFR
AVBR,AVG
AVBR,AVHL
AVBR,AVHR
AVBR,AVJL
AVBR,AVJR
AVBR,AVM
AVBR,AWBR
AVBR,BDUR
AVBR,DA3
AVBR,DA4
AVBR,DA7
AVBR,DB1
AVBR,DB2
AVBR,DB3
AVBR,DB4
AVBR,DB5
AVBR,DB6
AVBR,DB7
AVBR,DVA
AVBR,FLPL
AVBR,FLPR
AVBR,HSNR
AVBR,IL2DL
AVBR,PVCL
AVBR,PVCR
AVBR,PVNL
AVBR,PVNR
AVBR,PVPL
AVBR,PVPR
AVBR,PVQR
AVBR,PVR
AVBR,RIBL
AVBR,RIBR
AVBR,RID
AVBR,RIFL
AVBR,RIFR
AVBR,RIML
AVBR,RIMR
AVBR,RIPR
AVBR,RMGL
AVBR,RMGR
AVBR,SAADL
AVBR,SDQL
AVBR,SDQR
AVBR,SIBDL
AVBR,SMBVL
AVBR,URBR
AVBR,URXR
AVBR,URYVL
AVBR,VA11
AVBR,VA3
AVBR,VA4
AVBR,VB10
AVBR,VB11
AVBR,VB2
AVBR,VB3
AVBR,VB4
AVBR,VB5
AVBR,VB6
AVBR,VB7
AVBR,VB8
AVBR,VB9
AVBR,VC4
AVBR,VD3
AVDL,AVDR
AVDL,AVEL
AVDL,AVER
AVDL,AVG
AVDL,AVHL
AVDL,AVJL
AVDL,AVJR
AVDL,AVM
AVDL,DA1
AVDL,DA2
AVDL,DA3
AVDL,DA4
AVDL,DA5
AVDL,DA8
AVDL,DVC
AVDL,FLPL
AVDL,FLPR
AVDL,LUAL
AVDL,LUAR
AVDL,PHBL
AVDL,PHBR
AVDL,PQR
AVDL,PVCL
AVDL,PVCR
AVDL,PVDL
AVDL,PVDR
AVDL,PVNL
AVDL,PVNR
AVDL,PVT
AVDL,RIFL
AVDL,RIGR
AVDL,RMGR
AVDL,SABD
AVDL,SABVL
AVDL,SABVR
AVDL,SDQL
AVDL,URBR
AVDL,VA10
AVDL,VA12
AVDL,VA3
AVDL,VA4
AVDL,VA5
AVDR,AVER
AVDR,AVG
AVDR,AVHR
AVDR,AVJL
AVDR,AVJR
AVDR,AVM
AVDR,DA1
AVDR,DA2
AVDR,DA3
AVDR,DA4
AVDR,DA5
AVDR,DA8
AVDR,DB1
AVDR,DB4
AVDR,DVA
AVDR,DVC
AVDR,FLPL
AVDR,FLPR
AVDR,HSNR
AVDR,LUAL
AVDR,LUAR
AVDR,OLQVL
AVDR,PHAL
AVDR,PHAR
AVDR,PHBL
AVDR,PHBR
AVDR,PQR
AVDR,PVCL
AVDR,PVCR
AVDR,PVDL
AVDR,PVNL
AVDR,PVNR
AVDR,PVPL
AVDR,PVWR
AVDR,RIBL
AVDR,SABD
AVDR,SABVL
AVDR,SABVR
AVDR,SIADL
AVDR,URXL
AVDR,URYVL
AVDR,VA11
AVDR,VA2
AVDR,VA3
AVDR,VA5
AVEL,AVER
AVEL,AVJL
AVEL,AVKL
AVEL,AVL
AVEL,BAGL
AVEL,BAGR
AVEL,CEPDR
AVEL,CEPVR
AVEL,DA1
AVEL,DA2
AVEL,DA3
AVEL,DB3
AVEL,DVA
AVEL,FLPR
AVEL,IL1R
AVEL,IL2L
AVEL,OLLR
AVEL,PVCL
AVEL,PVCR
AVEL,PVNR
AVEL,PVPR
AVEL,PVT
AVEL,RIBL
AVEL,RIBR
AVEL,RIGL
AVEL,RIML
AVEL,RIMR
AVEL,RIR
AVEL,RIS
AVEL,RMDVR
AVEL,RMEV
AVEL,RMGL
AVEL,SABD
AVEL,SABVL
AVEL,SABVR
AVEL,SDQL
AVEL,SMDDL
AVEL,SMDVR
AVEL,URXL
AVEL,URYDL
AVEL,URYDR
AVEL,URYVL
AVEL,URYVR
AVEL,VA1
AVEL,VA3
AVEL,VB2
AVEL,VD2
AVEL,VD3
AVER,AVG
AVER,AVJR
AVER,AVKL
AVER,AVKR
AVER,BAGL
AVER,CEPDL
AVER,CEPVL
AVER,DA1
AVER,DA2
AVER,DA3
AVER,DB3
AVER,DVA
AVER,FLPR
AVER,HSNR
AVER,IL1L
AVER,IL1R
AVER,IL2R
AVER,OLLL
AVER,PVCL
AVER,PVCR
AVER,RIBL
AVER,RIBR
AVER,RIFL
AVER,RIGL
AVER,RIGR
AVER,RIML
AVER,RIMR
AVER,RIS
AVER,RMDDL
AVER,RMDR
AVER,RMDVL
AVER,RMDVR
AVER,RMEV
AVER,RMGR
AVER,SABD
AVER,SABVL
AVER,SABVR
AVER,SMDDL
AVER,SMDDR
AVER,SMDVR
AVER,URAVL
AVER,URXR
AVER,URYDL
AVER,URYDR
AVER,URYVL
AVER,VA1
AVER,VA2
AVER,VA3
AVER,VA4
AVFL,AVFR
AVFL,AVG
AVFL,AVHL
AVFL,AVHR
AVFL,AVJL
AVFL,AVL
AVFL,DVB
AVFL,HSNL
AVFL,HSNR
AVFL,PHAL
AVFL,PVCL
AVFL,PVDL
AVFL,PVNL
AVFL,PVNR
AVFL,PVPL
AVFL,PVPR
AVFL,PVQL
AVFL,PVQR
AVFL,RIFL
AVFL,RIFR
AVFL,SMBVL
AVFL,VA11
AVFL,VB1
AVFL,VB2
AVFL,VC1
AVFL,VC5
AVFL,VD12
AVFR,AVG
AVFR,AVHL
AVFR,AVHR
AVFR,AVJL
AVFR,HSNL
AVFR,HSNR
AVFR,PVCR
AVFR,PVDL
AVFR,PVPL
AVFR,PVPR
AVFR,PVQL
AVFR,PVQR
AVFR,RMDDL
AVFR,RMGL
AVFR,SIADL
AVFR,VA2
AVFR,VB1
AVFR,VC5
AVG,AVG
AVG,AVHR
AVG,AVJL
AVG,AVJR
AVG,AVL
AVG,DA8
AVG,DD6
AVG,DVC
AVG,PHAL
AVG,PHAR
AVG,PHBL
AVG,PHCR
AVG,PQR
AVG,PVCL
AVG,PVCR
AVG,PVDL
AVG,PVNL
AVG,PVNR
AVG,PVPL
AVG,PVPR
AVG,PVQL
AVG,PVQR
AVG,PVT
AVG,RIFR
AVG,VA11
AVG,VA6
AVG,VB4
AVG,VC1
AVG,VC6
AVHL,AVHR
AVHL,AVJL
AVHL,AVJR
AVHL,AVM
AVHL,AWBR
AVHL,BDUL
AVHL,BDUR
AVHL,DB7
AVHL,DD1
AVHL,DVB
AVHL,HSNR
AVHL,LUAL
AVHL,PHAL
AVHL,PHBL
AVHL,PHBR
AVHL,PHCR
AVHL,PQR
AVHL,PVCR
AVHL,PVNL
AVHL,PVNR
AVHL,PVPL
AVHL,PVPR
AVHL,PVQR
AVHL,RIFR
AVHL,RIMR
AVHL,RIR
AVHL,SABD
AVHL,SMBDR
AVHL,SMBVR
AVHL,VD1
AVHL,VD12
AVHR,AVJL
AVHR,AVJR
AVHR,AVL
AVHR,AWBL
AVHR,DA8
AVHR,DD6
AVHR,DVA
AVHR,DVC
AVHR,HSNR
AVHR,PHAL
AVHR,PHAR
AVHR,PHBL
AVHR,PHBR
AVHR,PHCL
AVHR,PHCR
AVHR,PVNL
AVHR,PVNR
AVHR,PVPL
AVHR,PVPR
AVHR,PVQL
AVHR,PVQR
AVHR,PVT
AVHR,RIFL
AVHR,RIGL
AVHR,RIR
AVHR,SIAVL
AVHR,SMBDL
AVHR,SMBVL
AVHR,VA11
AVHR,VC4
AVHR,VD12
AVJL,AVJR
AVJL,BDUR
AVJL,FLPR
AVJL,HSNL
AVJL,HSNR
AVJL,LUAL
AVJL,LUAR
AVJL,PDB
AVJL,PQR
AVJL,PVCL
AVJL,PVCR
AVJL,PVNL
AVJL,PVNR
AVJL,PVPR
AVJL,PVR
AVJL,PVWL
AVJL,PVWR
AVJL,RIFR
AVJL,RIMR
AVJL,RIS
AVJL,RMGR
AVJL,SABD
AVJR,AVM
AVJR,BDUL
AVJR,FLPR
AVJR,LUAL
AVJR,LUAR
AVJR,PHBL
AVJR,PHCR
AVJR,PQR
AVJR,PVCL
AVJR,PVCR
AVJR,PVNL
AVJR,PVNR
AVJR,PVR
AVJR,PVT
AVJR,PVWR
AVJR,RID
AVJR,RIFL
AVJR,RIFR
AVJR,SABVL
AVJR,SMBVL
AVJR,URXL
AVJR,URYVL
AVJR,VA11
AVKL,AVKR
AVKL,AVL
AVKL,AVM
AVKL,DVA
AVKL,DVC
AVKL,PDEL
AVKL,PDER
AVKL,PVM
AVKL,PVPL
AVKL,PVPR
AVKL,PVR
AVKL,PVT
AVKL,RIGL
AVKL,RIGR
AVKL,RIML
AVKL,RIMR
AVKL,RIS
AVKL,RIVL
AVKL,RMDL
AVKL,RMFL
AVKL,RMFR
AVKL,SAADL
AVKL,SAADR
AVKL,SAAVL
AVKL,SIAVR
AVKL,SIBVR
AVKL,SMBDL
AVKL,SMBDR
AVKL,SMBVL
AVKL,SMBVR
AVKL,VB10
AVKR,AVL
AVKR,BDUL
AVKR,PDEL
AVKR,PVPL
AVKR,PVQL
AVKR,PVT
AVKR,RICL
AVKR,RICR
AVKR,RIGL
AVKR,RIGR
AVKR,RIML
AVKR,RIMR
AVKR,RIS
AVKR,RMDL
AVKR,RMDR
AVKR,RMFL
AVKR,RMFR
AVKR,RMGL
AVKR,RMHR
AVKR,SAADL
AVKR,SIADL
AVKR,SMBDL
AVKR,SMBDR
AVKR,SMBVR
AVKR,SMDDR
AVKR,SMDVR
AVL,DA9
AVL,DD1
AVL,DD6
AVL,DVB
AVL,DVC
AVL,HSNR
AVL,IL1VL
AVL,PDA
AVL,PVCR
AVL,PVNL
AVL,PVNR
AVL,PVPL
AVL,PVPR
AVL,PVQR
AVL,PVT
AVL,PVWL
AVL,PVWR
AVL,RIMR
AVL,RIS
AVL,SABD
AVL,SABVL
AVL,SABVR
AVL,URYVR
AVL,VC1
AVL,VC2
AVL,VC3
AVL,VC6
AVL,VD11
AVL,VD12
AVL,VD13
AVM,BDUL
AVM,BDUR
AVM,DA1
AVM,PVCL
AVM,PVCR
AVM,PVM
AVM,PVNL
AVM,PVNR
AVM,PVR
AVM,RID
AVM,SIBVL
AVM,VA2
AVM,VB3
AWAL,AWAR
AWAL,AWBL
AWAL,PVQL
AWAR,AWBR
AWAR,HSNL
AWAR,PVQR
AWAR,RIFR
AWAR,RIGR
AWAR,RIR
AWBL,AWBR
AWBL,AWCL
AWBL,HSNL
AWBL,HSNR
AWBL,RIAL
AWBL,RIGL
AWBL,RMGL
AWBL,SMBDL
AWBL,SMBVL
AWBR,HSNL
AWBR,HSNR
AWBR,OLQVR
AWBR,RIAR
AWBR,RICL
AWBR,RIFR
AWBR,RIR
AWBR,RMGR
AWBR,URXR
AWBR,URYVR
AWCL,AWCR
AWCL,RIAL
AWCL,SMDVL
AWCL,URYDR
AWCR,IL2L
AWCR,RIAL
AWCR,RIVL
BAGL,BAGR
BAGL,CEPVR
BAGL,RIAR
BAGL,RIBR
BAGL,RID
BAGL,RIGL
BAGL,RIGR
BAGL,RIH
BAGL,RIPR
BAGL,RIR
BAGL,RIVR
BAGL,RMFL
BAGL,URAVR
BAGL,URXR
BAGR,IL2VL
BAGR,OLQVL
BAGR,RIAL
BAGR,RIBL
BAGR,RIBR
BAGR,RIGL
BAGR,RIH
BAGR,RIR
BAGR,SMDVL
BAGR,URXL
BDUL,HSNL
BDUL,PVNL
BDUL,PVNR
BDUL,RIFL
BDUL,RMGL
BDUL,SAADL
BDUL,URADL
BDUR,CEPDR
BDUR,CEPVR
BDUR,HSNR
BDUR,PVCL
BDUR,PVNL
BDUR,PVNR
BDUR,PVR
BDUR,SDQL
BDUR,URADR
CEPDL,CEPDR
CEPDL,IL1DL
CEPDL,IL2DL
CEPDL,OLLL
CEPDL,OLQDL
CEPDL,PVNR
CEPDL,RIAL
CEPDL,RIBL
CEPDL,RICL
CEPDL,RICR
CEPDL,RIH
CEPDL,RIPL
CEPDL,RIS
CEPDL,RMDVL
CEPDL,RMGL
CEPDL,RMHL
CEPDL,RMHR
CEPDL,SIADR
CEPDL,SIBDL
CEPDL,SIBVR
CEPDL,SMBDR
CEPDL,URADL
CEPDL,URBL
CEPDL,URXL
CEPDL,URYDL
CEPDR,CEPDR
CEPDR,CEPVR
CEPDR,IL1DR
CEPDR,IL1R
CEPDR,IL2DR
CEPDR,OLLR
CEPDR,OLQDR
CEPDR,RICL
CEPDR,RICR
CEPDR,RIFR
CEPDR,RIH
CEPDR,RMDR
CEPDR,RMDVR
CEPDR,RMGR
CEPDR,RMHL
CEPDR,RMHR
CEPDR,SIBDR
CEPDR,SMBDL
CEPDR,URADR
CEPDR,URBR
CEPDR,URXR
CEPDR,URYDR
CEPVL,IL1VL
CEPVL,OLLL
CEPVL,OLQVL
CEPVL,PVR
CEPVL,RIAL
CEPVL,RIAR
CEPVL,RIBL
CEPVL,RICL
CEPVL,RICR
CEPVL,RIH
CEPVL,RIPL
CEPVL,RIS
CEPVL,RMDDL
CEPVL,RMDL
CEPVL,RMDVR
CEPVL,RMGL
CEPVL,RMHL
CEPVL,RMHR
CEPVL,SIAVL
CEPVL,SMBVL
CEPVL,SMDVR
CEPVL,URAVL
CEPVL,URXL
CEPVL,URYVL
CEPVR,IL1VR
CEPVR,IL2VR
CEPVR,OLLR
CEPVR,OLQVR
CEPVR,PVR
CEPVR,RIAL
CEPVR,RIAR
CEPVR,RICL
CEPVR,RICR
CEPVR,RIFR
CEPVR,RIH
CEPVR,RIPR
CEPVR,RIS
CEPVR,RIVL
CEPVR,RMDDR
CEPVR,RMHR
CEPVR,SIAVR
CEPVR,SMBVR
CEPVR,SMDDR
CEPVR,SMDVL
CEPVR,URAVR
CEPVR,URBR
CEPVR,URYVR
DA1,DA2
DA1,DB1
DA1,DD1
DA1,FLPR
DA1,VD2
DA2,DA3
DA2,DA5
DA2,DB1
DA2,DB2
DA2,DD1
DA2,DVA
DA2,FLPR
DA2,PVCR
DA2,RID
DA2,VA1
DA2,VA6
DA2,VD2
DA2,VD3
DA3,DA4
DA3,DA5
DA3,DB2
DA3,DB3
DA3,DD2
DA3,FLPR
DA3,VA2
DA3,VA6
DA3,VD3
DA3,VD4
DA4,DA5
DA4,DB2
DA4,DB3
DA4,DD2
DA4,PVCL
DA4,PVCR
DA4,VA3
DA4,VD4
DA4,VD5
DA5,DA6
DA5,DB3
DA5,DB4
DA5,DD3
DA5,HSNR
DA5,PVCL
DA5,PVCR
DA5,PVR
DA5,VD5
DA5,VD6
DA6,DA7
DA6,DB5
DA6,DD3
DA6,HSNR
DA6,RID
DA6,VD4
DA6,VD5
DA6,VD6
DA6,VD7
DA7,DA8
DA7,DB5
DA7,DB6
DA7,DD4
DA7,PVCL
DA7,PVCR
DA7,PVQR
DA7,VD11
DA7,VD7
DA7,VD8
DA7,VD9
DA8,DA9
DA8,DB5
DA8,DB6
DA8,DB7
DA8,DD4
DA8,DD5
DA8,DD6
DA8,DVB
DA8,PDA
DA8,PHAL
DA8,PHAR
DA8,PHBL
DA8,PHCL
DA8,PQR
DA8,PVCL
DA8,PVCR
DA8,PVQL
DA8,PVWL
DA8,VA10
DA8,VA12
DA8,VD10
DA8,VD11
DA8,VD12
DA8,VD13
DA8,VD8
DA8,VD9
DA9,DB6
DA9,DB7
DA9,DD6
DA9,DVA
DA9,PDA
DA9,PHCL
DA9,PHCR
DA9,PVCR
DA9,PVR
DA9,VA10
DA9,VA11
DA9,VA12
DA9,VB11
DA9,VD10
DA9,VD11
DA9,VD12
DA9,VD13
DA9,VD9
DB1,DB2
DB1,DD1
DB1,DVA
DB1,FLPR
DB1,RID
DB1,VB3
DB1,VD2
DB1,VD3
DB2,DB3
DB2,DD1
DB2,DD2
DB2,DVA
DB2,PVCL
DB2,PVCR
DB2,PVR
DB2,VB4
DB2,VD3
DB2,VD4
DB3,DB4
DB3,DD2
DB3,DD3
DB3,DD5
DB3,DVA
DB3,PVCL
DB3,PVCR
DB3,PVM
DB3,PVNR
DB3,PVR
DB3,RID
DB3,VB6
DB3,VD4
DB3,VD5
DB3,VD6
DB4,DB5
DB4,DD3
DB4,DD4
DB4,DD5
DB4,DD6
DB4,DVA
DB4,PVCL
DB4,PVCR
DB4,PVR
DB4,VC2
DB4,VD6
DB5,DB6
DB5,VD4
DB5,VD5
DB5,VD6
DB5,VD7
DB6,DB7
DB6,DVA
DB6,VD7
DB6,VD8
DB6,VD9
DB7,DVA
DB7,PDB
DB7,PQR
DB7,PVCL
DB7,PVCR
DB7,PVR
DB7,VA10
DB7,VA12
DB7,VD10
DB7,VD11
DB7,VD12
DB7,VD13
DB7,VD8
DB7,VD9
DD1,DD2
DD1,FLPL
DD1,PVNL
DD1,PVQR
DD1,RID
DD1,RIFR
DD1,SAAVL
DD1,SABVR
DD1,VA1
DD1,VA2
DD1,VA3
DD1,VB1
DD1,VB2
DD1,VC1
DD1,VC2
DD1,VC3
DD1,VD1
DD1,VD2
DD1,VD3
DD2,DD3
DD2,PVNR
DD2,PVPR
DD2,RID
DD2,VA3
DD2,VA4
DD2,VA5
DD2,VB2
DD2,VB3
DD2,VB4
DD2,VC1
DD2,VC2
DD2,VC3
DD2,VD3
DD2,VD4
DD2,VD5
DD3,DD4
DD3,VA5
DD3,VA6
DD3,VA7
DD3,VB4
DD3,VB5
DD4,DD5
DD4,VA7
DD4,VA8
DD4,VA9
DD4,VB6
DD5,DD6
DD5,DVB
DD5,PVDL
DD5,VA10
DD5,VA8
DD5,VA9
DD5,VB7
DD5,VB8
DD5,VB9
DD6,DVB
DD6,DVC
DD6,PDA
DD6,PDB
DD6,PVNL
DD6,PVPL
DD6,PVPR
DD6,PVQL
DD6,PVQR
DD6,PVT
DD6,VA10
DD6,VA11
DD6,VA12
DD6,VA9
DD6,VB10
DD6,VB11
DD6,VB8
DD6,VB9
DD6,VC6
DD6,VD11
DD6,VD12
DD6,VD13
DVA,DVC
DVA,FLPL
DVA,FLPR
DVA,PDA
DVA,PDEL
DVA,PDER
DVA,PHAL
DVA,PHAR
DVA,PHCL
DVA,PHCR
DVA,PVCL
DVA,PVCR
DVA,PVDR
DVA,PVM
DVA,PVPL
DVA,PVPR
DVA,PVR
DVA,PVT
DVA,RIAL
DVA,RIAR
DVA,RIGL
DVA,RIGR
DVA,RIMR
DVA,RIR
DVA,SAADR
DVA,SAAVL
DVA,SAAVR
DVA,SABD
DVA,SDQL
DVA,SDQR
DVA,SIADR
DVA,SIAVR
DVA,SMBDL
DVA,SMBDR
DVA,SMBVL
DVA,SMBVR
DVA,SMDVL
DVA,URXL
DVA,URYDL
DVA,VA11
DVA,VA12
DVA,VA2
DVA,VA6
DVA,VA8
DVA,VB1
DVA,VB11
DVA,VB4
DVB,DVB
DVB,DVC
DVB,PDA
DVB,PHCL
DVB,PVPL
DVB,PVPR
DVB,PVT
DVB,VD11
DVB,VD13
DVC,IL2VL
DVC,PVDR
DVC,PVNR
DVC,PVPL
DVC,PVPR
DVC,PVQR
DVC,PVT
DVC,RIBL
DVC,RIBR
DVC,RIGL
DVC,RIGR
DVC,RIVR
DVC,RMFL
DVC,RMFR
DVC,URAVL
DVC,VC1
DVC,VC2
DVC,VC5
DVC,VC6
DVC,VD1
DVC,VD11
DVC,VD13
DVC,VD9
FLPL,FLPR
FLPL,PVCR
FLPL,RID
FLPL,RIH
FLPL,RIS
FLPL,SDQL
FLPL,SIADR
FLPL,VA1
FLPR,PVCL
FLPR,VB1
HSNL,HSNL
HSNL,HSNR
HSNL,PVPL
HSNL,PVQL
HSNL,RIFL
HSNL,RIFR
HSNL,RIML
HSNL,RIR
HSNL,RMGR
HSNR,PVNR
HSNR,PVPR
HSNR,PVQL
HSNR,PVQR
HSNR,PVT
HSNR,RIFR
HSNR,RIML
HSNR,RIMR
HSNR,RMDDR
HSNR,RMGR
HSNR,SABD
HSNR,SABVR
HSNR,URXL
HSNR,VA6
HSNR,VC2
HSNR,VC3
HSNR,VC5
I1L,I2L
I1L,I3
I1L,I5
I1L,I6
I1L,M2L
I1L,M3L
I1L,M3R
I1L,MCL
I1L,MCR
I1L,MI
I1L,NSML
I1L,RIPL
I1R,I2R
I1R,I3
I1R,I5
I1R,I6
I1R,M1
I1R,M2L
I1R,M2R
I1R,M3L
I1R,M3R
I1R,MCL
I1R,MCR
I1R,MI
I1R,NSML
I1R,NSMR
I1R,RIPR
I2L,I2R
I2L,I4
I2L,I5
I2L,I6
I2L,M1
I2L,M2L
I2L,NSML
I2L,NSMR
I2R,I4
I2R,I5
I2R,I6
I2R,M1
I2R,M2R
I2R,M3R
I2R,M4
I2R,MCL
I2R,MCR
I2R,NSML
I2R,NSMR
I3,I5
I3,I6
I3,M1
I3,M2L
I3,M3L
I3,M3R
I3,M4
I3,MCL
I3,MCR
I3,MI
I3,NSMR
I4,I5
I4,M1
I4,M2L
I4,M2R
I4,M3L
I4,M3R
I4,M4
I4,MI
I4,NSML
I4,NSMR
I5,M1
I5,M2L
I5,M2R
I5,M3L
I5,M3R
I5,M4
I5,M5
I5,MI
I5,NSML
I5,NSMR
I6,M3L
I6,M4
I6,NSML
I6,NSMR
IL1DL,IL1DR
IL1DL,IL1L
IL1DL,IL2DL
IL1DL,RIPL
IL1DL,RMDDR
IL1DL,RMDVL
IL1DL,RMEL
IL1DL,RMEV
IL1DL,SAAVR
IL1DL,SIBDL
IL1DL,URADL
IL1DL,URXL
IL1DL,URYDL
IL1DR,IL1DR
IL1DR,IL1R
IL1DR,IL2DR
IL1DR,OLLR
IL1DR,OLQDR
IL1DR,PVR
IL1DR,RIPR
IL1DR,RMDDL
IL1DR,RMDVR
IL1DR,RMEV
IL1DR,URADR
IL1DR,URBR
IL1DR,URYDR
IL1L,IL1VL
IL1L,IL2L
IL1L,OLLL
IL1L,RIPL
IL1L,RMDDL
IL1L,RMDL
IL1L,RMDR
IL1L,RMDVL
IL1L,RMDVR
IL1L,RMER
IL1L,RMGL
IL1L,URAVL
IL1L,URBL
IL1R,IL1VR
IL1R,IL2R
IL1R,OLLR
IL1R,RIAR
IL1R,RMDDL
IL1R,RMDDR
IL1R,RMDL
IL1R,RMDR
IL1R,RMDVL
IL1R,RMDVR
IL1R,RMEL
IL1R,RMHL
IL1R,URAVR
IL1R,URBR
IL1R,URXR
IL1VL,IL1VL
IL1VL,IL1VR
IL1VL,IL2VL
IL1VL,OLLL
IL1VL,OLQVL
IL1VL,PVR
IL1VL,RIPL
IL1VL,RMDDL
IL1VL,RMDVR
IL1VL,RMED
IL1VL,RMHL
IL1VL,URAVL
IL1VL,URYVL
IL1VR,IL2VR
IL1VR,OLLR
IL1VR,OLQVR
IL1VR,PVR
IL1VR,RIPR
IL1VR,RMDDR
IL1VR,RMDVL
IL1VR,SIADR
IL1VR,URAVR
IL1VR,URYVR
IL2DL,IL2DL
IL2DL,OLQDL
IL2DL,RIBL
IL2DL,RIH
IL2DL,RIPL
IL2DL,RMED
IL2DL,RMEL
IL2DL,RMER
IL2DL,RMEV
IL2DL,RMHL
IL2DL,URADL
IL2DR,OLQDR
IL2DR,RICL
IL2DR,RICR
IL2DR,RIPL
IL2DR,RIPR
IL2DR,RMED
IL2DR,RMEL
IL2DR,RMER
IL2DR,RMEV
IL2DR,RMGR
IL2DR,URADR
IL2L,IL2VL
IL2L,OLLL
IL2L,OLQDL
IL2L,OLQVL
IL2L,RICL
IL2L,RIH
IL2L,RMDL
IL2L,RMDR
IL2L,RMER
IL2L,RMEV
IL2L,RMGL
IL2L,SIAVL
IL2L,SMDVL
IL2L,URAVL
IL2L,URBL
IL2L,URXL
IL2R,OLLR
IL2R,OLQDR
IL2R,OLQVR
IL2R,RIH
IL2R,RMDL
IL2R,RMEL
IL2R,RMEV
IL2R,RMGR
IL2R,URADR
IL2R,URAVR
IL2R,URBR
IL2R,URXR
IL2VL,OLQVL
IL2VL,RIAL
IL2VL,RIH
IL2VL,RIPL
IL2VL,RMEL
IL2VL,RMER
IL2VL,RMEV
IL2VL,URAVL
IL2VR,OLQVR
IL2VR,RIAR
IL2VR,RIH
IL2VR,RIPR
IL2VR,RMDVL
IL2VR,RMED
IL2VR,RMEL
IL2VR,RMER
IL2VR,RMEV
IL2VR,SIADR
IL2VR,URAVR
IL2VR,URXR
LUAL,PHBL
LUAL,PHCL
LUAL,PLML
LUAL,PVNL
LUAL,PVQL
LUAL,PVR
LUAL,PVWL
LUAL,VA12
LUAR,PDB
LUAR,PHCR
LUAR,PLMR
LUAR,PQR
LUAR,PVCR
LUAR,PVNL
LUAR,PVNR
LUAR,PVR
LUAR,PVT
LUAR,PVWL
LUAR,PVWR
M1,MI
M1,NSML
M2L,M3L
M2L,M3R
M2L,M4
M2L,MCL
M2L,MI
M2R,M3L
M2R,M3R
M2R,MCR
M2R,MI
M2R,NSMR
M3L,M4
M3L,MI
M3L,NSML
M3L,NSMR
M3R,M4
M3R,NSML
M3R,NSMR
M4,M4
M4,M5
M4,MCL
M4,NSML
M5,M5
MCL,MI
MI,NSML
MI,NSMR
NSML,NSMR
OLLL,OLLL
OLLL,OLLR
OLLL,RIBL
OLLL,RIGL
OLLL,RMDDL
OLLL,RMDL
OLLL,RMDVL
OLLL,RMEL
OLLL,SAADR
OLLL,SMDDL
OLLL,SMDDR
OLLL,SMDVR
OLLL,URBL
OLLL,URYDL
OLLL,URYVL
OLLR,OLLR
OLLR,OLQDR
OLLR,RIBR
OLLR,RIGR
OLLR,RIS
OLLR,RMDDR
OLLR,RMDL
OLLR,RMDR
OLLR,RMDVR
OLLR,RMED
OLLR,RMEL
OLLR,RMER
OLLR,RMGR
OLLR,SAADL
OLLR,SAAVL
OLLR,SMDDL
OLLR,SMDDR
OLLR,SMDVL
OLLR,SMDVR
OLLR,URBR
OLLR,URYVL
OLQDL,RIBL
OLQDL,RICR
OLQDL,RIGL
OLQDL,RIH
OLQDL,RMDDL
OLQDL,RMDDR
OLQDL,RMDVL
OLQDL,RMED
OLQDL,RMEL
OLQDL,RMHL
OLQDL,SIBDL
OLQDL,URBL
OLQDL,URYDL
OLQDR,RIBR
OLQDR,RICL
OLQDR,RICR
OLQDR,RIGR
OLQDR,RIH
OLQDR,RIPL
OLQDR,RIPR
OLQDR,RMDDL
OLQDR,RMDVR
OLQDR,RMER
OLQDR,RMHR
OLQDR,SIBDR
OLQDR,URBR
OLQDR,URYDR
OLQVL,RIBL
OLQVL,RICL
OLQVL,RIGL
OLQVL,RIH
OLQVL,RIPL
OLQVL,RMDDL
OLQVL,RMDVR
OLQVL,RMHL
OLQVL,SIBVL
OLQVL,URXL
OLQVL,URYVL
OLQVR,RIAR
OLQVR,RIBR
OLQVR,RICR
OLQVR,RIGR
OLQVR,RIH
OLQVR,RIPR
OLQVR,RMDVL
OLQVR,RMER
OLQVR,RMHR
OLQVR,SIBVR
OLQVR,URBR
OLQVR,URXR
PDA,PDB
PDA,PVCR
PDA,PVNR
PDA,VD11
PDA,VD12
PDA,VD13
PDB,PVPL
PDB,PVR
PDB,VD12
PDB,VD13
PDEL,PDER
PDEL,PLML
PDEL,PLMR
PDEL,PVCR
PDEL,PVM
PDEL,PVR
PDEL,VB10
PDEL,VB11
PDEL,VD6
PDER,PLML
PDER,PLMR
PDER,PVCL
PDER,PVCR
PDER,PVDR
PDER,PVM
PDER,PVR
PDER,VB10
PDER,VB9
PDER,VD9
PHAL,PHAR
PHAL,PHBL
PHAL,PHBR
PHAL,PHCL
PHAL,PLNL
PHAL,PVPR
PHAL,PVQL
PHAR,PHBL
PHAR,PHBR
PHAR,PHCR
PHAR,PLNR
PHAR,PVCR
PHAR,PVPL
PHAR,PVQL
PHAR,PVQR
PHAR,PVR
PHAR,PVT
PHBL,PHBR
PHBL,PLNL
PHBL,PQR
PHBL,PVCL
PHBL,PVNL
PHBL,PVQL
PHBL,VA12
PHBR,PHCR
PHBR,PLNR
PHBR,PVCL
PHBR,PVCR
PHBR,PVPL
PHBR,PVQR
PHBR,PVR
PHBR,PVT
PHBR,PVWR
PHBR,VA12
PHCL,PHCR
PHCL,PLML
PHCL,PLNL
PHCL,PVCL
PHCL,PVQR
PHCL,VA12
PHCR,PVCR
PHCR,PVQR
PHCR,VA12
PLML,PLNL
PLML,PVCL
PLMR,PLNR
PLMR,PVCR
PLMR,PVR
PLNL,PVWL
PLNL,RMDVL
PLNL,SAADR
PLNL,SAAVL
PLNL,SIBVR
PLNL,SMBVR
PLNL,VA2
PLNR,SAADL
PLNR,SMBVL
PQR,PVCL
PQR,PVCR
PQR,PVNL
PQR,PVNR
PQR,PVPL
PQR,PVPR
PQR,PVWL
PVCL,PVCL
PVCL,PVCR
PVCL,PVDL
PVCL,PVDR
PVCL,PVM
PVCL,PVNL
PVCL,PVPL
PVCL,PVPR
PVCL,PVQR
PVCL,PVR
PVCL,PVWL
PVCL,RID
PVCL,RIFR
PVCL,RIS
PVCL,SDQL
PVCL,SIBVL
PVCL,SMBVR
PVCL,VA11
PVCL,VA12
PVCL,VB10
PVCL,VB11
PVCL,VB4
PVCL,VB6
PVCL,VC2
PVCL,VD13
PVCR,PVDL
PVCR,PVDR
PVCR,PVM
PVCR,PVNR
PVCR,PVPL
PVCR,PVPR
PVCR,PVR
PVCR,PVT
PVCR,PVWL
PVCR,PVWR
PVCR,RID
PVCR,RIFR
PVCR,SIBVL
PVCR,SIBVR
PVCR,VA11
PVCR,VA12
PVCR,VB10
PVCR,VB11
PVCR,VB3
PVCR,VB4
PVCR,VB6
PVCR,VD12
PVCR,VD13
PVDL,PVDR
PVDL,PVNL
PVDL,PVPL
PVDL,VA10
PVDL,VD10
PVDR,PVNR
PVDR,VA12
PVDR,VA9
PVDR,VB5
PVDR,VB6
PVDR,VD9
PVM,PVM
PVM,PVR
PVM,VD9
PVNL,PVNR
PVNL,PVPL
PVNL,PVPR
PVNL,PVT
PVNL,PVWL
PVNL,PVWR
PVNL,VA12
PVNL,VD12
PVNR,PVNR
PVNR,PVPR
PVNR,PVR
PVNR,PVT
PVNR,PVWL
PVNR,PVWR
PVNR,URBL
PVNR,URXL
PVNR,VA11
PVNR,VA6
PVNR,VB6
PVNR,VC2
PVNR,VC3
PVNR,VC6
PVNR,VD13
PVNR,VD3
PVNR,VD4
PVNR,VD6
PVNR,VD7
PVPL,PVPL
PVPL,PVPR
PVPL,PVQL
PVPL,PVT
PVPL,RIFL
PVPL,RIGL
PVPL,RIR
PVPL,RMGL
PVPL,SIBDL
PVPL,SMBVL
PVPL,VA11
PVPL,VA12
PVPL,VD11
PVPL,VD13
PVPR,PVQR
PVPR,PVT
PVPR,PVWL
PVPR,RIAR
PVPR,RIFR
PVPR,RIGR
PVPR,RIR
PVPR,RMGR
PVPR,URXR
PVPR,VC1
PVPR,VC2
PVPR,VC3
PVPR,VC6
PVPR,VD12
PVQL,PVQR
PVQL,RMGL
PVQR,PVT
PVQR,PVWR
PVQR,RIFR
PVQR,RMGR
PVQR,VC2
PVQR,VC3
PVQR,VD1
PVR,PVR
PVR,PVWR
PVR,RIPL
PVR,RIPR
PVR,SABD
PVR,SDQR
PVR,SMBVR
PVR,SMDVL
PVR,URADL
PVR,URBL
PVR,VB3
PVR,VD13
PVT,PVWL
PVT,PVWR
PVT,RIGL
PVT,RIGR
PVT,RIH
PVT,RIS
PVT,RMEV
PVT,RMFL
PVT,RMFR
PVT,URAVL
PVT,URAVR
PVT,VB10
PVT,VC1
PVT,VC2
PVT,VC3
PVT,VC5
PVT,VC6
PVT,VD11
PVT,VD12
PVT,VD13
PVWL,PVWR
PVWL,VB11
PVWL,VD12
PVWL,VD13
PVWR,VA12
PVWR,VB11
PVWR,VD13
RIAL,RIAR
RIAL,RIBL
RIAL,RIH
RIAL,RIML
RIAL,RIMR
RIAL,RIR
RIAL,RIVL
RIAL,RIVR
RIAL,RMDDL
RIAL,RMDDR
RIAL,RMDL
RIAL,RMDR
RIAL,RMDVL
RIAL,RMDVR
RIAL,SAADL
RIAL,SIADL
RIAL,SIAVR
RIAL,SMBDR
RIAL,SMDDL
RIAL,SMDDR
RIAL,SMDVL
RIAL,SMDVR
RIAL,URXL
RIAL,URYVL
RIAR,RIAR
RIAR,RIBR
RIAR,RIFR
RIAR,RIGR
RIAR,RIH
RIAR,RIR
RIAR,RIVL
RIAR,RIVR
RIAR,RMDDL
RIAR,RMDDR
RIAR,RMDL
RIAR,RMDR
RIAR,RMDVL
RIAR,RMDVR
RIAR,SAADR
RIAR,SAAVR
RIAR,SIADR
RIAR,SIAVL
RIAR,SIAVR
RIAR,SMBDR
RIAR,SMBVR
RIAR,SMDDL
RIAR,SMDDR
RIAR,SMDVL
RIAR,SMDVR
RIAR,URXR
RIAR,URYVR
RIBL,RIBL
RIBL,RIBR
RIBL,RIGL
RIBL,RIH
RIBL,RIML
RIBL,RIS
RIBL,RMDR
RIBL,RMED
RIBL,RMEV
RIBL,SIADL
RIBL,SIAVL
RIBL,SIBDL
RIBL,SIBVL
RIBL,SIBVR
RIBL,SMDDL
RIBL,SMDDR
RIBL,SMDVR
RIBL,URAVL
RIBL,URYDL
RIBL,URYVL
RIBR,RIBR
RIBR,RIGR
RIBR,RIH
RIBR,RIMR
RIBR,RIS
RIBR,RMDL
RIBR,RMDVR
RIBR,RMED
RIBR,RMEV
RIBR,RMFL
RIBR,SIADR
RIBR,SIAVR
RIBR,SIBDR
RIBR,SIBVR
RIBR,SMBDR
RIBR,SMDDL
RIBR,SMDDR
RIBR,SMDVL
RIBR,SMDVR
RIBR,URYDR
RIBR,URYVL
RIBR,URYVR
RICL,RICR
RICL,RIML
RICL,RIMR
RICL,RIVR
RICL,RMFR
RICL,RMHL
RICL,SAAVL
RICL,SIBVR
RICL,SMBDL
RICL,SMBDR
RICL,SMDDL
RICL,SMDDR
RICL,SMDVR
RICL,URBL
RICL,URBR
RICL,URXL
RICR,RIML
RICR,RIMR
RICR,RIVL
RICR,RMFL
RICR,RMGL
RICR,RMHL
RICR,RMHR
RICR,SDQL
RICR,SDQR
RICR,SMBDR
RICR,SMDDL
RICR,SMDDR
RICR,SMDVL
RICR,SMDVR
RICR,URBL
RICR,URBR
RICR,URXR
RICR,VB1
RID,RID
RID,RMED
RID,RMGL
RID,RMHL
RID,URYVL
RID,VD5
RIFL,RIFR
RIFL,RIML
RIFL,RMGL
RIFR,RIMR
RIFR,RIPR
RIFR,RMGR
RIFR,URXR
RIGL,RIGR
RIGL,RIH
RIGL,RIR
RIGL,RMEL
RIGL,RMFL
RIGL,RMGL
RIGL,RMHR
RIGL,SAADL
RIGL,URXL
RIGL,URYDL
RIGL,URYVL
RIGL,VD1
RIGR,RIR
RIGR,RMFL
RIGR,RMGR
RIGR,RMHL
RIGR,SABVL
RIGR,URXR
RIGR,URYDR
RIGR,URYVR
RIGR,VD1
RIH,RIPL
RIH,RIPR
RIH,RMER
RIH,RMEV
RIH,RMFR
RIH,SMBDL
RIH,URADL
RIH,URAVR
RIH,URYVL
RIH,URYVR
RIML,RIML
RIML,RIMR
RIML,RIS
RIML,RMDL
RIML,RMDR
RIML,RMFL
RIML,RMFR
RIML,SAADL
RIML,SAADR
RIML,SAAVL
RIML,SAAVR
RIML,SIADL
RIML,SMDDL
RIML,SMDDR
RIML,SMDVL
RIML,SMDVR
RIML,VB1
RIMR,RIS
RIMR,RMDL
RIMR,RMDR
RIMR,RMFL
RIMR,RMFR
RIMR,SAADL
RIMR,SAADR
RIMR,SAAVL
RIMR,SAAVR
RIMR,SIADR
RIMR,SMDDL
RIMR,SMDDR
RIMR,SMDVL
RIMR,SMDVR
RIMR,VB1
RIPL,RIPL
RIPL,RIPR
RIPL,RMED
RIPL,SAAVR
RIPL,URADL
RIPL,URAVL
RIPR,RMED
RIPR,RMEL
RIPR,SDQL
RIPR,URADR
RIPR,URAVR
RIPR,URXR
RIR,RMGL
RIR,RMGR
RIR,URXL
RIR,URXR
RIS,RIS
RIS,RMDDL
RIS,RMDDR
RIS,RMDL
RIS,RMDR
RIS,RMEV
RIS,RMFL
RIS,SDQL
RIS,SMDDL
RIS,SMDDR
RIS,SMDVL
RIS,SMDVR
RIS,URYDR
RIS,URYVL
RIS,URYVR
RIVL,RIVR
RIVL,RMDL
RIVL,RMDVL
RIVL,SAADR
RIVL,SDQR
RIVL,SIAVR
RIVL,SIBVR
RIVL,SMBDR
RIVL,SMDDR
RIVL,SMDVL
RIVR,RMDDL
RIVR,RMDR
RIVR,RMDVR
RIVR,RMGL
RIVR,RMHR
RIVR,SAADL
RIVR,SDQR
RIVR,SIAVL
RIVR,SIBVL
RIVR,SMBDL
RIVR,SMDDL
RIVR,SMDVR
RMDDL,RMDDR
RMDDL,RMDL
RMDDL,RMDR
RMDDL,RMDVL
RMDDL,RMDVR
RMDDL,RMEV
RMDDL,RMGR
RMDDL,RMHL
RMDDL,SIBDR
RMDDL,SIBVL
RMDDL,SMDDL
RMDDL,SMDVR
RMDDL,URAVL
RMDDL,URXR
RMDDL,URYDR
RMDDL,URYVL
RMDDR,RMDL
RMDDR,RMDVL
RMDDR,RMDVR
RMDDR,RMEV
RMDDR,RMGL
RMDDR,SAADR
RMDDR,SIADL
RMDDR,SMDDR
RMDDR,SMDVL
RMDDR,URAVR
RMDDR,URBL
RMDDR,URYDL
RMDDR,URYVR
RMDL,RMDR
RMDL,RMDVL
RMDL,RMDVR
RMDL,RMER
RMDL,RMFR
RMDL,RMGL
RMDL,RMGR
RMDL,RMHL
RMDL,RMHR
RMDL,SIADL
RMDL,SIAVR
RMDL,SIBDR
RMDL,SIBVL
RMDL,SMBVR
RMDL,SMDDL
RMDL,SMDDR
RMDL,URBR
RMDL,URXR
RMDL,URYVR
RMDR,RMDVL
RMDR,RMDVR
RMDR,RMFL
RMDR,RMFR
RMDR,RMGL
RMDR,RMGR
RMDR,RMHL
RMDR,RMHR
RMDR,SIAVL
RMDR,SMBVR
RMDR,SMDDL
RMDR,SMDDR
RMDR,URBR
RMDR,URXR
RMDVL,RMDVR
RMDVL,RMGL
RMDVL,SAAVL
RMDVL,SIAVR
RMDVL,SIBVR
RMDVL,URAVR
RMDVL,URYDL
RMDVL,URYVR
RMDVR,RMDVR
RMDVR,RMGR
RMDVR,SAADL
RMDVR,SAAVR
RMDVR,SIAVL
RMDVR,SIBDR
RMDVR,SIBVL
RMDVR,SMBDR
RMDVR,SMBVL
RMDVR,SMDVR
RMDVR,URAVL
RMDVR,URYDR
RMDVR,URYVL
RMED,RMED
RMED,RMEV
RMED,SMBDL
RMED,SMBDR
RMED,SMDDL
RMED,SMDDR
RMED,SMDVR
RMED,URYDR
RMEL,RMEV
RMEL,URADL
RMEL,URAVL
RMEL,URAVR
RMER,RMER
RMER,RMEV
RMER,RMHR
RMER,URADR
RMER,URAVL
RMER,URAVR
RMEV,SAAVR
RMEV,SMBVL
RMEV,SMBVR
RMEV,SMDDL
RMEV,SMDDR
RMEV,SMDVL
RMEV,URAVL
RMEV,URAVR
RMFL,RMHL
RMFL,SAADR
RMFL,SAAVR
RMFL,SDQL
RMFL,SMDVL
RMFL,VB1
RMFR,SAADL
RMFR,SAADR
RMFR,SAAVL
RMGL,RMHL
RMGL,RMHR
RMGL,SAADL
RMGL,SAADR
RMGL,SIADL
RMGL,SIADR
RMGL,SIAVL
RMGL,SIBDL
RMGL,SIBVR
RMGL,SMBVL
RMGL,SMDDL
RMGL,SMDDR
RMGL,URXL
RMGR,RMHL
RMGR,RMHR
RMGR,SAADL
RMGR,SIADL
RMGR,SIAVR
RMGR,SIBVL
RMGR,SMBVR
RMGR,URBR
RMGR,URXR
RMHL,RMHR
RMHL,SAAVL
RMHL,SDQR
RMHL,SIBDR
RMHL,SIBVR
RMHL,SMDDL
RMHR,SDQR
RMHR,SIBVR
RMHR,SMDDL
RMHR,URBL
SAADL,SABD
SAADL,SDQR
SAADL,SIBDL
SAADL,SIBDR
SAADL,SIBVL
SAADL,SMBDL
SAADL,SMBVL
SAADL,VB1
SAADR,SAAVL
SAADR,SABD
SAADR,SDQL
SAADR,SMBDR
SAADR,SMBVR
SAADR,SMDVL
SAAVL,SAAVR
SAAVL,SABD
SAAVL,SABVR
SAAVL,SMBDR
SAAVL,SMBVR
SAAVL,SMDDR
SAAVL,SMDVL
SAAVL,VA1
SAAVL,VA2
SAAVL,VA3
SAAVL,VA4
SAAVL,VB2
SAAVL,VD1
SAAVL,VD2
SAAVL,VD5
SAAVR,SAAVR
SAAVR,SABVL
SAAVR,SMBDL
SAAVR,SMBVL
SAAVR,SMDDL
SABD,VA2
SABD,VA3
SDQL,SDQR
SDQL,SIADR
SDQL,SIBVL
SDQR,SIAVR
SDQR,SIBDL
SDQR,SIBDR
SIADL,SIBVR
SIADL,SMBDL
SIADL,URBR
SIADL,URXR
SIADR,SMBDR
SIADR,SMDDR
SIADR,SMDVL
SIADR,URBL
SIAVL,SIBDL
SIAVL,SIBVL
SIAVL,SMBDL
SIAVL,URBL
SIAVR,SIBVR
SIAVR,SMBDR
SIAVR,URBR
SIAVR,URXR
SIBDL,SIBVL
SIBDL,SMBVL
SIBDR,SIBVL
SIBDR,SIBVR
SIBDR,SMBDL
SIBDR,URBR
SIBVL,SIBVR
SIBVL,SMBDL
SIBVL,SMBVL
SIBVL,SMDDL
SIBVL,SMDVL
SIBVL,URBL
SIBVL,URYVL
SIBVL,URYVR
SIBVR,SMBDL
SIBVR,SMDDR
SIBVR,URBR
SIBVR,URYVL
SIBVR,URYVR
SMBDL,SMBDR
SMBDL,SMBVL
SMBDL,SMDDL
SMBDL,URBR
SMBDR,SMBVR
SMBDR,SMDDR
SMBDR,URBL
SMBDR,URYVR
SMBVL,URBL
SMBVL,VB1
SMBVR,URBR
SMBVR,URXR
SMDDL,SMDDR
SMDDL,SMDVR
SMDDL,URYDL
SMDDL,URYDR
SMDDR,SMDVL
SMDDR,URYDL
SMDDR,VD1
SMDVL,SMDVR
SMDVL,URYVR
SMDVR,URYDR
SMDVR,URYVL
SMDVR,VB1
URADR,URYDR
URAVR,URYVR
URBL,URBL
URBL,URXL
URBL,URYDL
URBR,URXR
URXL,URXL
URXL,URYVL
URXR,URYDR
VA1,VA2
VA1,VB1
VA1,VD1
VA10,VB7
VA10,VB8
VA10,VB9
VA10,VD10
VA10,VD11
VA10,VD12
VA11,VA12
VA11,VB10
VA11,VB8
VA11,VB9
VA11,VD11
VA11,VD12
VA12,VB11
VA12,VD12
VA12,VD13
VA2,VA3
VA2,VA6
VA2,VB1
VA2,VB2
VA2,VD1
VA2,VD2
VA3,VA4
VA3,VB1
VA3,VB2
VA3,VB3
VA3,VD2
VA3,VD3
VA4,VA7
VA4,VB1
VA4,VB3
VA4,VB4
VA4,VD4
VA5,VA6
VA5,VB3
VA5,VB4
VA5,VD5
VA6,VB4
VA6,VB5
VA6,VD5
VA6,VD6
VA7,VB6
VA7,VD6
VA7,VD7
VA8,VB6
VA8,VD7
VA8,VD8
VA8,VD9
VA9,VB7
VA9,VB8
VA9,VD10
VA9,VD11
VA9,VD8
VA9,VD9
VB1,VB2
VB1,VD1
VB1,VD2
VB1,VD5
VB10,VB11
VB10,VB9
VB10,VD11
VB10,VD12
VB11,VD12
VB11,VD13
VB2,VB3
VB2,VB4
VB2,VC2
VB2,VC3
VB2,VD2
VB2,VD3
VB3,VB4
VB3,VD3
VB3,VD4
VB4,VB5
VB4,VC3
VB4,VD4
VB4,VD5
VB5,VB6
VB5,VD6
VB6,VB7
VB6,VD6
VB6,VD7
VB7,VB8
VB7,VD7
VB7,VD8
VB7,VD9
VB8,VB9
VB8,VD10
VB8,VD9
VB9,VD10
VB9,VD11
VC1,VC2
VC1,VC3
VC1,VD1
VC1,VD2
VC1,VD3
VC1,VD4
VC1,VD5
VC1,VD6
VC2,VC2
VC2,VC3
VC2,VD1
VC2,VD2
VC2,VD4
VC2,VD5
VC2,VD6
VC3,VC4
VC3,VD1
VC3,VD2
VC3,VD3
VC3,VD4
VC3,VD5
VC3,VD6
VC3,VD7
VC4,VC5
VC5,VC6
VC6,VD11
VC6,VD12
VD1,VD2
VD10,VD11
VD10,VD9
VD11,VD12
VD12,VD13
VD2,VD2
VD2,VD3
VD3,VD4
VD4,VD5
VD5,VD6
VD6,VD7
VD7,VD8
VD8,VD9
