ADAL,ALML
ADAL,ALMR
ADAL,AVDL
ADAL,AVDR
ADAL,AVFL
ADAL,AVFR
ADAL,AVM
ADAL,DB2
ADAL,FLPL
ADAL,FLPR
ADAL,I1L
ADAL,I1R
ADAL,OLLL
ADAL,OLLR
ADAL,OLQDL
ADAL,OLQDR
ADAL,OLQVL
ADAL,OLQVR
ADAL,PHAL
ADAL,PHAR
ADAL,PHBL
ADAL,PHBR
ADAL,PLML
ADAL,PLMR
ADAL,PQR
ADAL,PVCL
ADAL,PVCR
ADAL,PVM
ADAL,PVQL
ADAL,PVQR
ADAL,PVWL
ADAL,PVWR
ADAL,RIFL
ADAL,RIFR
ADAL,RMED
ADAL,RMEL
ADAL,RMER
ADAL,RMEV
ADAL,URXL
ADAL,URXR
ADAL,URYDL
ADAL,URYDR
ADAL,URYVL
ADAL,URYVR
ADAR,ALML
ADAR,ALMR
ADAR,AVDL
ADAR,AVDR
ADAR,AVFL
ADAR,AVFR
ADAR,AVM
ADAR,DB2
ADAR,FLPL
ADAR,FLPR
ADAR,I1L
ADAR,I1R
ADAR,OLLL
ADAR,OLLR
ADAR,OLQDL
ADAR,OLQDR
ADAR,OLQVL
ADAR,OLQVR
ADAR,PHAL
ADAR,PHAR
ADAR,PHBL
ADAR,PHBR
ADAR,PLML
ADAR,PLMR
ADAR,PQR
ADAR,PVCL
ADAR,PVCR
ADAR,PVM
ADAR,PVQL
ADAR,PVQR
ADAR,PVWL
ADAR,PVWR
ADAR,RIFL
ADAR,RIFR
ADAR,RMED
ADAR,RMEL
ADAR,RMER
ADAR,RMEV
ADAR,URXL
ADAR,URXR
ADAR,URYDL
ADAR,URYDR
ADAR,URYVL
ADAR,URYVR
ADEL,ALML
ADEL,ALMR
ADEL,AVDL
ADEL,AVDR
ADEL,AVFL
ADEL,AVFR
ADEL,AVM
ADEL,DB2
ADEL,FLPL
ADEL,FLPR
ADEL,I1L
ADEL,I1R
ADEL,OLLL
ADEL,OLLR
ADEL,OLQDL
ADEL,OLQDR
ADEL,OLQVL
ADEL,OLQVR
ADEL,PHAL
ADEL,PHAR
ADEL,PHBL
ADEL,PHBR
ADEL,PLML
ADEL,PLMR
ADEL,PQR
ADEL,PVCL
ADEL,PVCR
ADEL,PVM
ADEL,PVQL
ADEL,PVQR
ADEL,PVWL
ADEL,PVWR
ADEL,RIFL
ADEL,RIFR
ADEL,RMED
ADEL,RMEL
ADEL,RMER
ADEL,RMEV
ADEL,URXL
ADEL,URXR
ADEL,URYDL
ADEL,URYDR
ADEL,URYVL
ADEL,URYVR
ADER,ALML
ADER,ALMR
ADER,AVDL
ADER,AVDR
ADER,AVFL
ADER,AVFR
ADER,AVM
ADER,DB2
ADER,FLPL
ADER,FLPR
ADER,I1L
ADER,I1R
ADER,OLLL
ADER,OLLR
ADER,OLQDL
ADER,OLQDR
ADER,OLQVL
ADER,OLQVR
ADER,PHAL
ADER,PHAR
ADER,PHBL
ADER,PHBR
ADER,PLML
ADER,PLMR
ADER,PQR
ADER,PVCL
ADER,PVCR
ADER,PVM
ADER,PVQL
ADER,PVQR
ADER,PVWL
ADER,PVWR
ADER,RIFL
ADER,RIFR
ADER,RMED
ADER,RMEL
ADER,RMER
ADER,RMEV
ADER,URXL
ADER,URXR
ADER,URYDL
ADER,URYDR
ADER,URYVL
ADER,URYVR
ADFL,ADFL
ADFL,ADFR
ADFL,ADLL
ADFL,ADLR
ADFL,AFDL
ADFL,AFDR
ADFL,AIAL
ADFL,AIAR
ADFL,AIYL
ADFL,AIYR
ADFL,AIZL
ADFL,AIZR
ADFL,AQR
ADFL,ASEL
ADFL,ASER
ADFL,ASGL
ADFL,ASGR
ADFL,ASHL
ADFL,ASHR
ADFL,ASIL
ADFL,ASIR
ADFL,ASJL
ADFL,ASJR
ADFL,ASKL
ADFL,ASKR
ADFL,AUAL
ADFL,AUAR
ADFL,AVAL
ADFL,AVAR
ADFL,AVKL
ADFL,AVKR
ADFL,AWAL
ADFL,AWAR
ADFL,AWBL
ADFL,AWBR
ADFL,DD1
ADFL,DD2
ADFL,DD3
ADFL,DD4
ADFL,DD5
ADFL,DD6
ADFL,DVA
ADFL,FLPL
ADFL,FLPR
ADFL,IL2DL
ADFL,IL2DR
ADFL,IL2L
ADFL,IL2R
ADFL,IL2VL
ADFL,IL2VR
ADFL,M2L
ADFL,M2R
ADFL,M3L
ADFL,M3R
ADFL,M4
ADFL,M5
ADFL,MCL
ADFL,MCR
ADFL,NSML
ADFL,NSMR
ADFL,OLQDL
ADFL,OLQDR
ADFL,OLQVL
ADFL,OLQVR
ADFL,PHAL
ADFL,PHAR
ADFL,PHBL
ADFL,PHBR
ADFL,PQR
ADFL,PVDL
ADFL,PVDR
ADFL,PVQL
ADFL,PVQR
ADFL,RICL
ADFL,RICR
ADFL,RIGL
ADFL,RIGR
ADFL,RIML
ADFL,RIMR
ADFL,RIVL
ADFL,RIVR
ADFL,RMGL
ADFL,RMGR
ADFL,SAADL
ADFL,SAADR
ADFL,SABD
ADFL,SABVL
ADFL,SABVR
ADFL,SDQL
ADFL,SDQR
ADFL,SMBDL
ADFL,SMBDR
ADFL,URADL
ADFL,URADR
ADFL,URAVL
ADFL,URAVR
ADFL,URXL
ADFL,URXR
ADFL,VC1
ADFL,VC2
ADFL,VC3
ADFL,VC4
ADFL,VC5
ADFL,VC6
ADFL,VD1
ADFL,VD10
ADFL,VD11
ADFL,VD12
ADFL,VD13
ADFL,VD2
ADFL,VD3
ADFL,VD4
ADFL,VD5
ADFL,VD6
ADFL,VD7
ADFL,VD8
ADFL,VD9
ADFR,ADFR
ADFR,ADLL
ADFR,ADLR
ADFR,AFDL
ADFR,AFDR
ADFR,AIAL
ADFR,AIAR
ADFR,AIYL
ADFR,AIYR
ADFR,AIZL
ADFR,AIZR
ADFR,AQR
ADFR,ASEL
ADFR,ASER
ADFR,ASGL
ADFR,ASGR
ADFR,ASHL
ADFR,ASHR
ADFR,ASIL
ADFR,ASIR
ADFR,ASJL
ADFR,ASJR
ADFR,ASKL
ADFR,ASKR
ADFR,AUAL
ADFR,AUAR
ADFR,AVAL
ADFR,AVAR
ADFR,AVKL
ADFR,AVKR
ADFR,AWAL
ADFR,AWAR
ADFR,AWBL
ADFR,AWBR
ADFR,DD1
ADFR,DD2
ADFR,DD3
ADFR,DD4
ADFR,DD5
ADFR,DD6
ADFR,DVA
ADFR,FLPL
ADFR,FLPR
ADFR,IL2DL
ADFR,IL2DR
ADFR,IL2L
ADFR,IL2R
ADFR,IL2VL
ADFR,IL2VR
ADFR,M2L
ADFR,M2R
ADFR,M3L
ADFR,M3R
ADFR,M4
ADFR,M5
ADFR,MCL
ADFR,MCR
ADFR,NSML
ADFR,NSMR
ADFR,OLQDL
ADFR,OLQDR
ADFR,OLQVL
ADFR,OLQVR
ADFR,PHAL
ADFR,PHAR
ADFR,PHBL
ADFR,PHBR
ADFR,PQR
ADFR,PVDL
ADFR,PVDR
ADFR,PVQL
ADFR,PVQR
ADFR,RICL
ADFR,RICR
ADFR,RIGL
ADFR,RIGR
ADFR,RIML
ADFR,RIMR
ADFR,RIVL
ADFR,RIVR
ADFR,RMGL
ADFR,RMGR
ADFR,SAADL
ADFR,SAADR
ADFR,SABD
ADFR,SABVL
ADFR,SABVR
ADFR,SDQL
ADFR,SDQR
ADFR,SMBDL
ADFR,SMBDR
ADFR,URADL
ADFR,URADR
ADFR,URAVL
ADFR,URAVR
ADFR,URXL
ADFR,URXR
ADFR,VC1
ADFR,VC2
ADFR,VC3
ADFR,VC4
ADFR,VC5
ADFR,VC6
ADFR,VD1
ADFR,VD10
ADFR,VD11
ADFR,VD12
ADFR,VD13
ADFR,VD2
ADFR,VD3
ADFR,VD4
ADFR,VD5
ADFR,VD6
ADFR,VD7
ADFR,VD8
ADFR,VD9
ADLL,AFDL
ADLL,AFDR
ADLL,AIAL
ADLL,AIAR
ADLL,AIYL
ADLL,AIYR
ADLL,AIZL
ADLL,AIZR
ADLL,AQR
ADLL,ASEL
ADLL,ASER
ADLL,ASGL
ADLL,ASGR
ADLL,ASHL
ADLL,ASHR
ADLL,ASIL
ADLL,ASIR
ADLL,ASJL
ADLL,ASJR
ADLL,ASKL
ADLL,ASKR
ADLL,AUAL
ADLL,AUAR
ADLL,AVAL
ADLL,AVAR
ADLL,AVKL
ADLL,AVKR
ADLL,AWAL
ADLL,AWAR
ADLL,AWBL
ADLL,AWBR
ADLL,BAGL
ADLL,BAGR
ADLL,BDUL
ADLL,BDUR
ADLL,DD1
ADLL,DD2
ADLL,DD3
ADLL,DD4
ADLL,DD5
ADLL,DD6
ADLL,DVA
ADLL,FLPL
ADLL,FLPR
ADLL,IL2DL
ADLL,IL2DR
ADLL,IL2L
ADLL,IL2R
ADLL,IL2VL
ADLL,IL2VR
ADLL,M3L
ADLL,M3R
ADLL,M5
ADLL,NSML
ADLL,NSMR
ADLL,OLQDL
ADLL,OLQDR
ADLL,OLQVL
ADLL,OLQVR
ADLL,PHAL
ADLL,PHAR
ADLL,PHBL
ADLL,PHBR
ADLL,PQR
ADLL,PVDL
ADLL,PVDR
ADLL,PVQL
ADLL,PVQR
ADLL,RICL
ADLL,RICR
ADLL,RIGL
ADLL,RIGR
ADLL,RIVL
ADLL,RIVR
ADLL,RMGL
ADLL,RMGR
ADLL,SAADL
ADLL,SAADR
ADLL,SABD
ADLL,SABVL
ADLL,SABVR
ADLL,SDQL
ADLL,SDQR
ADLL,SMBDL
ADLL,SMBDR
ADLL,URXL
ADLL,URXR
ADLL,VC1
ADLL,VC2
ADLL,VC3
ADLL,VC4
ADLL,VC5
ADLL,VC6
ADLL,VD1
ADLL,VD10
ADLL,VD11
ADLL,VD12
ADLL,VD13
ADLL,VD2
ADLL,VD3
ADLL,VD4
ADLL,VD5
ADLL,VD6
ADLL,VD7
ADLL,VD8
ADLL,VD9
ADLR,AFDL
ADLR,AFDR
ADLR,AIAL
ADLR,AIAR
ADLR,AIYL
ADLR,AIYR
ADLR,AIZL
ADLR,AIZR
ADLR,AQR
ADLR,ASEL
ADLR,ASER
ADLR,ASGL
ADLR,ASGR
ADLR,ASHL
ADLR,ASHR
ADLR,ASIL
ADLR,ASIR
ADLR,ASJL
ADLR,ASJR
ADLR,ASKL
ADLR,ASKR
ADLR,AUAL
ADLR,AUAR
ADLR,AVAL
ADLR,AVAR
ADLR,AVKL
ADLR,AVKR
ADLR,AWAL
ADLR,AWAR
ADLR,AWBL
ADLR,AWBR
ADLR,BAGL
ADLR,BAGR
ADLR,BDUL
ADLR,BDUR
ADLR,DD1
ADLR,DD2
ADLR,DD3
ADLR,DD4
ADLR,DD5
ADLR,DD6
ADLR,DVA
ADLR,FLPL
ADLR,FLPR
ADLR,IL2DL
ADLR,IL2DR
ADLR,IL2L
ADLR,IL2R
ADLR,IL2VL
ADLR,IL2VR
ADLR,M3L
ADLR,M3R
ADLR,M5
ADLR,NSML
ADLR,NSMR
ADLR,OLQDL
ADLR,OLQDR
ADLR,OLQVL
ADLR,OLQVR
ADLR,PHAL
ADLR,PHAR
ADLR,PHBL
ADLR,PHBR
ADLR,PQR
ADLR,PVDL
ADLR,PVDR
ADLR,PVQL
ADLR,PVQR
ADLR,RICL
ADLR,RICR
ADLR,RIGL
ADLR,RIGR
ADLR,RIVL
ADLR,RIVR
ADLR,RMGL
ADLR,RMGR
ADLR,SAADL
ADLR,SAADR
ADLR,SABD
ADLR,SABVL
ADLR,SABVR
ADLR,SDQL
ADLR,SDQR
ADLR,SMBDL
ADLR,SMBDR
ADLR,URXL
ADLR,URXR
ADLR,VC1
ADLR,VC2
ADLR,VC3
ADLR,VC4
ADLR,VC5
ADLR,VC6
ADLR,VD1
ADLR,VD10
ADLR,VD11
ADLR,VD12
ADLR,VD13
ADLR,VD2
ADLR,VD3
ADLR,VD4
ADLR,VD5
ADLR,VD6
ADLR,VD7
ADLR,VD8
ADLR,VD9
AFDL,ALML
AFDL,ALMR
AFDL,ASEL
AFDL,ASER
AFDL,ASHL
AFDL,ASHR
AFDL,AVDL
AFDL,AVDR
AFDL,AVFL
AFDL,AVFR
AFDL,AVM
AFDL,BDUL
AFDL,BDUR
AFDL,DB2
AFDL,FLPL
AFDL,FLPR
AFDL,I1L
AFDL,I1R
AFDL,I2L
AFDL,I2R
AFDL,OLLL
AFDL,OLLR
AFDL,OLQDL
AFDL,OLQDR
AFDL,OLQVL
AFDL,OLQVR
AFDL,PHAL
AFDL,PHAR
AFDL,PHBL
AFDL,PHBR
AFDL,PLML
AFDL,PLMR
AFDL,PQR
AFDL,PVCL
AFDL,PVCR
AFDL,PVM
AFDL,PVQL
AFDL,PVQR
AFDL,PVR
AFDL,PVWL
AFDL,PVWR
AFDL,RICL
AFDL,RICR
AFDL,RIFL
AFDL,RIFR
AFDL,RMED
AFDL,RMEL
AFDL,RMER
AFDL,RMEV
AFDL,URXL
AFDL,URXR
AFDL,URYDL
AFDL,URYDR
AFDL,URYVL
AFDL,URYVR
AFDR,ALML
AFDR,ALMR
AFDR,ASEL
AFDR,ASER
AFDR,ASHL
AFDR,ASHR
AFDR,AVDL
AFDR,AVDR
AFDR,AVFL
AFDR,AVFR
AFDR,AVM
AFDR,BDUL
AFDR,BDUR
AFDR,DB2
AFDR,FLPL
AFDR,FLPR
AFDR,I1L
AFDR,I1R
AFDR,I2L
AFDR,I2R
AFDR,OLLL
AFDR,OLLR
AFDR,OLQDL
AFDR,OLQDR
AFDR,OLQVL
AFDR,OLQVR
AFDR,PHAL
AFDR,PHAR
AFDR,PHBL
AFDR,PHBR
AFDR,PLML
AFDR,PLMR
AFDR,PQR
AFDR,PVCL
AFDR,PVCR
AFDR,PVM
AFDR,PVQL
AFDR,PVQR
AFDR,PVR
AFDR,PVWL
AFDR,PVWR
AFDR,RICL
AFDR,RICR
AFDR,RIFL
AFDR,RIFR
AFDR,RMED
AFDR,RMEL
AFDR,RMER
AFDR,RMEV
AFDR,URXL
AFDR,URXR
AFDR,URYDL
AFDR,URYDR
AFDR,URYVL
AFDR,URYVR
AIAL,AIAL
AIAL,AIAR
AIAL,AIYL
AIAL,AIYR
AIAL,ASEL
AIAL,ASER
AIAL,ASGL
AIAL,ASGR
AIAL,ASHL
AIAL,ASHR
AIAL,ASIL
AIAL,ASIR
AIAL,ASJL
AIAL,ASJR
AIAL,ASKL
AIAL,ASKR
AIAL,AVAL
AIAL,AVAR
AIAL,AVEL
AIAL,AVER
AIAL,AVKL
AIAL,AVKR
AIAL,AWCL
AIAL,AWCR
AIAL,BAGL
AIAL,BAGR
AIAL,BDUL
AIAL,BDUR
AIAL,FLPL
AIAL,FLPR
AIAL,HSNL
AIAL,HSNR
AIAL,I2L
AIAL,I2R
AIAL,I4
AIAL,M2L
AIAL,M2R
AIAL,M3L
AIAL,M3R
AIAL,M4
AIAL,M5
AIAL,MCL
AIAL,MCR
AIAL,PHBL
AIAL,PHBR
AIAL,PQR
AIAL,PVT
AIAL,RIGL
AIAL,RIGR
AIAL,RIML
AIAL,RIMR
AIAL,RIVL
AIAL,RIVR
AIAL,RMGL
AIAL,RMGR
AIAL,URADL
AIAL,URADR
AIAL,URAVL
AIAL,URAVR
AIAL,URXL
AIAL,URXR
AIAR,AIAR
AIAR,AIYL
AIAR,AIYR
AIAR,ASEL
AIAR,ASER
AIAR,ASGL
AIAR,ASGR
AIAR,ASHL
AIAR,ASHR
AIAR,ASIL
AIAR,ASIR
AIAR,ASJL
AIAR,ASJR
AIAR,ASKL
AIAR,ASKR
AIAR,AVAL
AIAR,AVAR
AIAR,AVEL
AIAR,AVER
AIAR,AVKL
AIAR,AVKR
AIAR,AWCL
AIAR,AWCR
AIAR,BAGL
AIAR,BAGR
AIAR,BDUL
AIAR,BDUR
AIAR,FLPL
AIAR,FLPR
AIAR,HSNL
AIAR,HSNR
AIAR,I2L
AIAR,I2R
AIAR,I4
AIAR,M2L
AIAR,M2R
AIAR,M3L
AIAR,M3R
AIAR,M4
AIAR,M5
AIAR,MCL
AIAR,MCR
AIAR,PHBL
AIAR,PHBR
AIAR,PQR
AIAR,PVT
AIAR,RIGL
AIAR,RIGR
AIAR,RIML
AIAR,RIMR
AIAR,RIVL
AIAR,RIVR
AIAR,RMGL
AIAR,RMGR
AIAR,URADL
AIAR,URADR
AIAR,URAVL
AIAR,URAVR
AIAR,URXL
AIAR,URXR
AIML,ALML
AIML,ALMR
AIML,AVDL
AIML,AVDR
AIML,AVFL
AIML,AVFR
AIML,AVM
AIML,DB2
AIML,DVA
AIML,FLPL
AIML,FLPR
AIML,HSNL
AIML,HSNR
AIML,I1L
AIML,I1R
AIML,OLLL
AIML,OLLR
AIML,OLQDL
AIML,OLQDR
AIML,OLQVL
AIML,OLQVR
AIML,PHAL
AIML,PHAR
AIML,PHBL
AIML,PHBR
AIML,PLML
AIML,PLMR
AIML,PQR
AIML,PVCL
AIML,PVCR
AIML,PVM
AIML,PVQL
AIML,PVQR
AIML,PVWL
AIML,PVWR
AIML,RIFL
AIML,RIFR
AIML,RMED
AIML,RMEL
AIML,RMER
AIML,RMEV
AIML,SDQL
AIML,SDQR
AIML,URXL
AIML,URXR
AIML,URYDL
AIML,URYDR
AIML,URYVL
AIML,URYVR
AIMR,ALML
AIMR,ALMR
AIMR,AVDL
AIMR,AVDR
AIMR,AVFL
AIMR,AVFR
AIMR,AVM
AIMR,DB2
AIMR,DVA
AIMR,FLPL
AIMR,FLPR
AIMR,HSNL
AIMR,HSNR
AIMR,I1L
AIMR,I1R
AIMR,OLLL
AIMR,OLLR
AIMR,OLQDL
AIMR,OLQDR
AIMR,OLQVL
AIMR,OLQVR
AIMR,PHAL
AIMR,PHAR
AIMR,PHBL
AIMR,PHBR
AIMR,PLML
AIMR,PLMR
AIMR,PQR
AIMR,PVCL
AIMR,PVCR
AIMR,PVM
AIMR,PVQL
AIMR,PVQR
AIMR,PVWL
AIMR,PVWR
AIMR,RIFL
AIMR,RIFR
AIMR,RMED
AIMR,RMEL
AIMR,RMER
AIMR,RMEV
AIMR,SDQL
AIMR,SDQR
AIMR,URXL
AIMR,URXR
AIMR,URYDL
AIMR,URYDR
AIMR,URYVL
AIMR,URYVR
AIYL,AIYL
AIYL,AIYR
AIYL,AQR
AIYL,ASEL
AIYL,ASER
AIYL,ASGL
AIYL,ASGR
AIYL,ASHL
AIYL,ASHR
AIYL,ASIL
AIYL,ASIR
AIYL,ASJL
AIYL,ASJR
AIYL,ASKL
AIYL,ASKR
AIYL,AUAL
AIYL,AUAR
AIYL,AVAL
AIYL,AVAR
AIYL,AVEL
AIYL,AVER
AIYL,AVKL
AIYL,AVKR
AIYL,AWAL
AIYL,AWAR
AIYL,AWBL
AIYL,AWBR
AIYL,AWCL
AIYL,AWCR
AIYL,BAGL
AIYL,BAGR
AIYL,BDUL
AIYL,BDUR
AIYL,DD1
AIYL,DD2
AIYL,DD3
AIYL,DD4
AIYL,DD5
AIYL,DD6
AIYL,DVA
AIYL,FLPL
AIYL,FLPR
AIYL,HSNL
AIYL,HSNR
AIYL,I2L
AIYL,I2R
AIYL,I4
AIYL,IL2DL
AIYL,IL2DR
AIYL,IL2L
AIYL,IL2R
AIYL,IL2VL
AIYL,IL2VR
AIYL,M2L
AIYL,M2R
AIYL,M3L
AIYL,M3R
AIYL,M4
AIYL,M5
AIYL,MCL
AIYL,MCR
AIYL,OLQDL
AIYL,OLQDR
AIYL,OLQVL
AIYL,OLQVR
AIYL,PHAL
AIYL,PHAR
AIYL,PHBL
AIYL,PHBR
AIYL,PQR
AIYL,PVT
AIYL,RIGL
AIYL,RIGR
AIYL,RIML
AIYL,RIMR
AIYL,RIVL
AIYL,RIVR
AIYL,RMGL
AIYL,RMGR
AIYL,SAADL
AIYL,SAADR
AIYL,SDQL
AIYL,SDQR
AIYL,SMBDL
AIYL,SMBDR
AIYL,URADL
AIYL,URADR
AIYL,URAVL
AIYL,URAVR
AIYL,URXL
AIYL,URXR
AIYL,VD1
AIYL,VD10
AIYL,VD11
AIYL,VD12
AIYL,VD13
AIYL,VD2
AIYL,VD3
AIYL,VD4
AIYL,VD5
AIYL,VD6
AIYL,VD7
AIYL,VD8
AIYL,VD9
AIYR,AIYR
AIYR,AQR
AIYR,ASEL
AIYR,ASER
AIYR,ASGL
AIYR,ASGR
AIYR,ASHL
AIYR,ASHR
AIYR,ASIL
AIYR,ASIR
AIYR,ASJL
AIYR,ASJR
AIYR,ASKL
AIYR,ASKR
AIYR,AUAL
AIYR,AUAR
AIYR,AVAL
AIYR,AVAR
AIYR,AVEL
AIYR,AVER
AIYR,AVKL
AIYR,AVKR
AIYR,AWAL
AIYR,AWAR
AIYR,AWBL
AIYR,AWBR
AIYR,AWCL
AIYR,AWCR
AIYR,BAGL
AIYR,BAGR
AIYR,BDUL
AIYR,BDUR
AIYR,DD1
AIYR,DD2
AIYR,DD3
AIYR,DD4
AIYR,DD5
AIYR,DD6
AIYR,DVA
AIYR,FLPL
AIYR,FLPR
AIYR,HSNL
AIYR,HSNR
AIYR,I2L
AIYR,I2R
AIYR,I4
AIYR,IL2DL
AIYR,IL2DR
AIYR,IL2L
AIYR,IL2R
AIYR,IL2VL
AIYR,IL2VR
AIYR,M2L
AIYR,M2R
AIYR,M3L
AIYR,M3R
AIYR,M4
AIYR,M5
AIYR,MCL
AIYR,MCR
AIYR,OLQDL
AIYR,OLQDR
AIYR,OLQVL
AIYR,OLQVR
AIYR,PHAL
AIYR,PHAR
AIYR,PHBL
AIYR,PHBR
AIYR,PQR
AIYR,PVT
AIYR,RIGL
AIYR,RIGR
AIYR,RIML
AIYR,RIMR
AIYR,RIVL
AIYR,RIVR
AIYR,RMGL
AIYR,RMGR
AIYR,SAADL
AIYR,SAADR
AIYR,SDQL
AIYR,SDQR
AIYR,SMBDL
AIYR,SMBDR
AIYR,URADL
AIYR,URADR
AIYR,URAVL
AIYR,URAVR
AIYR,URXL
AIYR,URXR
AIYR,VD1
AIYR,VD10
AIYR,VD11
AIYR,VD12
AIYR,VD13
AIYR,VD2
AIYR,VD3
AIYR,VD4
AIYR,VD5
AIYR,VD6
AIYR,VD7
AIYR,VD8
AIYR,VD9
AIZL,ASEL
AIZL,ASER
AIZL,ASGL
AIZL,ASGR
AIZL,ASHL
AIZL,ASHR
AIZL,ASIL
AIZL,ASIR
AIZL,ASJL
AIZL,ASJR
AIZL,ASKL
AIZL,ASKR
AIZL,BDUL
AIZL,BDUR
AIZL,FLPL
AIZL,FLPR
AIZL,I2L
AIZL,I2R
AIZL,M2L
AIZL,M2R
AIZL,M4
AIZL,MCL
AIZL,MCR
AIZL,PQR
AIZL,PVQL
AIZL,PVQR
AIZL,PVR
AIZL,PVWL
AIZL,PVWR
AIZL,RICL
AIZL,RICR
AIZL,RMGL
AIZL,RMGR
AIZL,URADL
AIZL,URADR
AIZL,URAVL
AIZL,URAVR
AIZL,URXL
AIZL,URXR
AIZR,ASEL
AIZR,ASER
AIZR,ASGL
AIZR,ASGR
AIZR,ASHL
AIZR,ASHR
AIZR,ASIL
AIZR,ASIR
AIZR,ASJL
AIZR,ASJR
AIZR,ASKL
AIZR,ASKR
AIZR,BDUL
AIZR,BDUR
AIZR,FLPL
AIZR,FLPR
AIZR,I2L
AIZR,I2R
AIZR,M2L
AIZR,M2R
AIZR,M4
AIZR,MCL
AIZR,MCR
AIZR,PQR
AIZR,PVQL
AIZR,PVQR
AIZR,PVR
AIZR,PVWL
AIZR,PVWR
AIZR,RICL
AIZR,RICR
AIZR,RMGL
AIZR,RMGR
AIZR,URADL
AIZR,URADR
AIZR,URAVL
AIZR,URAVR
AIZR,URXL
AIZR,URXR
ALA,AVEL
ALA,AVER
ALA,DVA
ALA,I1L
ALA,I1R
ALA,PVM
ALA,RIAL
ALA,RIAR
ALML,AQR
ALML,ASIL
ALML,ASIR
ALML,ASKL
ALML,ASKR
ALML,AVBL
ALML,AVBR
ALML,AVDL
ALML,AVDR
ALML,AVG
ALML,BDUL
ALML,BDUR
ALML,LUAL
ALML,LUAR
ALML,PHAL
ALML,PHAR
ALML,PHBL
ALML,PHBR
ALML,PQR
ALML,PVNL
ALML,PVNR
ALML,PVPL
ALML,PVPR
ALML,PVT
ALML,RID
ALML,RIML
ALML,RIMR
ALML,RIS
ALML,RMED
ALML,RMEL
ALML,RMER
ALML,RMEV
ALML,RMGL
ALML,RMGR
ALML,SAADL
ALML,SAADR
ALML,SAAVL
ALML,SAAVR
ALML,SIADL
ALML,SIADR
ALML,SIAVL
ALML,SIAVR
ALMR,AQR
ALMR,ASIL
ALMR,ASIR
ALMR,ASKL
ALMR,ASKR
ALMR,AVBL
ALMR,AVBR
ALMR,AVDL
ALMR,AVDR
ALMR,AVG
ALMR,BDUL
ALMR,BDUR
ALMR,LUAL
ALMR,LUAR
ALMR,PHAL
ALMR,PHAR
ALMR,PHBL
ALMR,PHBR
ALMR,PQR
ALMR,PVNL
ALMR,PVNR
ALMR,PVPL
ALMR,PVPR
ALMR,PVT
ALMR,RID
ALMR,RIML
ALMR,RIMR
ALMR,RIS
ALMR,RMED
ALMR,RMEL
ALMR,RMER
ALMR,RMEV
ALMR,RMGL
ALMR,RMGR
ALMR,SAADL
ALMR,SAADR
ALMR,SAAVL
ALMR,SAAVR
ALMR,SIADL
ALMR,SIADR
ALMR,SIAVL
ALMR,SIAVR
AQR,ASEL
AQR,ASER
AQR,ASGL
AQR,ASGR
AQR,ASHL
AQR,ASHR
AQR,ASIL
AQR,ASIR
AQR,ASJL
AQR,ASJR
AQR,ASKL
AQR,ASKR
AQR,AVAL
AQR,AVAR
AQR,AVDL
AQR,AVDR
AQR,AVFL
AQR,AVFR
AQR,AVM
AQR,DB2
AQR,FLPL
AQR,FLPR
AQR,I1L
AQR,I1R
AQR,M2L
AQR,M2R
AQR,M3L
AQR,M3R
AQR,M4
AQR,MCL
AQR,MCR
AQR,OLLL
AQR,OLLR
AQR,OLQDL
AQR,OLQDR
AQR,OLQVL
AQR,OLQVR
AQR,PHAL
AQR,PHAR
AQR,PHBL
AQR,PHBR
AQR,PLML
AQR,PLMR
AQR,PQR
AQR,PVCL
AQR,PVCR
AQR,PVM
AQR,PVQL
AQR,PVQR
AQR,PVWL
AQR,PVWR
AQR,RIFL
AQR,RIFR
AQR,RIGL
AQR,RIGR
AQR,RIML
AQR,RIMR
AQR,RMED
AQR,RMEL
AQR,RMER
AQR,RMEV
AQR,RMGL
AQR,RMGR
AQR,URADL
AQR,URADR
AQR,URAVL
AQR,URAVR
AQR,URXL
AQR,URXR
AQR,URYDL
AQR,URYDR
AQR,URYVL
AQR,URYVR
AS1,DVA
AS1,I2L
AS1,I2R
AS1,PHAL
AS1,PHAR
AS10,DVA
AS10,I2L
AS10,I2R
AS10,PHAL
AS10,PHAR
AS11,DVA
AS11,I2L
AS11,I2R
AS11,PHAL
AS11,PHAR
AS2,DVA
AS2,I2L
AS2,I2R
AS2,PHAL
AS2,PHAR
AS3,DVA
AS3,I2L
AS3,I2R
AS3,PHAL
AS3,PHAR
AS4,DVA
AS4,I2L
AS4,I2R
AS4,PHAL
AS4,PHAR
AS5,DVA
AS5,I2L
AS5,I2R
AS5,PHAL
AS5,PHAR
AS6,DVA
AS6,I2L
AS6,I2R
AS6,PHAL
AS6,PHAR
AS7,DVA
AS7,I2L
AS7,I2R
AS7,PHAL
AS7,PHAR
AS8,DVA
AS8,I2L
AS8,I2R
AS8,PHAL
AS8,PHAR
AS9,DVA
AS9,I2L
AS9,I2R
AS9,PHAL
AS9,PHAR
ASEL,ASEL
ASEL,ASER
ASEL,ASGL
ASEL,ASGR
ASEL,ASHL
ASEL,ASHR
ASEL,ASIL
ASEL,ASIR
ASEL,ASJL
ASEL,ASJR
ASEL,ASKL
ASEL,ASKR
ASEL,AUAL
ASEL,AUAR
ASEL,AVAL
ASEL,AVAR
ASEL,AVEL
ASEL,AVER
ASEL,AVKL
ASEL,AVKR
ASEL,AWAL
ASEL,AWAR
ASEL,AWBL
ASEL,AWBR
ASEL,BAGL
ASEL,BAGR
ASEL,BDUL
ASEL,BDUR
ASEL,DD1
ASEL,DD2
ASEL,DD3
ASEL,DD4
ASEL,DD5
ASEL,DD6
ASEL,DVA
ASEL,FLPL
ASEL,FLPR
ASEL,I1L
ASEL,I1R
ASEL,IL2DL
ASEL,IL2DR
ASEL,IL2L
ASEL,IL2R
ASEL,IL2VL
ASEL,IL2VR
ASEL,M2L
ASEL,M2R
ASEL,M3L
ASEL,M3R
ASEL,M4
ASEL,M5
ASEL,MCL
ASEL,MCR
ASEL,NSML
ASEL,NSMR
ASEL,OLQDL
ASEL,OLQDR
ASEL,OLQVL
ASEL,OLQVR
ASEL,PHAL
ASEL,PHAR
ASEL,PHBL
ASEL,PHBR
ASEL,PQR
ASEL,PVDL
ASEL,PVDR
ASEL,PVM
ASEL,PVQL
ASEL,PVQR
ASEL,RIAL
ASEL,RIAR
ASEL,RICL
ASEL,RICR
ASEL,RIGL
ASEL,RIGR
ASEL,RIML
ASEL,RIMR
ASEL,RIVL
ASEL,RIVR
ASEL,RMGL
ASEL,RMGR
ASEL,SAADL
ASEL,SAADR
ASEL,SABD
ASEL,SABVL
ASEL,SABVR
ASEL,SDQL
ASEL,SDQR
ASEL,SMBDL
ASEL,SMBDR
ASEL,URADL
ASEL,URADR
ASEL,URAVL
ASEL,URAVR
ASEL,URXL
ASEL,URXR
ASEL,VC1
ASEL,VC2
ASEL,VC3
ASEL,VC4
ASEL,VC5
ASEL,VC6
ASEL,VD1
ASEL,VD10
ASEL,VD11
ASEL,VD12
ASEL,VD13
ASEL,VD2
ASEL,VD3
ASEL,VD4
ASEL,VD5
ASEL,VD6
ASEL,VD7
ASEL,VD8
ASEL,VD9
ASER,ASER
ASER,ASGL
ASER,ASGR
ASER,ASHL
ASER,ASHR
ASER,ASIL
ASER,ASIR
ASER,ASJL
ASER,ASJR
ASER,ASKL
ASER,ASKR
ASER,AUAL
ASER,AUAR
ASER,AVAL
ASER,AVAR
ASER,AVEL
ASER,AVER
ASER,AVKL
ASER,AVKR
ASER,AWAL
ASER,AWAR
ASER,AWBL
ASER,AWBR
ASER,DD1
ASER,DD2
ASER,DD3
ASER,DD4
ASER,DD5
ASER,DD6
ASER,DVA
ASER,FLPL
ASER,FLPR
ASER,I1L
ASER,I1R
ASER,IL2DL
ASER,IL2DR
ASER,IL2L
ASER,IL2R
ASER,IL2VL
ASER,IL2VR
ASER,M2L
ASER,M2R
ASER,M3L
ASER,M3R
ASER,M4
ASER,M5
ASER,MCL
ASER,MCR
ASER,NSML
ASER,NSMR
ASER,OLQDL
ASER,OLQDR
ASER,OLQVL
ASER,OLQVR
ASER,PHAL
ASER,PHAR
ASER,PHBL
ASER,PHBR
ASER,PQR
ASER,PVDL
ASER,PVDR
ASER,PVM
ASER,PVQL
ASER,PVQR
ASER,RIAL
ASER,RIAR
ASER,RICL
ASER,RICR
ASER,RIGL
ASER,RIGR
ASER,RIML
ASER,RIMR
ASER,RIVL
ASER,RIVR
ASER,RMGL
ASER,RMGR
ASER,SAADL
ASER,SAADR
ASER,SABD
ASER,SABVL
ASER,SABVR
ASER,SDQL
ASER,SDQR
ASER,SMBDL
ASER,SMBDR
ASER,URADL
ASER,URADR
ASER,URAVL
ASER,URAVR
ASER,URXL
ASER,URXR
ASER,VC1
ASER,VC2
ASER,VC3
ASER,VC4
ASER,VC5
ASER,VC6
ASER,VD1
ASER,VD10
ASER,VD11
ASER,VD12
ASER,VD13
ASER,VD2
ASER,VD3
ASER,VD4
ASER,VD5
ASER,VD6
ASER,VD7
ASER,VD8
ASER,VD9
ASGL,ASGL
ASGL,ASGR
ASGL,ASHL
ASGL,ASHR
ASGL,ASIL
ASGL,ASIR
ASGL,ASJL
ASGL,ASJR
ASGL,ASKL
ASGL,ASKR
ASGL,AUAL
ASGL,AUAR
ASGL,AVAL
ASGL,AVAR
ASGL,AVEL
ASGL,AVER
ASGL,AWAL
ASGL,AWAR
ASGL,AWBL
ASGL,AWBR
ASGL,BDUL
ASGL,BDUR
ASGL,DD1
ASGL,DD2
ASGL,DD3
ASGL,DD4
ASGL,DD5
ASGL,DD6
ASGL,DVA
ASGL,FLPL
ASGL,FLPR
ASGL,I1L
ASGL,I1R
ASGL,I2L
ASGL,I2R
ASGL,IL2DL
ASGL,IL2DR
ASGL,IL2L
ASGL,IL2R
ASGL,IL2VL
ASGL,IL2VR
ASGL,M2L
ASGL,M2R
ASGL,M3L
ASGL,M3R
ASGL,M4
ASGL,MCL
ASGL,MCR
ASGL,OLQDL
ASGL,OLQDR
ASGL,OLQVL
ASGL,OLQVR
ASGL,PHAL
ASGL,PHAR
ASGL,PHBL
ASGL,PHBR
ASGL,PQR
ASGL,PVDL
ASGL,PVDR
ASGL,PVM
ASGL,PVQL
ASGL,PVQR
ASGL,PVR
ASGL,PVWL
ASGL,PVWR
ASGL,RIAL
ASGL,RIAR
ASGL,RICL
ASGL,RICR
ASGL,RIGL
ASGL,RIGR
ASGL,RIML
ASGL,RIMR
ASGL,RIVL
ASGL,RIVR
ASGL,RMGL
ASGL,RMGR
ASGL,SAADL
ASGL,SAADR
ASGL,SABD
ASGL,SABVL
ASGL,SABVR
ASGL,SDQL
ASGL,SDQR
ASGL,SMBDL
ASGL,SMBDR
ASGL,URADL
ASGL,URADR
ASGL,URAVL
ASGL,URAVR
ASGL,URXL
ASGL,URXR
ASGL,VD1
ASGL,VD10
ASGL,VD11
ASGL,VD12
ASGL,VD13
ASGL,VD2
ASGL,VD3
ASGL,VD4
ASGL,VD5
ASGL,VD6
ASGL,VD7
ASGL,VD8
ASGL,VD9
ASGR,ASGR
ASGR,ASHL
ASGR,ASHR
ASGR,ASIL
ASGR,ASIR
ASGR,ASJL
ASGR,ASJR
ASGR,ASKL
ASGR,ASKR
ASGR,AUAL
ASGR,AUAR
ASGR,AVAL
ASGR,AVAR
ASGR,AVEL
ASGR,AVER
ASGR,AWAL
ASGR,AWAR
ASGR,AWBL
ASGR,AWBR
ASGR,BDUL
ASGR,BDUR
ASGR,DD1
ASGR,DD2
ASGR,DD3
ASGR,DD4
ASGR,DD5
ASGR,DD6
ASGR,DVA
ASGR,FLPL
ASGR,FLPR
ASGR,I1L
ASGR,I1R
ASGR,I2L
ASGR,I2R
ASGR,IL2DL
ASGR,IL2DR
ASGR,IL2L
ASGR,IL2R
ASGR,IL2VL
ASGR,IL2VR
ASGR,M2L
ASGR,M2R
ASGR,M3L
ASGR,M3R
ASGR,M4
ASGR,MCL
ASGR,MCR
ASGR,OLQDL
ASGR,OLQDR
ASGR,OLQVL
ASGR,OLQVR
ASGR,PHAL
ASGR,PHAR
ASGR,PHBL
ASGR,PHBR
ASGR,PQR
ASGR,PVDL
ASGR,PVDR
ASGR,PVM
ASGR,PVQL
ASGR,PVQR
ASGR,PVR
ASGR,PVWL
ASGR,PVWR
ASGR,RIAL
ASGR,RIAR
ASGR,RICL
ASGR,RICR
ASGR,RIGL
ASGR,RIGR
ASGR,RIML
ASGR,RIMR
ASGR,RIVL
ASGR,RIVR
ASGR,RMGL
ASGR,RMGR
ASGR,SAADL
ASGR,SAADR
ASGR,SABD
ASGR,SABVL
ASGR,SABVR
ASGR,SDQL
ASGR,SDQR
ASGR,SMBDL
ASGR,SMBDR
ASGR,URADL
ASGR,URADR
ASGR,URAVL
ASGR,URAVR
ASGR,URXL
ASGR,URXR
ASGR,VD1
ASGR,VD10
ASGR,VD11
ASGR,VD12
ASGR,VD13
ASGR,VD2
ASGR,VD3
ASGR,VD4
ASGR,VD5
ASGR,VD6
ASGR,VD7
ASGR,VD8
ASGR,VD9
ASHL,ASHL
ASHL,ASHR
ASHL,ASIL
ASHL,ASIR
ASHL,ASJL
ASHL,ASJR
ASHL,ASKL
ASHL,ASKR
ASHL,AUAL
ASHL,AUAR
ASHL,AVAL
ASHL,AVAR
ASHL,AVKL
ASHL,AVKR
ASHL,AWAL
ASHL,AWAR
ASHL,AWBL
ASHL,AWBR
ASHL,DD1
ASHL,DD2
ASHL,DD3
ASHL,DD4
ASHL,DD5
ASHL,DD6
ASHL,DVA
ASHL,FLPL
ASHL,FLPR
ASHL,IL2DL
ASHL,IL2DR
ASHL,IL2L
ASHL,IL2R
ASHL,IL2VL
ASHL,IL2VR
ASHL,M2L
ASHL,M2R
ASHL,M3L
ASHL,M3R
ASHL,M4
ASHL,M5
ASHL,MCL
ASHL,MCR
ASHL,NSML
ASHL,NSMR
ASHL,OLQDL
ASHL,OLQDR
ASHL,OLQVL
ASHL,OLQVR
ASHL,PHAL
ASHL,PHAR
ASHL,PHBL
ASHL,PHBR
ASHL,PQR
ASHL,PVDL
ASHL,PVDR
ASHL,PVQL
ASHL,PVQR
ASHL,RICL
ASHL,RICR
ASHL,RIGL
ASHL,RIGR
ASHL,RIML
ASHL,RIMR
ASHL,RIVL
ASHL,RIVR
ASHL,RMGL
ASHL,RMGR
ASHL,SAADL
ASHL,SAADR
ASHL,SABD
ASHL,SABVL
ASHL,SABVR
ASHL,SDQL
ASHL,SDQR
ASHL,SMBDL
ASHL,SMBDR
ASHL,URADL
ASHL,URADR
ASHL,URAVL
ASHL,URAVR
ASHL,URXL
ASHL,URXR
ASHL,VC1
ASHL,VC2
ASHL,VC3
ASHL,VC4
ASHL,VC5
ASHL,VC6
ASHL,VD1
ASHL,VD10
ASHL,VD11
ASHL,VD12
ASHL,VD13
ASHL,VD2
ASHL,VD3
ASHL,VD4
ASHL,VD5
ASHL,VD6
ASHL,VD7
ASHL,VD8
ASHL,VD9
ASHR,ASHR
ASHR,ASIL
ASHR,ASIR
ASHR,ASJL
ASHR,ASJR
ASHR,ASKL
ASHR,ASKR
ASHR,AUAL
ASHR,AUAR
ASHR,AVAL
ASHR,AVAR
ASHR,AVKL
ASHR,AVKR
ASHR,AWAL
ASHR,AWAR
ASHR,AWBL
ASHR,AWBR
ASHR,DD1
ASHR,DD2
ASHR,DD3
ASHR,DD4
ASHR,DD5
ASHR,DD6
ASHR,DVA
ASHR,FLPL
ASHR,FLPR
ASHR,IL2DL
ASHR,IL2DR
ASHR,IL2L
ASHR,IL2R
ASHR,IL2VL
ASHR,IL2VR
ASHR,M2L
ASHR,M2R
ASHR,M3L
ASHR,M3R
ASHR,M4
ASHR,M5
ASHR,MCL
ASHR,MCR
ASHR,NSML
ASHR,NSMR
ASHR,OLQDL
ASHR,OLQDR
ASHR,OLQVL
ASHR,OLQVR
ASHR,PHAL
ASHR,PHAR
ASHR,PHBL
ASHR,PHBR
ASHR,PQR
ASHR,PVDL
ASHR,PVDR
ASHR,PVQL
ASHR,PVQR
ASHR,RICL
ASHR,RICR
ASHR,RIGL
ASHR,RIGR
ASHR,RIML
ASHR,RIMR
ASHR,RIVL
ASHR,RIVR
ASHR,RMGL
ASHR,RMGR
ASHR,SAADL
ASHR,SAADR
ASHR,SABD
ASHR,SABVL
ASHR,SABVR
ASHR,SDQL
ASHR,SDQR
ASHR,SMBDL
ASHR,SMBDR
ASHR,URADL
ASHR,URADR
ASHR,URAVL
ASHR,URAVR
ASHR,URXL
ASHR,URXR
ASHR,VC1
ASHR,VC2
ASHR,VC3
ASHR,VC4
ASHR,VC5
ASHR,VC6
ASHR,VD1
ASHR,VD10
ASHR,VD11
ASHR,VD12
ASHR,VD13
ASHR,VD2
ASHR,VD3
ASHR,VD4
ASHR,VD5
ASHR,VD6
ASHR,VD7
ASHR,VD8
ASHR,VD9
ASIL,ASIL
ASIL,ASIR
ASIL,ASJL
ASIL,ASJR
ASIL,ASKL
ASIL,ASKR
ASIL,AUAL
ASIL,AUAR
ASIL,AVAL
ASIL,AVAR
ASIL,AVDL
ASIL,AVDR
ASIL,AVFL
ASIL,AVFR
ASIL,AVG
ASIL,AVM
ASIL,AWAL
ASIL,AWAR
ASIL,AWBL
ASIL,AWBR
ASIL,DB2
ASIL,DD1
ASIL,DD2
ASIL,DD3
ASIL,DD4
ASIL,DD5
ASIL,DD6
ASIL,DVA
ASIL,FLPL
ASIL,FLPR
ASIL,HSNL
ASIL,HSNR
ASIL,I1L
ASIL,I1R
ASIL,IL2DL
ASIL,IL2DR
ASIL,IL2L
ASIL,IL2R
ASIL,IL2VL
ASIL,IL2VR
ASIL,M2L
ASIL,M2R
ASIL,M3L
ASIL,M3R
ASIL,M4
ASIL,MCL
ASIL,MCR
ASIL,OLLL
ASIL,OLLR
ASIL,OLQDL
ASIL,OLQDR
ASIL,OLQVL
ASIL,OLQVR
ASIL,PHAL
ASIL,PHAR
ASIL,PHBL
ASIL,PHBR
ASIL,PLML
ASIL,PLMR
ASIL,PQR
ASIL,PVCL
ASIL,PVCR
ASIL,PVDL
ASIL,PVDR
ASIL,PVM
ASIL,PVPL
ASIL,PVPR
ASIL,PVQL
ASIL,PVQR
ASIL,PVWL
ASIL,PVWR
ASIL,RIFL
ASIL,RIFR
ASIL,RIGL
ASIL,RIGR
ASIL,RIML
ASIL,RIMR
ASIL,RIVL
ASIL,RIVR
ASIL,RMED
ASIL,RMEL
ASIL,RMER
ASIL,RMEV
ASIL,RMGL
ASIL,RMGR
ASIL,SAADL
ASIL,SAADR
ASIL,SABD
ASIL,SABVL
ASIL,SABVR
ASIL,SDQL
ASIL,SDQR
ASIL,SMBDL
ASIL,SMBDR
ASIL,URADL
ASIL,URADR
ASIL,URAVL
ASIL,URAVR
ASIL,URXL
ASIL,URXR
ASIL,URYDL
ASIL,URYDR
ASIL,URYVL
ASIL,URYVR
ASIL,VD1
ASIL,VD10
ASIL,VD11
ASIL,VD12
ASIL,VD13
ASIL,VD2
ASIL,VD3
ASIL,VD4
ASIL,VD5
ASIL,VD6
ASIL,VD7
ASIL,VD8
ASIL,VD9
ASIR,ASIR
ASIR,ASJL
ASIR,ASJR
ASIR,ASKL
ASIR,ASKR
ASIR,AUAL
ASIR,AUAR
ASIR,AVAL
ASIR,AVAR
ASIR,AVDL
ASIR,AVDR
ASIR,AVFL
ASIR,AVFR
ASIR,AVG
ASIR,AVM
ASIR,AWAL
ASIR,AWAR
ASIR,AWBL
ASIR,AWBR
ASIR,DB2
ASIR,DD1
ASIR,DD2
ASIR,DD3
ASIR,DD4
ASIR,DD5
ASIR,DD6
ASIR,DVA
ASIR,FLPL
ASIR,FLPR
ASIR,HSNL
ASIR,HSNR
ASIR,I1L
ASIR,I1R
ASIR,IL2DL
ASIR,IL2DR
ASIR,IL2L
ASIR,IL2R
ASIR,IL2VL
ASIR,IL2VR
ASIR,M2L
ASIR,M2R
ASIR,M3L
ASIR,M3R
ASIR,M4
ASIR,MCL
ASIR,MCR
ASIR,OLLL
ASIR,OLLR
ASIR,OLQDL
ASIR,OLQDR
ASIR,OLQVL
ASIR,OLQVR
ASIR,PHAL
ASIR,PHAR
ASIR,PHBL
ASIR,PHBR
ASIR,PLML
ASIR,PLMR
ASIR,PQR
ASIR,PVCL
ASIR,PVCR
ASIR,PVDL
ASIR,PVDR
ASIR,PVM
ASIR,PVPL
ASIR,PVPR
ASIR,PVQL
ASIR,PVQR
ASIR,PVWL
ASIR,PVWR
ASIR,RIFL
ASIR,RIFR
ASIR,RIGL
ASIR,RIGR
ASIR,RIML
ASIR,RIMR
ASIR,RIVL
ASIR,RIVR
ASIR,RMED
ASIR,RMEL
ASIR,RMER
ASIR,RMEV
ASIR,RMGL
ASIR,RMGR
ASIR,SAADL
ASIR,SAADR
ASIR,SABD
ASIR,SABVL
ASIR,SABVR
ASIR,SDQL
ASIR,SDQR
ASIR,SMBDL
ASIR,SMBDR
ASIR,URADL
ASIR,URADR
ASIR,URAVL
ASIR,URAVR
ASIR,URXL
ASIR,URXR
ASIR,URYDL
ASIR,URYDR
ASIR,URYVL
ASIR,URYVR
ASIR,VD1
ASIR,VD10
ASIR,VD11
ASIR,VD12
ASIR,VD13
ASIR,VD2
ASIR,VD3
ASIR,VD4
ASIR,VD5
ASIR,VD6
ASIR,VD7
ASIR,VD8
ASIR,VD9
ASJL,ASJL
ASJL,ASJR
ASJL,ASKL
ASJL,ASKR
ASJL,AUAL
ASJL,AUAR
ASJL,AVAL
ASJL,AVAR
ASJL,AWAL
ASJL,AWAR
ASJL,AWBL
ASJL,AWBR
ASJL,DD1
ASJL,DD2
ASJL,DD3
ASJL,DD4
ASJL,DD5
ASJL,DD6
ASJL,FLPL
ASJL,FLPR
ASJL,IL2DL
ASJL,IL2DR
ASJL,IL2L
ASJL,IL2R
ASJL,IL2VL
ASJL,IL2VR
ASJL,M2L
ASJL,M2R
ASJL,M3L
ASJL,M3R
ASJL,M4
ASJL,MCL
ASJL,MCR
ASJL,OLQDL
ASJL,OLQDR
ASJL,OLQVL
ASJL,OLQVR
ASJL,PHAL
ASJL,PHAR
ASJL,PHBL
ASJL,PHBR
ASJL,PQR
ASJL,PVDL
ASJL,PVDR
ASJL,PVQL
ASJL,PVQR
ASJL,RIGL
ASJL,RIGR
ASJL,RIML
ASJL,RIMR
ASJL,RIVL
ASJL,RIVR
ASJL,RMGL
ASJL,RMGR
ASJL,SAADL
ASJL,SAADR
ASJL,SABD
ASJL,SABVL
ASJL,SABVR
ASJL,SDQL
ASJL,SDQR
ASJL,SMBDL
ASJL,SMBDR
ASJL,URADL
ASJL,URADR
ASJL,URAVL
ASJL,URAVR
ASJL,URXL
ASJL,URXR
ASJL,VD1
ASJL,VD10
ASJL,VD11
ASJL,VD12
ASJL,VD13
ASJL,VD2
ASJL,VD3
ASJL,VD4
ASJL,VD5
ASJL,VD6
ASJL,VD7
ASJL,VD8
ASJL,VD9
ASJR,ASJR
ASJR,ASKL
ASJR,ASKR
ASJR,AUAL
ASJR,AUAR
ASJR,AVAL
ASJR,AVAR
ASJR,AWAL
ASJR,AWAR
ASJR,AWBL
ASJR,AWBR
ASJR,DD1
ASJR,DD2
ASJR,DD3
ASJR,DD4
ASJR,DD5
ASJR,DD6
ASJR,FLPL
ASJR,FLPR
ASJR,IL2DL
ASJR,IL2DR
ASJR,IL2L
ASJR,IL2R
ASJR,IL2VL
ASJR,IL2VR
ASJR,M2L
ASJR,M2R
ASJR,M3L
ASJR,M3R
ASJR,M4
ASJR,MCL
ASJR,MCR
ASJR,OLQDL
ASJR,OLQDR
ASJR,OLQVL
ASJR,OLQVR
ASJR,PHAL
ASJR,PHAR
ASJR,PHBL
ASJR,PHBR
ASJR,PQR
ASJR,PVDL
ASJR,PVDR
ASJR,PVQL
ASJR,PVQR
ASJR,RIGL
ASJR,RIGR
ASJR,RIML
ASJR,RIMR
ASJR,RIVL
ASJR,RIVR
ASJR,RMGL
ASJR,RMGR
ASJR,SAADL
ASJR,SAADR
ASJR,SABD
ASJR,SABVL
ASJR,SABVR
ASJR,SDQL
ASJR,SDQR
ASJR,SMBDL
ASJR,SMBDR
ASJR,URADL
ASJR,URADR
ASJR,URAVL
ASJR,URAVR
ASJR,URXL
ASJR,URXR
ASJR,VD1
ASJR,VD10
ASJR,VD11
ASJR,VD12
ASJR,VD13
ASJR,VD2
ASJR,VD3
ASJR,VD4
ASJR,VD5
ASJR,VD6
ASJR,VD7
ASJR,VD8
ASJR,VD9
ASKL,ASKL
ASKL,ASKR
ASKL,AUAL
ASKL,AUAR
ASKL,AVAL
ASKL,AVAR
ASKL,AVDL
ASKL,AVDR
ASKL,AVEL
ASKL,AVER
ASKL,AVFL
ASKL,AVFR
ASKL,AVM
ASKL,AWAL
ASKL,AWAR
ASKL,AWBL
ASKL,AWBR
ASKL,DB2
ASKL,DD1
ASKL,DD2
ASKL,DD3
ASKL,DD4
ASKL,DD5
ASKL,DD6
ASKL,DVA
ASKL,FLPL
ASKL,FLPR
ASKL,I1L
ASKL,I1R
ASKL,IL2DL
ASKL,IL2DR
ASKL,IL2L
ASKL,IL2R
ASKL,IL2VL
ASKL,IL2VR
ASKL,M2L
ASKL,M2R
ASKL,M3L
ASKL,M3R
ASKL,M4
ASKL,MCL
ASKL,MCR
ASKL,OLLL
ASKL,OLLR
ASKL,OLQDL
ASKL,OLQDR
ASKL,OLQVL
ASKL,OLQVR
ASKL,PHAL
ASKL,PHAR
ASKL,PHBL
ASKL,PHBR
ASKL,PLML
ASKL,PLMR
ASKL,PQR
ASKL,PVCL
ASKL,PVCR
ASKL,PVDL
ASKL,PVDR
ASKL,PVM
ASKL,PVQL
ASKL,PVQR
ASKL,PVWL
ASKL,PVWR
ASKL,RIAL
ASKL,RIAR
ASKL,RIFL
ASKL,RIFR
ASKL,RIGL
ASKL,RIGR
ASKL,RIML
ASKL,RIMR
ASKL,RIVL
ASKL,RIVR
ASKL,RMED
ASKL,RMEL
ASKL,RMER
ASKL,RMEV
ASKL,RMGL
ASKL,RMGR
ASKL,SAADL
ASKL,SAADR
ASKL,SABD
ASKL,SABVL
ASKL,SABVR
ASKL,SDQL
ASKL,SDQR
ASKL,SMBDL
ASKL,SMBDR
ASKL,URADL
ASKL,URADR
ASKL,URAVL
ASKL,URAVR
ASKL,URXL
ASKL,URXR
ASKL,URYDL
ASKL,URYDR
ASKL,URYVL
ASKL,URYVR
ASKL,VD1
ASKL,VD10
ASKL,VD11
ASKL,VD12
ASKL,VD13
ASKL,VD2
ASKL,VD3
ASKL,VD4
ASKL,VD5
ASKL,VD6
ASKL,VD7
ASKL,VD8
ASKL,VD9
ASKR,ASKR
ASKR,AUAL
ASKR,AUAR
ASKR,AVAL
ASKR,AVAR
ASKR,AVDL
ASKR,AVDR
ASKR,AVEL
ASKR,AVER
ASKR,AVFL
ASKR,AVFR
ASKR,AVM
ASKR,AWAL
ASKR,AWAR
ASKR,AWBL
ASKR,AWBR
ASKR,DB2
ASKR,DD1
ASKR,DD2
ASKR,DD3
ASKR,DD4
ASKR,DD5
ASKR,DD6
ASKR,DVA
ASKR,FLPL
ASKR,FLPR
ASKR,I1L
ASKR,I1R
ASKR,IL2DL
ASKR,IL2DR
ASKR,IL2L
ASKR,IL2R
ASKR,IL2VL
ASKR,IL2VR
ASKR,M2L
ASKR,M2R
ASKR,M3L
ASKR,M3R
ASKR,M4
ASKR,MCL
ASKR,MCR
ASKR,OLLL
ASKR,OLLR
ASKR,OLQDL
ASKR,OLQDR
ASKR,OLQVL
ASKR,OLQVR
ASKR,PHAL
ASKR,PHAR
ASKR,PHBL
ASKR,PHBR
ASKR,PLML
ASKR,PLMR
ASKR,PQR
ASKR,PVCL
ASKR,PVCR
ASKR,PVDL
ASKR,PVDR
ASKR,PVM
ASKR,PVQL
ASKR,PVQR
ASKR,PVWL
ASKR,PVWR
ASKR,RIAL
ASKR,RIAR
ASKR,RIFL
ASKR,RIFR
ASKR,RIGL
ASKR,RIGR
ASKR,RIML
ASKR,RIMR
ASKR,RIVL
ASKR,RIVR
ASKR,RMED
ASKR,RMEL
ASKR,RMER
ASKR,RMEV
ASKR,RMGL
ASKR,RMGR
ASKR,SAADL
ASKR,SAADR
ASKR,SABD
ASKR,SABVL
ASKR,SABVR
ASKR,SDQL
ASKR,SDQR
ASKR,SMBDL
ASKR,SMBDR
ASKR,URADL
ASKR,URADR
ASKR,URAVL
ASKR,URAVR
ASKR,URXL
ASKR,URXR
ASKR,URYDL
ASKR,URYDR
ASKR,URYVL
ASKR,URYVR
ASKR,VD1
ASKR,VD10
ASKR,VD11
ASKR,VD12
ASKR,VD13
ASKR,VD2
ASKR,VD3
ASKR,VD4
ASKR,VD5
ASKR,VD6
ASKR,VD7
ASKR,VD8
ASKR,VD9
AUAL,AVAL
AUAL,AVAR
AUAL,DVA
AUAL,FLPL
AUAL,FLPR
AUAL,HSNL
AUAL,HSNR
AUAL,M2L
AUAL,M2R
AUAL,M3L
AUAL,M3R
AUAL,M4
AUAL,MCL
AUAL,MCR
AUAL,RIGL
AUAL,RIGR
AUAL,RIML
AUAL,RIMR
AUAL,RMGL
AUAL,RMGR
AUAL,SDQL
AUAL,SDQR
AUAL,URADL
AUAL,URADR
AUAL,URAVL
AUAL,URAVR
AUAL,URXL
AUAL,URXR
AUAR,AVAL
AUAR,AVAR
AUAR,DVA
AUAR,FLPL
AUAR,FLPR
AUAR,HSNL
AUAR,HSNR
AUAR,M2L
AUAR,M2R
AUAR,M3L
AUAR,M3R
AUAR,M4
AUAR,MCL
AUAR,MCR
AUAR,RIGL
AUAR,RIGR
AUAR,RIML
AUAR,RIMR
AUAR,RMGL
AUAR,RMGR
AUAR,SDQL
AUAR,SDQR
AUAR,URADL
AUAR,URADR
AUAR,URAVL
AUAR,URAVR
AUAR,URXL
AUAR,URXR
AVAL,AVAL
AVAL,AVAR
AVAL,AVEL
AVAL,AVER
AVAL,AVKL
AVAL,AVKR
AVAL,AVM
AVAL,AWAL
AVAL,AWAR
AVAL,AWBL
AVAL,AWBR
AVAL,AWCL
AVAL,AWCR
AVAL,BAGL
AVAL,BAGR
AVAL,BDUL
AVAL,BDUR
AVAL,DD1
AVAL,DD2
AVAL,DD3
AVAL,DD4
AVAL,DD5
AVAL,DD6
AVAL,FLPL
AVAL,FLPR
AVAL,I5
AVAL,I6
AVAL,IL2DL
AVAL,IL2DR
AVAL,IL2L
AVAL,IL2R
AVAL,IL2VL
AVAL,IL2VR
AVAL,M2L
AVAL,M2R
AVAL,M3L
AVAL,M3R
AVAL,M5
AVAL,NSML
AVAL,NSMR
AVAL,OLQDL
AVAL,OLQDR
AVAL,OLQVL
AVAL,OLQVR
AVAL,PHAL
AVAL,PHAR
AVAL,PHBL
AVAL,PHBR
AVAL,PQR
AVAL,PVDL
AVAL,PVDR
AVAL,RIGL
AVAL,RIGR
AVAL,RIML
AVAL,RIMR
AVAL,RIVL
AVAL,RIVR
AVAL,RMGL
AVAL,RMGR
AVAL,SAADL
AVAL,SAADR
AVAL,SDQL
AVAL,SDQR
AVAL,SMBDL
AVAL,SMBDR
AVAL,URXL
AVAL,URXR
AVAL,VD1
AVAL,VD10
AVAL,VD11
AVAL,VD12
AVAL,VD13
AVAL,VD2
AVAL,VD3
AVAL,VD4
AVAL,VD5
AVAL,VD6
AVAL,VD7
AVAL,VD8
AVAL,VD9
AVAR,AVAR
AVAR,AVEL
AVAR,AVER
AVAR,AVKL
AVAR,AVKR
AVAR,AVM
AVAR,AWAL
AVAR,AWAR
AVAR,AWBL
AVAR,AWBR
AVAR,AWCL
AVAR,AWCR
AVAR,BAGL
AVAR,BAGR
AVAR,BDUL
AVAR,BDUR
AVAR,DD1
AVAR,DD2
AVAR,DD3
AVAR,DD4
AVAR,DD5
AVAR,DD6
AVAR,FLPL
AVAR,FLPR
AVAR,I5
AVAR,I6
AVAR,IL2DL
AVAR,IL2DR
AVAR,IL2L
AVAR,IL2R
AVAR,IL2VL
AVAR,IL2VR
AVAR,M2L
AVAR,M2R
AVAR,M3L
AVAR,M3R
AVAR,M5
AVAR,NSML
AVAR,NSMR
AVAR,OLQDL
AVAR,OLQDR
AVAR,OLQVL
AVAR,OLQVR
AVAR,PHAL
AVAR,PHAR
AVAR,PHBL
AVAR,PHBR
AVAR,PQR
AVAR,PVDL
AVAR,PVDR
AVAR,RIGL
AVAR,RIGR
AVAR,RIML
AVAR,RIMR
AVAR,RIVL
AVAR,RIVR
AVAR,RMGL
AVAR,RMGR
AVAR,SAADL
AVAR,SAADR
AVAR,SDQL
AVAR,SDQR
AVAR,SMBDL
AVAR,SMBDR
AVAR,URXL
AVAR,URXR
AVAR,VD1
AVAR,VD10
AVAR,VD11
AVAR,VD12
AVAR,VD13
AVAR,VD2
AVAR,VD3
AVAR,VD4
AVAR,VD5
AVAR,VD6
AVAR,VD7
AVAR,VD8
AVAR,VD9
AVBL,AVDL
AVBL,AVDR
AVBL,AVFL
AVBL,AVFR
AVBL,AVM
AVBL,DB2
AVBL,FLPL
AVBL,FLPR
AVBL,I1L
AVBL,I1R
AVBL,OLLL
AVBL,OLLR
AVBL,OLQDL
AVBL,OLQDR
AVBL,OLQVL
AVBL,OLQVR
AVBL,PHAL
AVBL,PHAR
AVBL,PHBL
AVBL,PHBR
AVBL,PLML
AVBL,PLMR
AVBL,PQR
AVBL,PVCL
AVBL,PVCR
AVBL,PVM
AVBL,PVQL
AVBL,PVQR
AVBL,PVWL
AVBL,PVWR
AVBL,RIFL
AVBL,RIFR
AVBL,RMED
AVBL,RMEL
AVBL,RMER
AVBL,RMEV
AVBL,URXL
AVBL,URXR
AVBL,URYDL
AVBL,URYDR
AVBL,URYVL
AVBL,URYVR
AVBR,AVDL
AVBR,AVDR
AVBR,AVFL
AVBR,AVFR
AVBR,AVM
AVBR,DB2
AVBR,FLPL
AVBR,FLPR
AVBR,I1L
AVBR,I1R
AVBR,OLLL
AVBR,OLLR
AVBR,OLQDL
AVBR,OLQDR
AVBR,OLQVL
AVBR,OLQVR
AVBR,PHAL
AVBR,PHAR
AVBR,PHBL
AVBR,PHBR
AVBR,PLML
AVBR,PLMR
AVBR,PQR
AVBR,PVCL
AVBR,PVCR
AVBR,PVM
AVBR,PVQL
AVBR,PVQR
AVBR,PVWL
AVBR,PVWR
AVBR,RIFL
AVBR,RIFR
AVBR,RMED
AVBR,RMEL
AVBR,RMER
AVBR,RMEV
AVBR,URXL
AVBR,URXR
AVBR,URYDL
AVBR,URYDR
AVBR,URYVL
AVBR,URYVR
AVDL,AVDL
AVDL,AVDR
AVDL,AVFL
AVDL,AVFR
AVDL,AVG
AVDL,AVM
AVDL,BDUL
AVDL,BDUR
AVDL,DB2
AVDL,FLPL
AVDL,FLPR
AVDL,I1L
AVDL,I1R
AVDL,LUAL
AVDL,LUAR
AVDL,OLLL
AVDL,OLLR
AVDL,OLQDL
AVDL,OLQDR
AVDL,OLQVL
AVDL,OLQVR
AVDL,PHAL
AVDL,PHAR
AVDL,PHBL
AVDL,PHBR
AVDL,PLML
AVDL,PLMR
AVDL,PQR
AVDL,PVCL
AVDL,PVCR
AVDL,PVM
AVDL,PVNL
AVDL,PVNR
AVDL,PVPL
AVDL,PVPR
AVDL,PVQL
AVDL,PVQR
AVDL,PVT
AVDL,PVWL
AVDL,PVWR
AVDL,RID
AVDL,RIFL
AVDL,RIFR
AVDL,RIML
AVDL,RIMR
AVDL,RIS
AVDL,RMED
AVDL,RMEL
AVDL,RMER
AVDL,RMEV
AVDL,RMGL
AVDL,RMGR
AVDL,SAADL
AVDL,SAADR
AVDL,SAAVL
AVDL,SAAVR
AVDL,SIADL
AVDL,SIADR
AVDL,SIAVL
AVDL,SIAVR
AVDL,URXL
AVDL,URXR
AVDL,URYDL
AVDL,URYDR
AVDL,URYVL
AVDL,URYVR
AVDR,AVDR
AVDR,AVFL
AVDR,AVFR
AVDR,AVG
AVDR,AVM
AVDR,BDUL
AVDR,BDUR
AVDR,DB2
AVDR,FLPL
AVDR,FLPR
AVDR,I1L
AVDR,I1R
AVDR,LUAL
AVDR,LUAR
AVDR,OLLL
AVDR,OLLR
AVDR,OLQDL
AVDR,OLQDR
AVDR,OLQVL
AVDR,OLQVR
AVDR,PHAL
AVDR,PHAR
AVDR,PHBL
AVDR,PHBR
AVDR,PLML
AVDR,PLMR
AVDR,PQR
AVDR,PVCL
AVDR,PVCR
AVDR,PVM
AVDR,PVNL
AVDR,PVNR
AVDR,PVPL
AVDR,PVPR
AVDR,PVQL
AVDR,PVQR
AVDR,PVT
AVDR,PVWL
AVDR,PVWR
AVDR,RID
AVDR,RIFL
AVDR,RIFR
AVDR,RIML
AVDR,RIMR
AVDR,RIS
AVDR,RMED
AVDR,RMEL
AVDR,RMER
AVDR,RMEV
AVDR,RMGL
AVDR,RMGR
AVDR,SAADL
AVDR,SAADR
AVDR,SAAVL
AVDR,SAAVR
AVDR,SIADL
AVDR,SIADR
AVDR,SIAVL
AVDR,SIAVR
AVDR,URXL
AVDR,URXR
AVDR,URYDL
AVDR,URYDR
AVDR,URYVL
AVDR,URYVR
AVEL,BAGL
AVEL,BAGR
AVEL,BDUL
AVEL,BDUR
AVEL,DD1
AVEL,DD2
AVEL,DD3
AVEL,DD4
AVEL,DD5
AVEL,DD6
AVEL,I5
AVEL,M3L
AVEL,M3R
AVEL,M5
AVEL,PQR
AVEL,RIVL
AVEL,RIVR
AVER,BAGL
AVER,BAGR
AVER,BDUL
AVER,BDUR
AVER,DD1
AVER,DD2
AVER,DD3
AVER,DD4
AVER,DD5
AVER,DD6
AVER,I5
AVER,M3L
AVER,M3R
AVER,M5
AVER,PQR
AVER,RIVL
AVER,RIVR
AVFL,AVG
AVFL,BDUL
AVFL,BDUR
AVFL,LUAL
AVFL,LUAR
AVFL,PHAL
AVFL,PHAR
AVFL,PHBL
AVFL,PHBR
AVFL,PQR
AVFL,PVNL
AVFL,PVNR
AVFL,PVPL
AVFL,PVPR
AVFL,PVT
AVFL,RID
AVFL,RIML
AVFL,RIMR
AVFL,RIS
AVFL,RMED
AVFL,RMEL
AVFL,RMER
AVFL,RMEV
AVFL,RMGL
AVFL,RMGR
AVFL,SAADL
AVFL,SAADR
AVFL,SAAVL
AVFL,SAAVR
AVFL,SIADL
AVFL,SIADR
AVFL,SIAVL
AVFL,SIAVR
AVFR,AVG
AVFR,BDUL
AVFR,BDUR
AVFR,LUAL
AVFR,LUAR
AVFR,PHAL
AVFR,PHAR
AVFR,PHBL
AVFR,PHBR
AVFR,PQR
AVFR,PVNL
AVFR,PVNR
AVFR,PVPL
AVFR,PVPR
AVFR,PVT
AVFR,RID
AVFR,RIML
AVFR,RIMR
AVFR,RIS
AVFR,RMED
AVFR,RMEL
AVFR,RMER
AVFR,RMEV
AVFR,RMGL
AVFR,RMGR
AVFR,SAADL
AVFR,SAADR
AVFR,SAAVL
AVFR,SAAVR
AVFR,SIADL
AVFR,SIADR
AVFR,SIAVL
AVFR,SIAVR
AVG,AVM
AVG,DB2
AVG,FLPL
AVG,FLPR
AVG,I1L
AVG,I1R
AVG,OLLL
AVG,OLLR
AVG,OLQDL
AVG,OLQDR
AVG,OLQVL
AVG,OLQVR
AVG,PHAL
AVG,PHAR
AVG,PHBL
AVG,PHBR
AVG,PLML
AVG,PLMR
AVG,PQR
AVG,PVCL
AVG,PVCR
AVG,PVM
AVG,PVQL
AVG,PVQR
AVG,PVWL
AVG,PVWR
AVG,RIFL
AVG,RIFR
AVG,RMED
AVG,RMEL
AVG,RMER
AVG,RMEV
AVG,URXL
AVG,URXR
AVG,URYDL
AVG,URYDR
AVG,URYVL
AVG,URYVR
AVKL,BAGL
AVKL,BAGR
AVKL,BDUL
AVKL,BDUR
AVKL,I2L
AVKL,I2R
AVKL,PQR
AVKL,PVQL
AVKL,PVQR
AVKL,PVR
AVKL,PVWL
AVKL,PVWR
AVKL,RICL
AVKL,RICR
AVKL,RIVL
AVKL,RIVR
AVKR,BAGL
AVKR,BAGR
AVKR,BDUL
AVKR,BDUR
AVKR,I2L
AVKR,I2R
AVKR,PQR
AVKR,PVQL
AVKR,PVQR
AVKR,PVR
AVKR,PVWL
AVKR,PVWR
AVKR,RICL
AVKR,RICR
AVKR,RIVL
AVKR,RIVR
AVM,BAGL
AVM,BAGR
AVM,BDUL
AVM,BDUR
AVM,LUAL
AVM,LUAR
AVM,PHAL
AVM,PHAR
AVM,PHBL
AVM,PHBR
AVM,PQR
AVM,PVNL
AVM,PVNR
AVM,PVPL
AVM,PVPR
AVM,PVT
AVM,RID
AVM,RIML
AVM,RIMR
AVM,RIS
AVM,RIVL
AVM,RIVR
AVM,RMED
AVM,RMEL
AVM,RMER
AVM,RMEV
AVM,RMGL
AVM,RMGR
AVM,SAADL
AVM,SAADR
AVM,SAAVL
AVM,SAAVR
AVM,SIADL
AVM,SIADR
AVM,SIAVL
AVM,SIAVR
AWAL,FLPL
AWAL,FLPR
AWAL,M2L
AWAL,M2R
AWAL,M3L
AWAL,M3R
AWAL,M4
AWAL,MCL
AWAL,MCR
AWAL,RIGL
AWAL,RIGR
AWAL,RIML
AWAL,RIMR
AWAL,RMGL
AWAL,RMGR
AWAL,URADL
AWAL,URADR
AWAL,URAVL
AWAL,URAVR
AWAL,URXL
AWAL,URXR
AWAR,FLPL
AWAR,FLPR
AWAR,M2L
AWAR,M2R
AWAR,M3L
AWAR,M3R
AWAR,M4
AWAR,MCL
AWAR,MCR
AWAR,RIGL
AWAR,RIGR
AWAR,RIML
AWAR,RIMR
AWAR,RMGL
AWAR,RMGR
AWAR,URADL
AWAR,URADR
AWAR,URAVL
AWAR,URAVR
AWAR,URXL
AWAR,URXR
AWBL,FLPL
AWBL,FLPR
AWBL,M2L
AWBL,M2R
AWBL,M3L
AWBL,M3R
AWBL,M4
AWBL,MCL
AWBL,MCR
AWBL,RIGL
AWBL,RIGR
AWBL,RIML
AWBL,RIMR
AWBL,RMGL
AWBL,RMGR
AWBL,URADL
AWBL,URADR
AWBL,URAVL
AWBL,URAVR
AWBL,URXL
AWBL,URXR
AWBR,FLPL
AWBR,FLPR
AWBR,M2L
AWBR,M2R
AWBR,M3L
AWBR,M3R
AWBR,M4
AWBR,MCL
AWBR,MCR
AWBR,RIGL
AWBR,RIGR
AWBR,RIML
AWBR,RIMR
AWBR,RMGL
AWBR,RMGR
AWBR,URADL
AWBR,URADR
AWBR,URAVL
AWBR,URAVR
AWBR,URXL
AWBR,URXR
AWCL,BAGL
AWCL,BAGR
AWCL,BDUL
AWCL,BDUR
AWCL,PQR
AWCL,RIVL
AWCL,RIVR
AWCR,BAGL
AWCR,BAGR
AWCR,BDUL
AWCR,BDUR
AWCR,PQR
AWCR,RIVL
AWCR,RIVR
BAGL,DVA
BAGL,FLPL
BAGL,FLPR
BAGL,HSNL
BAGL,HSNR
BAGL,I1L
BAGL,I1R
BAGL,I5
BAGL,I6
BAGL,M2L
BAGL,M2R
BAGL,M3L
BAGL,M3R
BAGL,M5
BAGL,NSML
BAGL,NSMR
BAGL,PHAL
BAGL,PHAR
BAGL,PHBL
BAGL,PHBR
BAGL,PVDL
BAGL,PVDR
BAGL,PVM
BAGL,RIAL
BAGL,RIAR
BAGL,RIGL
BAGL,RIGR
BAGL,RIML
BAGL,RIMR
BAGL,RMGL
BAGL,RMGR
BAGL,SDQL
BAGL,SDQR
BAGR,DVA
BAGR,FLPL
BAGR,FLPR
BAGR,HSNL
BAGR,HSNR
BAGR,I1L
BAGR,I1R
BAGR,I5
BAGR,I6
BAGR,M2L
BAGR,M2R
BAGR,M3L
BAGR,M3R
BAGR,M5
BAGR,NSML
BAGR,NSMR
BAGR,PHAL
BAGR,PHAR
BAGR,PHBL
BAGR,PHBR
BAGR,PVDL
BAGR,PVDR
BAGR,PVM
BAGR,RIAL
BAGR,RIAR
BAGR,RIGL
BAGR,RIGR
BAGR,RIML
BAGR,RIMR
BAGR,RMGL
BAGR,RMGR
BAGR,SDQL
BAGR,SDQR
BDUL,DB2
BDUL,DD1
BDUL,DD2
BDUL,DD3
BDUL,DD4
BDUL,DD5
BDUL,DD6
BDUL,DVA
BDUL,FLPL
BDUL,FLPR
BDUL,HSNL
BDUL,HSNR
BDUL,I1L
BDUL,I1R
BDUL,I5
BDUL,I6
BDUL,M2L
BDUL,M2R
BDUL,M3L
BDUL,M3R
BDUL,M5
BDUL,NSML
BDUL,NSMR
BDUL,OLLL
BDUL,OLLR
BDUL,OLQDL
BDUL,OLQDR
BDUL,OLQVL
BDUL,OLQVR
BDUL,PHAL
BDUL,PHAR
BDUL,PHBL
BDUL,PHBR
BDUL,PLML
BDUL,PLMR
BDUL,PQR
BDUL,PVCL
BDUL,PVCR
BDUL,PVDL
BDUL,PVDR
BDUL,PVM
BDUL,PVQL
BDUL,PVQR
BDUL,PVWL
BDUL,PVWR
BDUL,RICL
BDUL,RICR
BDUL,RIFL
BDUL,RIFR
BDUL,RIGL
BDUL,RIGR
BDUL,RIML
BDUL,RIMR
BDUL,RMED
BDUL,RMEL
BDUL,RMER
BDUL,RMEV
BDUL,RMGL
BDUL,RMGR
BDUL,SDQL
BDUL,SDQR
BDUL,URXL
BDUL,URXR
BDUL,URYDL
BDUL,URYDR
BDUL,URYVL
BDUL,URYVR
BDUL,VC1
BDUL,VC2
BDUL,VC3
BDUL,VC4
BDUL,VC5
BDUL,VC6
BDUL,VD1
BDUL,VD10
BDUL,VD11
BDUL,VD12
BDUL,VD13
BDUL,VD2
BDUL,VD3
BDUL,VD4
BDUL,VD5
BDUL,VD6
BDUL,VD7
BDUL,VD8
BDUL,VD9
BDUR,DB2
BDUR,DD1
BDUR,DD2
BDUR,DD3
BDUR,DD4
BDUR,DD5
BDUR,DD6
BDUR,DVA
BDUR,FLPL
BDUR,FLPR
BDUR,HSNL
BDUR,HSNR
BDUR,I1L
BDUR,I1R
BDUR,I5
BDUR,I6
BDUR,M2L
BDUR,M2R
BDUR,M3L
BDUR,M3R
BDUR,M5
BDUR,NSML
BDUR,NSMR
BDUR,OLLL
BDUR,OLLR
BDUR,OLQDL
BDUR,OLQDR
BDUR,OLQVL
BDUR,OLQVR
BDUR,PHAL
BDUR,PHAR
BDUR,PHBL
BDUR,PHBR
BDUR,PLML
BDUR,PLMR
BDUR,PQR
BDUR,PVCL
BDUR,PVCR
BDUR,PVDL
BDUR,PVDR
BDUR,PVM
BDUR,PVQL
BDUR,PVQR
BDUR,PVWL
BDUR,PVWR
BDUR,RICL
BDUR,RICR
BDUR,RIFL
BDUR,RIFR
BDUR,RIGL
BDUR,RIGR
BDUR,RIML
BDUR,RIMR
BDUR,RMED
BDUR,RMEL
BDUR,RMER
BDUR,RMEV
BDUR,RMGL
BDUR,RMGR
BDUR,SDQL
BDUR,SDQR
BDUR,URXL
BDUR,URXR
BDUR,URYDL
BDUR,URYDR
BDUR,URYVL
BDUR,URYVR
BDUR,VC1
BDUR,VC2
BDUR,VC3
BDUR,VC4
BDUR,VC5
BDUR,VC6
BDUR,VD1
BDUR,VD10
BDUR,VD11
BDUR,VD12
BDUR,VD13
BDUR,VD2
BDUR,VD3
BDUR,VD4
BDUR,VD5
BDUR,VD6
BDUR,VD7
BDUR,VD8
BDUR,VD9
DA1,DVA
DA1,I2L
DA1,I2R
DA1,PHAL
DA1,PHAR
DA2,DVA
DA2,I2L
DA2,I2R
DA2,PHAL
DA2,PHAR
DA3,DVA
DA3,I2L
DA3,I2R
DA3,PHAL
DA3,PHAR
DA4,DVA
DA4,I2L
DA4,I2R
DA4,PHAL
DA4,PHAR
DA5,DVA
DA5,I2L
DA5,I2R
DA5,PHAL
DA5,PHAR
DA6,DVA
DA6,I2L
DA6,I2R
DA6,PHAL
DA6,PHAR
DA7,DVA
DA7,I2L
DA7,I2R
DA7,PHAL
DA7,PHAR
DA8,DVA
DA8,I2L
DA8,I2R
DA8,PHAL
DA8,PHAR
DA9,DVA
DA9,I2L
DA9,I2R
DA9,PHAL
DA9,PHAR
DB1,DVA
DB1,I2L
DB1,I2R
DB1,PHAL
DB1,PHAR
DB2,DVA
DB2,I2L
DB2,I2R
DB2,LUAL
DB2,LUAR
DB2,PHAL
DB2,PHAR
DB2,PHBL
DB2,PHBR
DB2,PQR
DB2,PVNL
DB2,PVNR
DB2,PVPL
DB2,PVPR
DB2,PVT
DB2,RID
DB2,RIML
DB2,RIMR
DB2,RIS
DB2,RMED
DB2,RMEL
DB2,RMER
DB2,RMEV
DB2,RMGL
DB2,RMGR
DB2,SAADL
DB2,SAADR
DB2,SAAVL
DB2,SAAVR
DB2,SIADL
DB2,SIADR
DB2,SIAVL
DB2,SIAVR
DB3,DVA
DB3,I2L
DB3,I2R
DB3,PHAL
DB3,PHAR
DB4,DVA
DB4,I2L
DB4,I2R
DB4,PHAL
DB4,PHAR
DB5,DVA
DB5,I2L
DB5,I2R
DB5,PHAL
DB5,PHAR
DB6,DVA
DB6,I2L
DB6,I2R
DB6,PHAL
DB6,PHAR
DB7,DVA
DB7,I2L
DB7,I2R
DB7,PHAL
DB7,PHAR
DD1,DVA
DD1,FLPL
DD1,FLPR
DD1,I1L
DD1,I1R
DD1,I2L
DD1,I2R
DD1,M2L
DD1,M2R
DD1,M3L
DD1,M3R
DD1,M4
DD1,MCL
DD1,MCR
DD1,PQR
DD1,PVM
DD1,PVQL
DD1,PVQR
DD1,PVR
DD1,PVWL
DD1,PVWR
DD1,RIAL
DD1,RIAR
DD1,RICL
DD1,RICR
DD1,RIGL
DD1,RIGR
DD1,RIML
DD1,RIMR
DD1,RMGL
DD1,RMGR
DD1,URADL
DD1,URADR
DD1,URAVL
DD1,URAVR
DD1,URXL
DD1,URXR
DD2,DVA
DD2,FLPL
DD2,FLPR
DD2,I1L
DD2,I1R
DD2,I2L
DD2,I2R
DD2,M2L
DD2,M2R
DD2,M3L
DD2,M3R
DD2,M4
DD2,MCL
DD2,MCR
DD2,PQR
DD2,PVM
DD2,PVQL
DD2,PVQR
DD2,PVR
DD2,PVWL
DD2,PVWR
DD2,RIAL
DD2,RIAR
DD2,RICL
DD2,RICR
DD2,RIGL
DD2,RIGR
DD2,RIML
DD2,RIMR
DD2,RMGL
DD2,RMGR
DD2,URADL
DD2,URADR
DD2,URAVL
DD2,URAVR
DD2,URXL
DD2,URXR
DD3,DVA
DD3,FLPL
DD3,FLPR
DD3,I1L
DD3,I1R
DD3,I2L
DD3,I2R
DD3,M2L
DD3,M2R
DD3,M3L
DD3,M3R
DD3,M4
DD3,MCL
DD3,MCR
DD3,PQR
DD3,PVM
DD3,PVQL
DD3,PVQR
DD3,PVR
DD3,PVWL
DD3,PVWR
DD3,RIAL
DD3,RIAR
DD3,RICL
DD3,RICR
DD3,RIGL
DD3,RIGR
DD3,RIML
DD3,RIMR
DD3,RMGL
DD3,RMGR
DD3,URADL
DD3,URADR
DD3,URAVL
DD3,URAVR
DD3,URXL
DD3,URXR
DD4,DVA
DD4,FLPL
DD4,FLPR
DD4,I1L
DD4,I1R
DD4,I2L
DD4,I2R
DD4,M2L
DD4,M2R
DD4,M3L
DD4,M3R
DD4,M4
DD4,MCL
DD4,MCR
DD4,PQR
DD4,PVM
DD4,PVQL
DD4,PVQR
DD4,PVR
DD4,PVWL
DD4,PVWR
DD4,RIAL
DD4,RIAR
DD4,RICL
DD4,RICR
DD4,RIGL
DD4,RIGR
DD4,RIML
DD4,RIMR
DD4,RMGL
DD4,RMGR
DD4,URADL
DD4,URADR
DD4,URAVL
DD4,URAVR
DD4,URXL
DD4,URXR
DD5,DVA
DD5,FLPL
DD5,FLPR
DD5,I1L
DD5,I1R
DD5,I2L
DD5,I2R
DD5,M2L
DD5,M2R
DD5,M3L
DD5,M3R
DD5,M4
DD5,MCL
DD5,MCR
DD5,PQR
DD5,PVM
DD5,PVQL
DD5,PVQR
DD5,PVR
DD5,PVWL
DD5,PVWR
DD5,RIAL
DD5,RIAR
DD5,RICL
DD5,RICR
DD5,RIGL
DD5,RIGR
DD5,RIML
DD5,RIMR
DD5,RMGL
DD5,RMGR
DD5,URADL
DD5,URADR
DD5,URAVL
DD5,URAVR
DD5,URXL
DD5,URXR
DD6,DVA
DD6,FLPL
DD6,FLPR
DD6,I1L
DD6,I1R
DD6,I2L
DD6,I2R
DD6,M2L
DD6,M2R
DD6,M3L
DD6,M3R
DD6,M4
DD6,MCL
DD6,MCR
DD6,PQR
DD6,PVM
DD6,PVQL
DD6,PVQR
DD6,PVR
DD6,PVWL
DD6,PVWR
DD6,RIAL
DD6,RIAR
DD6,RICL
DD6,RICR
DD6,RIGL
DD6,RIGR
DD6,RIML
DD6,RIMR
DD6,RMGL
DD6,RMGR
DD6,URADL
DD6,URADR
DD6,URAVL
DD6,URAVR
DD6,URXL
DD6,URXR
DVA,DVB
DVA,I2L
DVA,I2R
DVA,I5
DVA,M3L
DVA,M3R
DVA,M5
DVA,PQR
DVA,PVQL
DVA,PVQR
DVA,PVR
DVA,PVWL
DVA,PVWR
DVA,RICL
DVA,RICR
DVA,URXL
DVA,URXR
DVA,VA1
DVA,VA10
DVA,VA11
DVA,VA12
DVA,VA2
DVA,VA3
DVA,VA4
DVA,VA5
DVA,VA6
DVA,VA7
DVA,VA8
DVA,VA9
DVA,VB1
DVA,VB10
DVA,VB11
DVA,VB2
DVA,VB3
DVA,VB4
DVA,VB5
DVA,VB6
DVA,VB7
DVA,VB8
DVA,VB9
DVB,HSNL
DVB,HSNR
DVB,SDQL
DVB,SDQR
FLPL,FLPL
FLPL,FLPR
FLPL,IL2DL
FLPL,IL2DR
FLPL,IL2L
FLPL,IL2R
FLPL,IL2VL
FLPL,IL2VR
FLPL,LUAL
FLPL,LUAR
FLPL,M2L
FLPL,M2R
FLPL,M3L
FLPL,M3R
FLPL,M4
FLPL,MCL
FLPL,MCR
FLPL,OLQDL
FLPL,OLQDR
FLPL,OLQVL
FLPL,OLQVR
FLPL,PHAL
FLPL,PHAR
FLPL,PHBL
FLPL,PHBR
FLPL,PQR
FLPL,PVDL
FLPL,PVDR
FLPL,PVNL
FLPL,PVNR
FLPL,PVPL
FLPL,PVPR
FLPL,PVQL
FLPL,PVQR
FLPL,PVT
FLPL,RID
FLPL,RIGL
FLPL,RIGR
FLPL,RIML
FLPL,RIMR
FLPL,RIS
FLPL,RIVL
FLPL,RIVR
FLPL,RMED
FLPL,RMEL
FLPL,RMER
FLPL,RMEV
FLPL,RMGL
FLPL,RMGR
FLPL,SAADL
FLPL,SAADR
FLPL,SAAVL
FLPL,SAAVR
FLPL,SABD
FLPL,SABVL
FLPL,SABVR
FLPL,SDQL
FLPL,SDQR
FLPL,SIADL
FLPL,SIADR
FLPL,SIAVL
FLPL,SIAVR
FLPL,SMBDL
FLPL,SMBDR
FLPL,URADL
FLPL,URADR
FLPL,URAVL
FLPL,URAVR
FLPL,URXL
FLPL,URXR
FLPL,VD1
FLPL,VD10
FLPL,VD11
FLPL,VD12
FLPL,VD13
FLPL,VD2
FLPL,VD3
FLPL,VD4
FLPL,VD5
FLPL,VD6
FLPL,VD7
FLPL,VD8
FLPL,VD9
FLPR,FLPR
FLPR,IL2DL
FLPR,IL2DR
FLPR,IL2L
FLPR,IL2R
FLPR,IL2VL
FLPR,IL2VR
FLPR,LUAL
FLPR,LUAR
FLPR,M2L
FLPR,M2R
FLPR,M3L
FLPR,M3R
FLPR,M4
FLPR,MCL
FLPR,MCR
FLPR,OLQDL
FLPR,OLQDR
FLPR,OLQVL
FLPR,OLQVR
FLPR,PHAL
FLPR,PHAR
FLPR,PHBL
FLPR,PHBR
FLPR,PQR
FLPR,PVDL
FLPR,PVDR
FLPR,PVNL
FLPR,PVNR
FLPR,PVPL
FLPR,PVPR
FLPR,PVQL
FLPR,PVQR
FLPR,PVT
FLPR,RID
FLPR,RIGL
FLPR,RIGR
FLPR,RIML
FLPR,RIMR
FLPR,RIS
FLPR,RIVL
FLPR,RIVR
FLPR,RMED
FLPR,RMEL
FLPR,RMER
FLPR,RMEV
FLPR,RMGL
FLPR,RMGR
FLPR,SAADL
FLPR,SAADR
FLPR,SAAVL
FLPR,SAAVR
FLPR,SABD
FLPR,SABVL
FLPR,SABVR
FLPR,SDQL
FLPR,SDQR
FLPR,SIADL
FLPR,SIADR
FLPR,SIAVL
FLPR,SIAVR
FLPR,SMBDL
FLPR,SMBDR
FLPR,URADL
FLPR,URADR
FLPR,URAVL
FLPR,URAVR
FLPR,URXL
FLPR,URXR
FLPR,VD1
FLPR,VD10
FLPR,VD11
FLPR,VD12
FLPR,VD13
FLPR,VD2
FLPR,VD3
FLPR,VD4
FLPR,VD5
FLPR,VD6
FLPR,VD7
FLPR,VD8
FLPR,VD9
HSNL,M5
HSNL,PQR
HSNL,PVR
HSNL,URXL
HSNL,URXR
HSNR,M5
HSNR,PQR
HSNR,PVR
HSNR,URXL
HSNR,URXR
I1L,I5
I1L,LUAL
I1L,LUAR
I1L,M3L
I1L,M3R
I1L,M5
I1L,PHAL
I1L,PHAR
I1L,PHBL
I1L,PHBR
I1L,PQR
I1L,PVNL
I1L,PVNR
I1L,PVPL
I1L,PVPR
I1L,PVT
I1L,RID
I1L,RIML
I1L,RIMR
I1L,RIS
I1L,RMED
I1L,RMEL
I1L,RMER
I1L,RMEV
I1L,RMGL
I1L,RMGR
I1L,SAADL
I1L,SAADR
I1L,SAAVL
I1L,SAAVR
I1L,SIADL
I1L,SIADR
I1L,SIAVL
I1L,SIAVR
I1R,I5
I1R,LUAL
I1R,LUAR
I1R,M3L
I1R,M3R
I1R,M5
I1R,PHAL
I1R,PHAR
I1R,PHBL
I1R,PHBR
I1R,PQR
I1R,PVNL
I1R,PVNR
I1R,PVPL
I1R,PVPR
I1R,PVT
I1R,RID
I1R,RIML
I1R,RIMR
I1R,RIS
I1R,RMED
I1R,RMEL
I1R,RMER
I1R,RMEV
I1R,RMGL
I1R,RMGR
I1R,SAADL
I1R,SAADR
I1R,SAAVL
I1R,SAAVR
I1R,SIADL
I1R,SIADR
I1R,SIAVL
I1R,SIAVR
I2L,M5
I2L,NSML
I2L,NSMR
I2L,RICL
I2L,RICR
I2L,VA1
I2L,VA10
I2L,VA11
I2L,VA12
I2L,VA2
I2L,VA3
I2L,VA4
I2L,VA5
I2L,VA6
I2L,VA7
I2L,VA8
I2L,VA9
I2L,VB1
I2L,VB10
I2L,VB11
I2L,VB2
I2L,VB3
I2L,VB4
I2L,VB5
I2L,VB6
I2L,VB7
I2L,VB8
I2L,VB9
I2L,VC1
I2L,VC2
I2L,VC3
I2L,VC4
I2L,VC5
I2L,VC6
I2L,VD1
I2L,VD10
I2L,VD11
I2L,VD12
I2L,VD13
I2L,VD2
I2L,VD3
I2L,VD4
I2L,VD5
I2L,VD6
I2L,VD7
I2L,VD8
I2L,VD9
I2R,M5
I2R,NSML
I2R,NSMR
I2R,RICL
I2R,RICR
I2R,VA1
I2R,VA10
I2R,VA11
I2R,VA12
I2R,VA2
I2R,VA3
I2R,VA4
I2R,VA5
I2R,VA6
I2R,VA7
I2R,VA8
I2R,VA9
I2R,VB1
I2R,VB10
I2R,VB11
I2R,VB2
I2R,VB3
I2R,VB4
I2R,VB5
I2R,VB6
I2R,VB7
I2R,VB8
I2R,VB9
I2R,VC1
I2R,VC2
I2R,VC3
I2R,VC4
I2R,VC5
I2R,VC6
I2R,VD1
I2R,VD10
I2R,VD11
I2R,VD12
I2R,VD13
I2R,VD2
I2R,VD3
I2R,VD4
I2R,VD5
I2R,VD6
I2R,VD7
I2R,VD8
I2R,VD9
I5,PQR
I5,PVM
I5,RIAL
I5,RIAR
I5,RIVL
I5,RIVR
I6,PQR
I6,RIVL
I6,RIVR
IL2DL,M2L
IL2DL,M2R
IL2DL,M3L
IL2DL,M3R
IL2DL,M4
IL2DL,MCL
IL2DL,MCR
IL2DL,RIGL
IL2DL,RIGR
IL2DL,RIML
IL2DL,RIMR
IL2DL,RMGL
IL2DL,RMGR
IL2DL,URADL
IL2DL,URADR
IL2DL,URAVL
IL2DL,URAVR
IL2DL,URXL
IL2DL,URXR
IL2DR,M2L
IL2DR,M2R
IL2DR,M3L
IL2DR,M3R
IL2DR,M4
IL2DR,MCL
IL2DR,MCR
IL2DR,RIGL
IL2DR,RIGR
IL2DR,RIML
IL2DR,RIMR
IL2DR,RMGL
IL2DR,RMGR
IL2DR,URADL
IL2DR,URADR
IL2DR,URAVL
IL2DR,URAVR
IL2DR,URXL
IL2DR,URXR
IL2L,M2L
IL2L,M2R
IL2L,M3L
IL2L,M3R
IL2L,M4
IL2L,MCL
IL2L,MCR
IL2L,RIGL
IL2L,RIGR
IL2L,RIML
IL2L,RIMR
IL2L,RMGL
IL2L,RMGR
IL2L,URADL
IL2L,URADR
IL2L,URAVL
IL2L,URAVR
IL2L,URXL
IL2L,URXR
IL2R,M2L
IL2R,M2R
IL2R,M3L
IL2R,M3R
IL2R,M4
IL2R,MCL
IL2R,MCR
IL2R,RIGL
IL2R,RIGR
IL2R,RIML
IL2R,RIMR
IL2R,RMGL
IL2R,RMGR
IL2R,URADL
IL2R,URADR
IL2R,URAVL
IL2R,URAVR
IL2R,URXL
IL2R,URXR
IL2VL,M2L
IL2VL,M2R
IL2VL,M3L
IL2VL,M3R
IL2VL,M4
IL2VL,MCL
IL2VL,MCR
IL2VL,RIGL
IL2VL,RIGR
IL2VL,RIML
IL2VL,RIMR
IL2VL,RMGL
IL2VL,RMGR
IL2VL,URADL
IL2VL,URADR
IL2VL,URAVL
IL2VL,URAVR
IL2VL,URXL
IL2VL,URXR
IL2VR,M2L
IL2VR,M2R
IL2VR,M3L
IL2VR,M3R
IL2VR,M4
IL2VR,MCL
IL2VR,MCR
IL2VR,RIGL
IL2VR,RIGR
IL2VR,RIML
IL2VR,RIMR
IL2VR,RMGL
IL2VR,RMGR
IL2VR,URADL
IL2VR,URADR
IL2VR,URAVL
IL2VR,URAVR
IL2VR,URXL
IL2VR,URXR
LUAL,OLLL
LUAL,OLLR
LUAL,OLQDL
LUAL,OLQDR
LUAL,OLQVL
LUAL,OLQVR
LUAL,PHAL
LUAL,PHAR
LUAL,PHBL
LUAL,PHBR
LUAL,PLML
LUAL,PLMR
LUAL,PQR
LUAL,PVCL
LUAL,PVCR
LUAL,PVM
LUAL,PVQL
LUAL,PVQR
LUAL,PVWL
LUAL,PVWR
LUAL,RIFL
LUAL,RIFR
LUAL,RMED
LUAL,RMEL
LUAL,RMER
LUAL,RMEV
LUAL,URXL
LUAL,URXR
LUAL,URYDL
LUAL,URYDR
LUAL,URYVL
LUAL,URYVR
LUAR,OLLL
LUAR,OLLR
LUAR,OLQDL
LUAR,OLQDR
LUAR,OLQVL
LUAR,OLQVR
LUAR,PHAL
LUAR,PHAR
LUAR,PHBL
LUAR,PHBR
LUAR,PLML
LUAR,PLMR
LUAR,PQR
LUAR,PVCL
LUAR,PVCR
LUAR,PVM
LUAR,PVQL
LUAR,PVQR
LUAR,PVWL
LUAR,PVWR
LUAR,RIFL
LUAR,RIFR
LUAR,RMED
LUAR,RMEL
LUAR,RMER
LUAR,RMEV
LUAR,URXL
LUAR,URXR
LUAR,URYDL
LUAR,URYDR
LUAR,URYVL
LUAR,URYVR
M2L,M3L
M2L,M3R
M2L,OLQDL
M2L,OLQDR
M2L,OLQVL
M2L,OLQVR
M2L,PHAL
M2L,PHAR
M2L,PHBL
M2L,PHBR
M2L,PQR
M2L,PVDL
M2L,PVDR
M2L,PVQL
M2L,PVQR
M2L,RIGL
M2L,RIGR
M2L,RIVL
M2L,RIVR
M2L,RMGL
M2L,RMGR
M2L,SAADL
M2L,SAADR
M2L,SABD
M2L,SABVL
M2L,SABVR
M2L,SDQL
M2L,SDQR
M2L,SMBDL
M2L,SMBDR
M2L,URXL
M2L,URXR
M2L,VD1
M2L,VD10
M2L,VD11
M2L,VD12
M2L,VD13
M2L,VD2
M2L,VD3
M2L,VD4
M2L,VD5
M2L,VD6
M2L,VD7
M2L,VD8
M2L,VD9
M2R,M3L
M2R,M3R
M2R,OLQDL
M2R,OLQDR
M2R,OLQVL
M2R,OLQVR
M2R,PHAL
M2R,PHAR
M2R,PHBL
M2R,PHBR
M2R,PQR
M2R,PVDL
M2R,PVDR
M2R,PVQL
M2R,PVQR
M2R,RIGL
M2R,RIGR
M2R,RIVL
M2R,RIVR
M2R,RMGL
M2R,RMGR
M2R,SAADL
M2R,SAADR
M2R,SABD
M2R,SABVL
M2R,SABVR
M2R,SDQL
M2R,SDQR
M2R,SMBDL
M2R,SMBDR
M2R,URXL
M2R,URXR
M2R,VD1
M2R,VD10
M2R,VD11
M2R,VD12
M2R,VD13
M2R,VD2
M2R,VD3
M2R,VD4
M2R,VD5
M2R,VD6
M2R,VD7
M2R,VD8
M2R,VD9
M3L,M3L
M3L,M3R
M3L,M4
M3L,MCL
M3L,MCR
M3L,OLQDL
M3L,OLQDR
M3L,OLQVL
M3L,OLQVR
M3L,PHAL
M3L,PHAR
M3L,PHBL
M3L,PHBR
M3L,PQR
M3L,PVM
M3L,RIAL
M3L,RIAR
M3L,RIGL
M3L,RIGR
M3L,RIML
M3L,RIMR
M3L,RIVL
M3L,RIVR
M3L,RMGL
M3L,RMGR
M3L,SAADL
M3L,SAADR
M3L,SDQL
M3L,SDQR
M3L,SMBDL
M3L,SMBDR
M3L,URADL
M3L,URADR
M3L,URAVL
M3L,URAVR
M3L,URXL
M3L,URXR
M3L,VD1
M3L,VD10
M3L,VD11
M3L,VD12
M3L,VD13
M3L,VD2
M3L,VD3
M3L,VD4
M3L,VD5
M3L,VD6
M3L,VD7
M3L,VD8
M3L,VD9
M3R,M3R
M3R,M4
M3R,MCL
M3R,MCR
M3R,OLQDL
M3R,OLQDR
M3R,OLQVL
M3R,OLQVR
M3R,PHAL
M3R,PHAR
M3R,PHBL
M3R,PHBR
M3R,PQR
M3R,PVM
M3R,RIAL
M3R,RIAR
M3R,RIGL
M3R,RIGR
M3R,RIML
M3R,RIMR
M3R,RIVL
M3R,RIVR
M3R,RMGL
M3R,RMGR
M3R,SAADL
M3R,SAADR
M3R,SDQL
M3R,SDQR
M3R,SMBDL
M3R,SMBDR
M3R,URADL
M3R,URADR
M3R,URAVL
M3R,URAVR
M3R,URXL
M3R,URXR
M3R,VD1
M3R,VD10
M3R,VD11
M3R,VD12
M3R,VD13
M3R,VD2
M3R,VD3
M3R,VD4
M3R,VD5
M3R,VD6
M3R,VD7
M3R,VD8
M3R,VD9
M4,OLQDL
M4,OLQDR
M4,OLQVL
M4,OLQVR
M4,PHAL
M4,PHAR
M4,PHBL
M4,PHBR
M4,PQR
M4,PVDL
M4,PVDR
M4,PVQL
M4,PVQR
M4,RIGL
M4,RIGR
M4,RIVL
M4,RIVR
M4,RMGL
M4,RMGR
M4,SAADL
M4,SAADR
M4,SABD
M4,SABVL
M4,SABVR
M4,SDQL
M4,SDQR
M4,SMBDL
M4,SMBDR
M4,URXL
M4,URXR
M4,VD1
M4,VD10
M4,VD11
M4,VD12
M4,VD13
M4,VD2
M4,VD3
M4,VD4
M4,VD5
M4,VD6
M4,VD7
M4,VD8
M4,VD9
M5,PQR
M5,PVM
M5,PVQL
M5,PVQR
M5,PVR
M5,PVWL
M5,PVWR
M5,RIAL
M5,RIAR
M5,RICL
M5,RICR
M5,RIVL
M5,RIVR
M5,SDQL
M5,SDQR
MCL,OLQDL
MCL,OLQDR
MCL,OLQVL
MCL,OLQVR
MCL,PHAL
MCL,PHAR
MCL,PHBL
MCL,PHBR
MCL,PQR
MCL,PVDL
MCL,PVDR
MCL,PVQL
MCL,PVQR
MCL,RIGL
MCL,RIGR
MCL,RIVL
MCL,RIVR
MCL,RMGL
MCL,RMGR
MCL,SAADL
MCL,SAADR
MCL,SABD
MCL,SABVL
MCL,SABVR
MCL,SDQL
MCL,SDQR
MCL,SMBDL
MCL,SMBDR
MCL,URXL
MCL,URXR
MCL,VD1
MCL,VD10
MCL,VD11
MCL,VD12
MCL,VD13
MCL,VD2
MCL,VD3
MCL,VD4
MCL,VD5
MCL,VD6
MCL,VD7
MCL,VD8
MCL,VD9
MCR,OLQDL
MCR,OLQDR
MCR,OLQVL
MCR,OLQVR
MCR,PHAL
MCR,PHAR
MCR,PHBL
MCR,PHBR
MCR,PQR
MCR,PVDL
MCR,PVDR
MCR,PVQL
MCR,PVQR
MCR,RIGL
MCR,RIGR
MCR,RIVL
MCR,RIVR
MCR,RMGL
MCR,RMGR
MCR,SAADL
MCR,SAADR
MCR,SABD
MCR,SABVL
MCR,SABVR
MCR,SDQL
MCR,SDQR
MCR,SMBDL
MCR,SMBDR
MCR,URXL
MCR,URXR
MCR,VD1
MCR,VD10
MCR,VD11
MCR,VD12
MCR,VD13
MCR,VD2
MCR,VD3
MCR,VD4
MCR,VD5
MCR,VD6
MCR,VD7
MCR,VD8
MCR,VD9
NSML,PQR
NSML,PVQL
NSML,PVQR
NSML,PVR
NSML,PVWL
NSML,PVWR
NSML,RICL
NSML,RICR
NSML,RIVL
NSML,RIVR
NSMR,PQR
NSMR,PVQL
NSMR,PVQR
NSMR,PVR
NSMR,PVWL
NSMR,PVWR
NSMR,RICL
NSMR,RICR
NSMR,RIVL
NSMR,RIVR
OLLL,PHAL
OLLL,PHAR
OLLL,PHBL
OLLL,PHBR
OLLL,PQR
OLLL,PVNL
OLLL,PVNR
OLLL,PVPL
OLLL,PVPR
OLLL,PVT
OLLL,RID
OLLL,RIML
OLLL,RIMR
OLLL,RIS
OLLL,RMED
OLLL,RMEL
OLLL,RMER
OLLL,RMEV
OLLL,RMGL
OLLL,RMGR
OLLL,SAADL
OLLL,SAADR
OLLL,SAAVL
OLLL,SAAVR
OLLL,SIADL
OLLL,SIADR
OLLL,SIAVL
OLLL,SIAVR
OLLR,PHAL
OLLR,PHAR
OLLR,PHBL
OLLR,PHBR
OLLR,PQR
OLLR,PVNL
OLLR,PVNR
OLLR,PVPL
OLLR,PVPR
OLLR,PVT
OLLR,RID
OLLR,RIML
OLLR,RIMR
OLLR,RIS
OLLR,RMED
OLLR,RMEL
OLLR,RMER
OLLR,RMEV
OLLR,RMGL
OLLR,RMGR
OLLR,SAADL
OLLR,SAADR
OLLR,SAAVL
OLLR,SAAVR
OLLR,SIADL
OLLR,SIADR
OLLR,SIAVL
OLLR,SIAVR
OLQDL,PHAL
OLQDL,PHAR
OLQDL,PHBL
OLQDL,PHBR
OLQDL,PQR
OLQDL,PVNL
OLQDL,PVNR
OLQDL,PVPL
OLQDL,PVPR
OLQDL,PVT
OLQDL,RID
OLQDL,RIGL
OLQDL,RIGR
OLQDL,RIML
OLQDL,RIMR
OLQDL,RIS
OLQDL,RMED
OLQDL,RMEL
OLQDL,RMER
OLQDL,RMEV
OLQDL,RMGL
OLQDL,RMGR
OLQDL,SAADL
OLQDL,SAADR
OLQDL,SAAVL
OLQDL,SAAVR
OLQDL,SIADL
OLQDL,SIADR
OLQDL,SIAVL
OLQDL,SIAVR
OLQDL,URADL
OLQDL,URADR
OLQDL,URAVL
OLQDL,URAVR
OLQDL,URXL
OLQDL,URXR
OLQDR,PHAL
OLQDR,PHAR
OLQDR,PHBL
OLQDR,PHBR
OLQDR,PQR
OLQDR,PVNL
OLQDR,PVNR
OLQDR,PVPL
OLQDR,PVPR
OLQDR,PVT
OLQDR,RID
OLQDR,RIGL
OLQDR,RIGR
OLQDR,RIML
OLQDR,RIMR
OLQDR,RIS
OLQDR,RMED
OLQDR,RMEL
OLQDR,RMER
OLQDR,RMEV
OLQDR,RMGL
OLQDR,RMGR
OLQDR,SAADL
OLQDR,SAADR
OLQDR,SAAVL
OLQDR,SAAVR
OLQDR,SIADL
OLQDR,SIADR
OLQDR,SIAVL
OLQDR,SIAVR
OLQDR,URADL
OLQDR,URADR
OLQDR,URAVL
OLQDR,URAVR
OLQDR,URXL
OLQDR,URXR
OLQVL,PHAL
OLQVL,PHAR
OLQVL,PHBL
OLQVL,PHBR
OLQVL,PQR
OLQVL,PVNL
OLQVL,PVNR
OLQVL,PVPL
OLQVL,PVPR
OLQVL,PVT
OLQVL,RID
OLQVL,RIGL
OLQVL,RIGR
OLQVL,RIML
OLQVL,RIMR
OLQVL,RIS
OLQVL,RMED
OLQVL,RMEL
OLQVL,RMER
OLQVL,RMEV
OLQVL,RMGL
OLQVL,RMGR
OLQVL,SAADL
OLQVL,SAADR
OLQVL,SAAVL
OLQVL,SAAVR
OLQVL,SIADL
OLQVL,SIADR
OLQVL,SIAVL
OLQVL,SIAVR
OLQVL,URADL
OLQVL,URADR
OLQVL,URAVL
OLQVL,URAVR
OLQVL,URXL
OLQVL,URXR
OLQVR,PHAL
OLQVR,PHAR
OLQVR,PHBL
OLQVR,PHBR
OLQVR,PQR
OLQVR,PVNL
OLQVR,PVNR
OLQVR,PVPL
OLQVR,PVPR
OLQVR,PVT
OLQVR,RID
OLQVR,RIGL
OLQVR,RIGR
OLQVR,RIML
OLQVR,RIMR
OLQVR,RIS
OLQVR,RMED
OLQVR,RMEL
OLQVR,RMER
OLQVR,RMEV
OLQVR,RMGL
OLQVR,RMGR
OLQVR,SAADL
OLQVR,SAADR
OLQVR,SAAVL
OLQVR,SAAVR
OLQVR,SIADL
OLQVR,SIADR
OLQVR,SIAVL
OLQVR,SIAVR
OLQVR,URADL
OLQVR,URADR
OLQVR,URAVL
OLQVR,URAVR
OLQVR,URXL
OLQVR,URXR
PHAL,PHAL
PHAL,PHAR
PHAL,PHBL
PHAL,PHBR
PHAL,PLML
PHAL,PLMR
PHAL,PQR
PHAL,PVCL
PHAL,PVCR
PHAL,PVM
PHAL,PVNL
PHAL,PVNR
PHAL,PVPL
PHAL,PVPR
PHAL,PVQL
PHAL,PVQR
PHAL,PVT
PHAL,PVWL
PHAL,PVWR
PHAL,RID
PHAL,RIFL
PHAL,RIFR
PHAL,RIGL
PHAL,RIGR
PHAL,RIML
PHAL,RIMR
PHAL,RIS
PHAL,RIVL
PHAL,RIVR
PHAL,RMED
PHAL,RMEL
PHAL,RMER
PHAL,RMEV
PHAL,RMGL
PHAL,RMGR
PHAL,SAADL
PHAL,SAADR
PHAL,SAAVL
PHAL,SAAVR
PHAL,SIADL
PHAL,SIADR
PHAL,SIAVL
PHAL,SIAVR
PHAL,URADL
PHAL,URADR
PHAL,URAVL
PHAL,URAVR
PHAL,URXL
PHAL,URXR
PHAL,URYDL
PHAL,URYDR
PHAL,URYVL
PHAL,URYVR
PHAL,VA1
PHAL,VA10
PHAL,VA11
PHAL,VA12
PHAL,VA2
PHAL,VA3
PHAL,VA4
PHAL,VA5
PHAL,VA6
PHAL,VA7
PHAL,VA8
PHAL,VA9
PHAL,VB1
PHAL,VB10
PHAL,VB11
PHAL,VB2
PHAL,VB3
PHAL,VB4
PHAL,VB5
PHAL,VB6
PHAL,VB7
PHAL,VB8
PHAL,VB9
PHAR,PHAR
PHAR,PHBL
PHAR,PHBR
PHAR,PLML
PHAR,PLMR
PHAR,PQR
PHAR,PVCL
PHAR,PVCR
PHAR,PVM
PHAR,PVNL
PHAR,PVNR
PHAR,PVPL
PHAR,PVPR
PHAR,PVQL
PHAR,PVQR
PHAR,PVT
PHAR,PVWL
PHAR,PVWR
PHAR,RID
PHAR,RIFL
PHAR,RIFR
PHAR,RIGL
PHAR,RIGR
PHAR,RIML
PHAR,RIMR
PHAR,RIS
PHAR,RIVL
PHAR,RIVR
PHAR,RMED
PHAR,RMEL
PHAR,RMER
PHAR,RMEV
PHAR,RMGL
PHAR,RMGR
PHAR,SAADL
PHAR,SAADR
PHAR,SAAVL
PHAR,SAAVR
PHAR,SIADL
PHAR,SIADR
PHAR,SIAVL
PHAR,SIAVR
PHAR,URADL
PHAR,URADR
PHAR,URAVL
PHAR,URAVR
PHAR,URXL
PHAR,URXR
PHAR,URYDL
PHAR,URYDR
PHAR,URYVL
PHAR,URYVR
PHAR,VA1
PHAR,VA10
PHAR,VA11
PHAR,VA12
PHAR,VA2
PHAR,VA3
PHAR,VA4
PHAR,VA5
PHAR,VA6
PHAR,VA7
PHAR,VA8
PHAR,VA9
PHAR,VB1
PHAR,VB10
PHAR,VB11
PHAR,VB2
PHAR,VB3
PHAR,VB4
PHAR,VB5
PHAR,VB6
PHAR,VB7
PHAR,VB8
PHAR,VB9
PHBL,PHBL
PHBL,PHBR
PHBL,PLML
PHBL,PLMR
PHBL,PQR
PHBL,PVCL
PHBL,PVCR
PHBL,PVM
PHBL,PVNL
PHBL,PVNR
PHBL,PVPL
PHBL,PVPR
PHBL,PVQL
PHBL,PVQR
PHBL,PVT
PHBL,PVWL
PHBL,PVWR
PHBL,RID
PHBL,RIFL
PHBL,RIFR
PHBL,RIGL
PHBL,RIGR
PHBL,RIML
PHBL,RIMR
PHBL,RIS
PHBL,RIVL
PHBL,RIVR
PHBL,RMED
PHBL,RMEL
PHBL,RMER
PHBL,RMEV
PHBL,RMGL
PHBL,RMGR
PHBL,SAADL
PHBL,SAADR
PHBL,SAAVL
PHBL,SAAVR
PHBL,SIADL
PHBL,SIADR
PHBL,SIAVL
PHBL,SIAVR
PHBL,URADL
PHBL,URADR
PHBL,URAVL
PHBL,URAVR
PHBL,URXL
PHBL,URXR
PHBL,URYDL
PHBL,URYDR
PHBL,URYVL
PHBL,URYVR
PHBR,PHBR
PHBR,PLML
PHBR,PLMR
PHBR,PQR
PHBR,PVCL
PHBR,PVCR
PHBR,PVM
PHBR,PVNL
PHBR,PVNR
PHBR,PVPL
PHBR,PVPR
PHBR,PVQL
PHBR,PVQR
PHBR,PVT
PHBR,PVWL
PHBR,PVWR
PHBR,RID
PHBR,RIFL
PHBR,RIFR
PHBR,RIGL
PHBR,RIGR
PHBR,RIML
PHBR,RIMR
PHBR,RIS
PHBR,RIVL
PHBR,RIVR
PHBR,RMED
PHBR,RMEL
PHBR,RMER
PHBR,RMEV
PHBR,RMGL
PHBR,RMGR
PHBR,SAADL
PHBR,SAADR
PHBR,SAAVL
PHBR,SAAVR
PHBR,SIADL
PHBR,SIADR
PHBR,SIAVL
PHBR,SIAVR
PHBR,URADL
PHBR,URADR
PHBR,URAVL
PHBR,URAVR
PHBR,URXL
PHBR,URXR
PHBR,URYDL
PHBR,URYDR
PHBR,URYVL
PHBR,URYVR
PLML,PQR
PLML,PVNL
PLML,PVNR
PLML,PVPL
PLML,PVPR
PLML,PVT
PLML,RID
PLML,RIML
PLML,RIMR
PLML,RIS
PLML,RMED
PLML,RMEL
PLML,RMER
PLML,RMEV
PLML,RMGL
PLML,RMGR
PLML,SAADL
PLML,SAADR
PLML,SAAVL
PLML,SAAVR
PLML,SIADL
PLML,SIADR
PLML,SIAVL
PLML,SIAVR
PLMR,PQR
PLMR,PVNL
PLMR,PVNR
PLMR,PVPL
PLMR,PVPR
PLMR,PVT
PLMR,RID
PLMR,RIML
PLMR,RIMR
PLMR,RIS
PLMR,RMED
PLMR,RMEL
PLMR,RMER
PLMR,RMEV
PLMR,RMGL
PLMR,RMGR
PLMR,SAADL
PLMR,SAADR
PLMR,SAAVL
PLMR,SAAVR
PLMR,SIADL
PLMR,SIADR
PLMR,SIAVL
PLMR,SIAVR
PQR,PQR
PQR,PVCL
PQR,PVCR
PQR,PVDL
PQR,PVDR
PQR,PVM
PQR,PVNL
PQR,PVNR
PQR,PVPL
PQR,PVPR
PQR,PVQL
PQR,PVQR
PQR,PVT
PQR,PVWL
PQR,PVWR
PQR,RICL
PQR,RICR
PQR,RID
PQR,RIFL
PQR,RIFR
PQR,RIGL
PQR,RIGR
PQR,RIML
PQR,RIMR
PQR,RIS
PQR,RMED
PQR,RMEL
PQR,RMER
PQR,RMEV
PQR,RMGL
PQR,RMGR
PQR,SAADL
PQR,SAADR
PQR,SAAVL
PQR,SAAVR
PQR,SDQL
PQR,SDQR
PQR,SIADL
PQR,SIADR
PQR,SIAVL
PQR,SIAVR
PQR,URADL
PQR,URADR
PQR,URAVL
PQR,URAVR
PQR,URXL
PQR,URXR
PQR,URYDL
PQR,URYDR
PQR,URYVL
PQR,URYVR
PQR,VC1
PQR,VC2
PQR,VC3
PQR,VC4
PQR,VC5
PQR,VC6
PQR,VD1
PQR,VD10
PQR,VD11
PQR,VD12
PQR,VD13
PQR,VD2
PQR,VD3
PQR,VD4
PQR,VD5
PQR,VD6
PQR,VD7
PQR,VD8
PQR,VD9
PVCL,PVNL
PVCL,PVNR
PVCL,PVPL
PVCL,PVPR
PVCL,PVT
PVCL,RID
PVCL,RIML
PVCL,RIMR
PVCL,RIS
PVCL,RMED
PVCL,RMEL
PVCL,RMER
PVCL,RMEV
PVCL,RMGL
PVCL,RMGR
PVCL,SAADL
PVCL,SAADR
PVCL,SAAVL
PVCL,SAAVR
PVCL,SIADL
PVCL,SIADR
PVCL,SIAVL
PVCL,SIAVR
PVCR,PVNL
PVCR,PVNR
PVCR,PVPL
PVCR,PVPR
PVCR,PVT
PVCR,RID
PVCR,RIML
PVCR,RIMR
PVCR,RIS
PVCR,RMED
PVCR,RMEL
PVCR,RMER
PVCR,RMEV
PVCR,RMGL
PVCR,RMGR
PVCR,SAADL
PVCR,SAADR
PVCR,SAAVL
PVCR,SAAVR
PVCR,SIADL
PVCR,SIADR
PVCR,SIAVL
PVCR,SIAVR
PVDL,RIVL
PVDL,RIVR
PVDL,RMGL
PVDL,RMGR
PVDL,URADL
PVDL,URADR
PVDL,URAVL
PVDL,URAVR
PVDL,URXL
PVDL,URXR
PVDR,RIVL
PVDR,RIVR
PVDR,RMGL
PVDR,RMGR
PVDR,URADL
PVDR,URADR
PVDR,URAVL
PVDR,URAVR
PVDR,URXL
PVDR,URXR
PVM,PVNL
PVM,PVNR
PVM,PVPL
PVM,PVPR
PVM,PVT
PVM,RID
PVM,RIML
PVM,RIMR
PVM,RIS
PVM,RMED
PVM,RMEL
PVM,RMER
PVM,RMEV
PVM,RMGL
PVM,RMGR
PVM,SAADL
PVM,SAADR
PVM,SAAVL
PVM,SAAVR
PVM,SIADL
PVM,SIADR
PVM,SIAVL
PVM,SIAVR
PVNL,PVQL
PVNL,PVQR
PVNL,PVWL
PVNL,PVWR
PVNL,RIFL
PVNL,RIFR
PVNL,RMED
PVNL,RMEL
PVNL,RMER
PVNL,RMEV
PVNL,URXL
PVNL,URXR
PVNL,URYDL
PVNL,URYDR
PVNL,URYVL
PVNL,URYVR
PVNR,PVQL
PVNR,PVQR
PVNR,PVWL
PVNR,PVWR
PVNR,RIFL
PVNR,RIFR
PVNR,RMED
PVNR,RMEL
PVNR,RMER
PVNR,RMEV
PVNR,URXL
PVNR,URXR
PVNR,URYDL
PVNR,URYDR
PVNR,URYVL
PVNR,URYVR
PVPL,PVQL
PVPL,PVQR
PVPL,PVWL
PVPL,PVWR
PVPL,RIFL
PVPL,RIFR
PVPL,RMED
PVPL,RMEL
PVPL,RMER
PVPL,RMEV
PVPL,URXL
PVPL,URXR
PVPL,URYDL
PVPL,URYDR
PVPL,URYVL
PVPL,URYVR
PVPR,PVQL
PVPR,PVQR
PVPR,PVWL
PVPR,PVWR
PVPR,RIFL
PVPR,RIFR
PVPR,RMED
PVPR,RMEL
PVPR,RMER
PVPR,RMEV
PVPR,URXL
PVPR,URXR
PVPR,URYDL
PVPR,URYDR
PVPR,URYVL
PVPR,URYVR
PVQL,PVT
PVQL,RICL
PVQL,RICR
PVQL,RID
PVQL,RIML
PVQL,RIMR
PVQL,RIS
PVQL,RMED
PVQL,RMEL
PVQL,RMER
PVQL,RMEV
PVQL,RMGL
PVQL,RMGR
PVQL,SAADL
PVQL,SAADR
PVQL,SAAVL
PVQL,SAAVR
PVQL,SIADL
PVQL,SIADR
PVQL,SIAVL
PVQL,SIAVR
PVQL,URADL
PVQL,URADR
PVQL,URAVL
PVQL,URAVR
PVQL,URXL
PVQL,URXR
PVQL,VC1
PVQL,VC2
PVQL,VC3
PVQL,VC4
PVQL,VC5
PVQL,VC6
PVQL,VD1
PVQL,VD10
PVQL,VD11
PVQL,VD12
PVQL,VD13
PVQL,VD2
PVQL,VD3
PVQL,VD4
PVQL,VD5
PVQL,VD6
PVQL,VD7
PVQL,VD8
PVQL,VD9
PVQR,PVT
PVQR,RICL
PVQR,RICR
PVQR,RID
PVQR,RIML
PVQR,RIMR
PVQR,RIS
PVQR,RMED
PVQR,RMEL
PVQR,RMER
PVQR,RMEV
PVQR,RMGL
PVQR,RMGR
PVQR,SAADL
PVQR,SAADR
PVQR,SAAVL
PVQR,SAAVR
PVQR,SIADL
PVQR,SIADR
PVQR,SIAVL
PVQR,SIAVR
PVQR,URADL
PVQR,URADR
PVQR,URAVL
PVQR,URAVR
PVQR,URXL
PVQR,URXR
PVQR,VC1
PVQR,VC2
PVQR,VC3
PVQR,VC4
PVQR,VC5
PVQR,VC6
PVQR,VD1
PVQR,VD10
PVQR,VD11
PVQR,VD12
PVQR,VD13
PVQR,VD2
PVQR,VD3
PVQR,VD4
PVQR,VD5
PVQR,VD6
PVQR,VD7
PVQR,VD8
PVQR,VD9
PVR,RICL
PVR,RICR
PVR,SDQL
PVR,SDQR
PVR,VC1
PVR,VC2
PVR,VC3
PVR,VC4
PVR,VC5
PVR,VC6
PVR,VD1
PVR,VD10
PVR,VD11
PVR,VD12
PVR,VD13
PVR,VD2
PVR,VD3
PVR,VD4
PVR,VD5
PVR,VD6
PVR,VD7
PVR,VD8
PVR,VD9
PVT,PVWL
PVT,PVWR
PVT,RIFL
PVT,RIFR
PVT,RMED
PVT,RMEL
PVT,RMER
PVT,RMEV
PVT,URXL
PVT,URXR
PVT,URYDL
PVT,URYDR
PVT,URYVL
PVT,URYVR
PVWL,RICL
PVWL,RICR
PVWL,RID
PVWL,RIML
PVWL,RIMR
PVWL,RIS
PVWL,RMED
PVWL,RMEL
PVWL,RMER
PVWL,RMEV
PVWL,RMGL
PVWL,RMGR
PVWL,SAADL
PVWL,SAADR
PVWL,SAAVL
PVWL,SAAVR
PVWL,SIADL
PVWL,SIADR
PVWL,SIAVL
PVWL,SIAVR
PVWL,VC1
PVWL,VC2
PVWL,VC3
PVWL,VC4
PVWL,VC5
PVWL,VC6
PVWL,VD1
PVWL,VD10
PVWL,VD11
PVWL,VD12
PVWL,VD13
PVWL,VD2
PVWL,VD3
PVWL,VD4
PVWL,VD5
PVWL,VD6
PVWL,VD7
PVWL,VD8
PVWL,VD9
PVWR,RICL
PVWR,RICR
PVWR,RID
PVWR,RIML
PVWR,RIMR
PVWR,RIS
PVWR,RMED
PVWR,RMEL
PVWR,RMER
PVWR,RMEV
PVWR,RMGL
PVWR,RMGR
PVWR,SAADL
PVWR,SAADR
PVWR,SAAVL
PVWR,SAAVR
PVWR,SIADL
PVWR,SIADR
PVWR,SIAVL
PVWR,SIAVR
PVWR,VC1
PVWR,VC2
PVWR,VC3
PVWR,VC4
PVWR,VC5
PVWR,VC6
PVWR,VD1
PVWR,VD10
PVWR,VD11
PVWR,VD12
PVWR,VD13
PVWR,VD2
PVWR,VD3
PVWR,VD4
PVWR,VD5
PVWR,VD6
PVWR,VD7
PVWR,VD8
PVWR,VD9
RICL,RICL
RICL,RICR
RICL,VC1
RICL,VC2
RICL,VC3
RICL,VC4
RICL,VC5
RICL,VC6
RICL,VD1
RICL,VD10
RICL,VD11
RICL,VD12
RICL,VD13
RICL,VD2
RICL,VD3
RICL,VD4
RICL,VD5
RICL,VD6
RICL,VD7
RICL,VD8
RICL,VD9
RICR,RICR
RICR,VC1
RICR,VC2
RICR,VC3
RICR,VC4
RICR,VC5
RICR,VC6
RICR,VD1
RICR,VD10
RICR,VD11
RICR,VD12
RICR,VD13
RICR,VD2
RICR,VD3
RICR,VD4
RICR,VD5
RICR,VD6
RICR,VD7
RICR,VD8
RICR,VD9
RID,RIFL
RID,RIFR
RID,RMED
RID,RMEL
RID,RMER
RID,RMEV
RID,URXL
RID,URXR
RID,URYDL
RID,URYDR
RID,URYVL
RID,URYVR
RIFL,RIML
RIFL,RIMR
RIFL,RIS
RIFL,RMED
RIFL,RMEL
RIFL,RMER
RIFL,RMEV
RIFL,RMGL
RIFL,RMGR
RIFL,SAADL
RIFL,SAADR
RIFL,SAAVL
RIFL,SAAVR
RIFL,SIADL
RIFL,SIADR
RIFL,SIAVL
RIFL,SIAVR
RIFR,RIML
RIFR,RIMR
RIFR,RIS
RIFR,RMED
RIFR,RMEL
RIFR,RMER
RIFR,RMEV
RIFR,RMGL
RIFR,RMGR
RIFR,SAADL
RIFR,SAADR
RIFR,SAAVL
RIFR,SAAVR
RIFR,SIADL
RIFR,SIADR
RIFR,SIAVL
RIFR,SIAVR
RIGL,RIGL
RIGL,RIGR
RIGL,RIML
RIGL,RIMR
RIGL,RIVL
RIGL,RIVR
RIGL,RMGL
RIGL,RMGR
RIGL,SAADL
RIGL,SAADR
RIGL,SDQL
RIGL,SDQR
RIGL,SMBDL
RIGL,SMBDR
RIGL,URADL
RIGL,URADR
RIGL,URAVL
RIGL,URAVR
RIGL,URXL
RIGL,URXR
RIGL,VD1
RIGL,VD10
RIGL,VD11
RIGL,VD12
RIGL,VD13
RIGL,VD2
RIGL,VD3
RIGL,VD4
RIGL,VD5
RIGL,VD6
RIGL,VD7
RIGL,VD8
RIGL,VD9
RIGR,RIGR
RIGR,RIML
RIGR,RIMR
RIGR,RIVL
RIGR,RIVR
RIGR,RMGL
RIGR,RMGR
RIGR,SAADL
RIGR,SAADR
RIGR,SDQL
RIGR,SDQR
RIGR,SMBDL
RIGR,SMBDR
RIGR,URADL
RIGR,URADR
RIGR,URAVL
RIGR,URAVR
RIGR,URXL
RIGR,URXR
RIGR,VD1
RIGR,VD10
RIGR,VD11
RIGR,VD12
RIGR,VD13
RIGR,VD2
RIGR,VD3
RIGR,VD4
RIGR,VD5
RIGR,VD6
RIGR,VD7
RIGR,VD8
RIGR,VD9
RIML,RIVL
RIML,RIVR
RIML,RMED
RIML,RMEL
RIML,RMER
RIML,RMEV
RIML,RMGL
RIML,RMGR
RIML,SAADL
RIML,SAADR
RIML,SDQL
RIML,SDQR
RIML,SMBDL
RIML,SMBDR
RIML,URXL
RIML,URXR
RIML,URYDL
RIML,URYDR
RIML,URYVL
RIML,URYVR
RIML,VD1
RIML,VD10
RIML,VD11
RIML,VD12
RIML,VD13
RIML,VD2
RIML,VD3
RIML,VD4
RIML,VD5
RIML,VD6
RIML,VD7
RIML,VD8
RIML,VD9
RIMR,RIVL
RIMR,RIVR
RIMR,RMED
RIMR,RMEL
RIMR,RMER
RIMR,RMEV
RIMR,RMGL
RIMR,RMGR
RIMR,SAADL
RIMR,SAADR
RIMR,SDQL
RIMR,SDQR
RIMR,SMBDL
RIMR,SMBDR
RIMR,URXL
RIMR,URXR
RIMR,URYDL
RIMR,URYDR
RIMR,URYVL
RIMR,URYVR
RIMR,VD1
RIMR,VD10
RIMR,VD11
RIMR,VD12
RIMR,VD13
RIMR,VD2
RIMR,VD3
RIMR,VD4
RIMR,VD5
RIMR,VD6
RIMR,VD7
RIMR,VD8
RIMR,VD9
RIS,RMED
RIS,RMEL
RIS,RMER
RIS,RMEV
RIS,URXL
RIS,URXR
RIS,URYDL
RIS,URYDR
RIS,URYVL
RIS,URYVR
RIVL,RMGL
RIVL,RMGR
RIVL,URADL
RIVL,URADR
RIVL,URAVL
RIVL,URAVR
RIVL,URXL
RIVL,URXR
RIVR,RMGL
RIVR,RMGR
RIVR,URADL
RIVR,URADR
RIVR,URAVL
RIVR,URAVR
RIVR,URXL
RIVR,URXR
RMED,RMED
RMED,RMEL
RMED,RMER
RMED,RMEV
RMED,RMGL
RMED,RMGR
RMED,SAADL
RMED,SAADR
RMED,SAAVL
RMED,SAAVR
RMED,SIADL
RMED,SIADR
RMED,SIAVL
RMED,SIAVR
RMED,URXL
RMED,URXR
RMED,URYDL
RMED,URYDR
RMED,URYVL
RMED,URYVR
RMEL,RMEL
RMEL,RMER
RMEL,RMEV
RMEL,RMGL
RMEL,RMGR
RMEL,SAADL
RMEL,SAADR
RMEL,SAAVL
RMEL,SAAVR
RMEL,SIADL
RMEL,SIADR
RMEL,SIAVL
RMEL,SIAVR
RMEL,URXL
RMEL,URXR
RMEL,URYDL
RMEL,URYDR
RMEL,URYVL
RMEL,URYVR
RMER,RMER
RMER,RMEV
RMER,RMGL
RMER,RMGR
RMER,SAADL
RMER,SAADR
RMER,SAAVL
RMER,SAAVR
RMER,SIADL
RMER,SIADR
RMER,SIAVL
RMER,SIAVR
RMER,URXL
RMER,URXR
RMER,URYDL
RMER,URYDR
RMER,URYVL
RMER,URYVR
RMEV,RMEV
RMEV,RMGL
RMEV,RMGR
RMEV,SAADL
RMEV,SAADR
RMEV,SAAVL
RMEV,SAAVR
RMEV,SIADL
RMEV,SIADR
RMEV,SIAVL
RMEV,SIAVR
RMEV,URXL
RMEV,URXR
RMEV,URYDL
RMEV,URYDR
RMEV,URYVL
RMEV,URYVR
RMGL,RMGL
RMGL,RMGR
RMGL,SAADL
RMGL,SAADR
RMGL,SABD
RMGL,SABVL
RMGL,SABVR
RMGL,SDQL
RMGL,SDQR
RMGL,SMBDL
RMGL,SMBDR
RMGL,URADL
RMGL,URADR
RMGL,URAVL
RMGL,URAVR
RMGL,URXL
RMGL,URXR
RMGL,URYDL
RMGL,URYDR
RMGL,URYVL
RMGL,URYVR
RMGL,VD1
RMGL,VD10
RMGL,VD11
RMGL,VD12
RMGL,VD13
RMGL,VD2
RMGL,VD3
RMGL,VD4
RMGL,VD5
RMGL,VD6
RMGL,VD7
RMGL,VD8
RMGL,VD9
RMGR,RMGR
RMGR,SAADL
RMGR,SAADR
RMGR,SABD
RMGR,SABVL
RMGR,SABVR
RMGR,SDQL
RMGR,SDQR
RMGR,SMBDL
RMGR,SMBDR
RMGR,URADL
RMGR,URADR
RMGR,URAVL
RMGR,URAVR
RMGR,URXL
RMGR,URXR
RMGR,URYDL
RMGR,URYDR
RMGR,URYVL
RMGR,URYVR
RMGR,VD1
RMGR,VD10
RMGR,VD11
RMGR,VD12
RMGR,VD13
RMGR,VD2
RMGR,VD3
RMGR,VD4
RMGR,VD5
RMGR,VD6
RMGR,VD7
RMGR,VD8
RMGR,VD9
SAADL,URADL
SAADL,URADR
SAADL,URAVL
SAADL,URAVR
SAADL,URXL
SAADL,URXR
SAADL,URYDL
SAADL,URYDR
SAADL,URYVL
SAADL,URYVR
SAADR,URADL
SAADR,URADR
SAADR,URAVL
SAADR,URAVR
SAADR,URXL
SAADR,URXR
SAADR,URYDL
SAADR,URYDR
SAADR,URYVL
SAADR,URYVR
SAAVL,URXL
SAAVL,URXR
SAAVL,URYDL
SAAVL,URYDR
SAAVL,URYVL
SAAVL,URYVR
SAAVR,URXL
SAAVR,URXR
SAAVR,URYDL
SAAVR,URYDR
SAAVR,URYVL
SAAVR,URYVR
SABD,URADL
SABD,URADR
SABD,URAVL
SABD,URAVR
SABD,URXL
SABD,URXR
SABVL,URADL
SABVL,URADR
SABVL,URAVL
SABVL,URAVR
SABVL,URXL
SABVL,URXR
SABVR,URADL
SABVR,URADR
SABVR,URAVL
SABVR,URAVR
SABVR,URXL
SABVR,URXR
SDQL,URADL
SDQL,URADR
SDQL,URAVL
SDQL,URAVR
SDQL,URXL
SDQL,URXR
SDQR,URADL
SDQR,URADR
SDQR,URAVL
SDQR,URAVR
SDQR,URXL
SDQR,URXR
SIADL,URXL
SIADL,URXR
SIADL,URYDL
SIADL,URYDR
SIADL,URYVL
SIADL,URYVR
SIADR,URXL
SIADR,URXR
SIADR,URYDL
SIADR,URYDR
SIADR,URYVL
SIADR,URYVR
SIAVL,URXL
SIAVL,URXR
SIAVL,URYDL
SIAVL,URYDR
SIAVL,URYVL
SIAVL,URYVR
SIAVR,URXL
SIAVR,URXR
SIAVR,URYDL
SIAVR,URYDR
SIAVR,URYVL
SIAVR,URYVR
SMBDL,URADL
SMBDL,URADR
SMBDL,URAVL
SMBDL,URAVR
SMBDL,URXL
SMBDL,URXR
SMBDR,URADL
SMBDR,URADR
SMBDR,URAVL
SMBDR,URAVR
SMBDR,URXL
SMBDR,URXR
URADL,URXL
URADL,URXR
URADL,VD1
URADL,VD10
URADL,VD11
URADL,VD12
URADL,VD13
URADL,VD2
URADL,VD3
URADL,VD4
URADL,VD5
URADL,VD6
URADL,VD7
URADL,VD8
URADL,VD9
URADR,URXL
URADR,URXR
URADR,VD1
URADR,VD10
URADR,VD11
URADR,VD12
URADR,VD13
URADR,VD2
URADR,VD3
URADR,VD4
URADR,VD5
URADR,VD6
URADR,VD7
URADR,VD8
URADR,VD9
URAVL,URXL
URAVL,URXR
URAVL,VD1
URAVL,VD10
URAVL,VD11
URAVL,VD12
URAVL,VD13
URAVL,VD2
URAVL,VD3
URAVL,VD4
URAVL,VD5
URAVL,VD6
URAVL,VD7
URAVL,VD8
URAVL,VD9
URAVR,URXL
URAVR,URXR
URAVR,VD1
URAVR,VD10
URAVR,VD11
URAVR,VD12
URAVR,VD13
URAVR,VD2
URAVR,VD3
URAVR,VD4
URAVR,VD5
URAVR,VD6
URAVR,VD7
URAVR,VD8
URAVR,VD9
URXL,URXL
URXL,URXR
URXL,VD1
URXL,VD10
URXL,VD11
URXL,VD12
URXL,VD13
URXL,VD2
URXL,VD3
URXL,VD4
URXL,VD5
URXL,VD6
URXL,VD7
URXL,VD8
URXL,VD9
URXR,URXR
URXR,VD1
URXR,VD10
URXR,VD11
URXR,VD12
URXR,VD13
URXR,VD2
URXR,VD3
URXR,VD4
URXR,VD5
URXR,VD6
URXR,VD7
URXR,VD8
URXR,VD9
