ADAL,ADFL,1
ADAL,AIYR,1
ADAL,ASEL,1
ADAL,ASER,1
ADAL,ASJL,1
ADAL,AVDL,1
ADAL,AVM,1
ADAL,AWBL,1
ADAL,AWBR,1
ADAL,BDUR,1
ADAL,DB2,1
ADAL,DB5,1
ADAL,DD2,1
ADAL,DD3,1
ADAL,FLPL,1
ADAL,FLPR,1
ADAL,I1R,1
ADAL,I2R,1
ADAL,IL2VL,1
ADAL,M3R,1
ADAL,OLLL,1
ADAL,OLQVR,1
ADAL,PLMR,1
ADAL,PVCL,1
ADAL,PVCR,1
ADAL,PVDL,1
ADAL,PVWL,1
ADAL,PVWR,1
ADAL,RIAR,1
ADAL,RIVR,1
ADAL,RMEV,1
ADAL,RMGR,1
ADAL,SAADR,1
ADAL,SABD,1
ADAL,SABVR,1
ADAL,SDQR,1
ADAL,URXL,1
ADAL,URYDL,1
ADAL,URYVL,1
ADAL,VA12,1
ADAL,VD1,1
ADAL,VD3,1
ADAL,VD4,1
ADAL,VD8,1
ADAR,AIAR,1
ADAR,AIYR,1
ADAR,AIZR,1
ADAR,ALML,1
ADAR,ASEL,1
ADAR,ASIR,1
ADAR,ASJL,1
ADAR,AUAR,1
ADAR,AVAL,1
ADAR,AVAR,1
ADAR,AVDL,1
ADAR,AVDR,1
ADAR,AVEL,1
ADAR,AVER,1
ADAR,AVFL,1
ADAR,AWAR,1
ADAR,AWBR,1
ADAR,BDUL,1
ADAR,DD5,1
ADAR,HSNL,1
ADAR,I2L,1
ADAR,I2R,1
ADAR,IL2DR,1
ADAR,M3R,1
ADAR,OLQDL,1
ADAR,OLQVR,1
ADAR,PHBR,1
ADAR,PLML,1
ADAR,PVWL,1
ADAR,PVWR,1
ADAR,RIGR,1
ADAR,RIVL,1
ADAR,RMGL,1
ADAR,RMGR,1
ADAR,SDQL,1
ADAR,URXL,1
ADAR,URXR,1
ADAR,URYDR,1
ADAR,URYVR,1
ADAR,VA11,1
ADAR,VA8,1
ADAR,VB5,1
ADAR,VD10,1
ADAR,VD12,1
ADEL,ADFR,1
ADEL,ADLR,1
ADEL,AIAL,1
ADEL,AIYL,1
ADEL,ALML,1
ADEL,AS10,1
ADEL,ASER,1
ADEL,AVAR,1
ADEL,AVER,1
ADEL,AVFR,1
ADEL,AWAL,1
ADEL,BAGR,1
ADEL,BDUL,1
ADEL,DB1,1
ADEL,DD4,1
ADEL,DD5,1
ADEL,I1L,1
ADEL,I2R,1
ADEL,IL2DL,1
ADEL,IL2DR,1
ADEL,IL2L,1
ADEL,IL2R,1
ADEL,M3L,1
ADEL,OLLL,1
ADEL,OLLR,1
ADEL,PHAR,1
ADEL,PLML,1
ADEL,PVQL,1
ADEL,PVR,1
ADEL,RIVL,1
ADEL,RMEL,1
ADEL,RMGL,1
ADEL,RMGR,1
ADEL,SAADL,1
ADEL,SAADR,1
ADEL,SDQL,1
ADEL,URYDL,1
ADEL,VA5,1
ADEL,VD1,1
ADEL,VD10,1
ADEL,VD12,1
ADEL,VD3,1
ADEL,VD4,1
ADEL,VD7,1
ADER,ADFL,1
ADER,AIAL,1
ADER,AIYL,1
ADER,AIYR,1
ADER,ASER,1
ADER,ASHR,1
ADER,ASIR,1
ADER,ASJR,1
ADER,ASKL,1
ADER,AVAL,1
ADER,AVAR,1
ADER,AVFR,1
ADER,AWAL,1
ADER,AWAR,1
ADER,BDUR,1
ADER,DA6,1
ADER,DB2,1
ADER,DD2,1
ADER,DD5,1
ADER,I2L,1
ADER,IL2DR,1
ADER,IL2R,1
ADER,IL2VL,1
ADER,IL2VR,1
ADER,OLLL,1
ADER,OLQDL,1
ADER,PHBR,1
ADER,PLMR,1
ADER,PVQL,1
ADER,PVWR,1
ADER,RIGR,1
ADER,RIVL,1
ADER,RIVR,1
ADER,RMED,1
ADER,RMEV,1
ADER,RMGR,1
ADER,URYVL,1
ADER,VA5,1
ADER,VD10,1
ADER,VD12,1
ADER,VD2,1
ADER,VD4,1
ADER,VD5,1
ADER,VD6,1
ADFL,ADFR,1
ADFL,ADLR,1
ADFL,AIYL,1
ADFL,AIYR,1
ADFL,AIZR,1
ADFL,ALMR,1
ADFL,AQR,1
ADFL,AS1,1
ADFL,AS2,1
ADFL,AS4,1
ADFL,AS7,1
ADFL,ASER,1
ADFL,ASGR,1
ADFL,ASHL,1
ADFL,ASHR,1
ADFL,ASIL,1
ADFL,ASJL,1
ADFL,ASJR,1
ADFL,ASKL,1
ADFL,AUAL,1
ADFL,AUAR,1
ADFL,AVER,1
ADFL,AVFL,1
ADFL,AVFR,1
ADFL,AVM,1
ADFL,AWAR,1
ADFL,AWBL,1
ADFL,BAGR,1
ADFL,DA7,1
ADFL,DA8,1
ADFL,DB2,1
ADFL,DD1,1
ADFL,DD2,1
ADFL,DD3,1
ADFL,DD4,1
ADFL,DVA,1
ADFL,FLPL,1
ADFL,HSNR,1
ADFL,I1L,1
ADFL,I2L,1
ADFL,I2R,1
ADFL,IL2DL,1
ADFL,IL2DR,1
ADFL,IL2VL,1
ADFL,IL2VR,1
ADFL,M3L,1
ADFL,OLLL,1
ADFL,PHAR,1
ADFL,PHBR,1
ADFL,PQR,1
ADFL,PVCL,1
ADFL,PVDL,1
ADFL,PVM,1
ADFL,PVWL,1
ADFL,RICL,1
ADFL,RIFL,1
ADFL,RIFR,1
ADFL,RIGL,1
ADFL,RIGR,1
ADFL,RIVR,1
ADFL,RMED,1
ADFL,RMER,1
ADFL,RMEV,1
ADFL,RMGR,1
ADFL,SAADR,1
ADFL,SABVR,1
ADFL,SDQL,1
ADFL,SDQR,1
ADFL,SMBDL,1
ADFL,URYDR,1
ADFL,URYVL,1
ADFL,URYVR,1
ADFL,VA10,1
ADFL,VA5,1
ADFL,VA6,1
ADFL,VB9,1
ADFL,VD1,1
ADFL,VD12,1
ADFL,VD13,1
ADFL,VD2,1
ADFL,VD3,1
ADFL,VD5,1
ADFL,VD6,1
ADFL,VD7,1
ADFL,VD8,1
ADFL,VD9,1
ADFR,ADLL,1
ADFR,AIAR,1
ADFR,AIYL,1
ADFR,AIZR,1
ADFR,ALML,1
ADFR,AS10,1
ADFR,ASEL,1
ADFR,ASER,1
ADFR,ASGR,1
ADFR,ASHR,1
ADFR,ASIL,1
ADFR,ASIR,1
ADFR,ASJR,1
ADFR,AUAL,1
ADFR,AVAL,1
ADFR,AVDL,1
ADFR,AVEL,1
ADFR,AVER,1
ADFR,AVFR,1
ADFR,AVM,1
ADFR,AWAL,1
ADFR,AWAR,1
ADFR,AWBL,1
ADFR,AWBR,1
ADFR,BAGL,1
ADFR,BAGR,1
ADFR,BDUR,1
ADFR,DA3,1
ADFR,DA4,1
ADFR,DA6,1
ADFR,DA8,1
ADFR,DA9,1
ADFR,DB5,1
ADFR,DD1,1
ADFR,DD2,1
ADFR,DD3,1
ADFR,DD6,1
ADFR,DVA,1
ADFR,FLPL,1
ADFR,FLPR,1
ADFR,HSNL,1
ADFR,HSNR,1
ADFR,I2R,1
ADFR,IL2R,1
ADFR,IL2VL,1
ADFR,M3L,1
ADFR,OLLL,1
ADFR,OLQVL,1
ADFR,PHAL,1
ADFR,PLML,1
ADFR,PLMR,1
ADFR,PQR,1
ADFR,PVCL,1
ADFR,PVDR,1
ADFR,PVM,1
ADFR,PVQR,1
ADFR,PVR,1
ADFR,PVWL,1
ADFR,RICL,1
ADFR,RIFL,1
ADFR,RIFR,1
ADFR,RIGL,1
ADFR,RIVR,1
ADFR,RMED,1
ADFR,RMEL,1
ADFR,RMEV,1
ADFR,RMGL,1
ADFR,RMGR,1
ADFR,SABVL,1
ADFR,SABVR,1
ADFR,SDQL,1
ADFR,URXL,1
ADFR,URYDL,1
ADFR,URYDR,1
ADFR,URYVR,1
ADFR,VA6,1
ADFR,VA8,1
ADFR,VB1,1
ADFR,VD1,1
ADFR,VD10,1
ADFR,VD13,1
ADFR,VD2,1
ADFR,VD4,1
ADFR,VD7,1
ADFR,VD8,1
ADFR,VD9,1
ADLL,ADFR,1
ADLL,AIAL,1
ADLL,AIAR,1
ADLL,AIYL,1
ADLL,AIYR,1
ADLL,AIZR,1
ADLL,ALML,1
ADLL,AQR,1
ADLL,AS10,1
ADLL,AS11,1
ADLL,AS2,1
ADLL,AS7,1
ADLL,ASEL,1
ADLL,ASER,1
ADLL,ASIL,1
ADLL,ASIR,1
ADLL,ASJL,1
ADLL,ASJR,1
ADLL,ASKL,1
ADLL,AUAL,1
ADLL,AVAR,1
ADLL,AVDL,1
ADLL,AVDR,1
ADLL,AVER,1
ADLL,AVM,1
ADLL,AWAL,1
ADLL,AWBL,1
ADLL,AWBR,1
ADLL,BAGL,1
ADLL,BAGR,1
ADLL,BDUL,1
ADLL,DA2,1
ADLL,DA4,1
ADLL,DA7,1
ADLL,DB1,1
ADLL,DB2,1
ADLL,DD5,1
ADLL,DD6,1
ADLL,FLPL,1
ADLL,FLPR,1
ADLL,HSNL,1
ADLL,HSNR,1
ADLL,I1L,1
ADLL,I1R,1
ADLL,I2L,1
ADLL,I2R,1
ADLL,IL2DL,1
ADLL,IL2DR,1
ADLL,IL2L,1
ADLL,IL2VR,1
ADLL,M3L,1
ADLL,M3R,1
ADLL,OLLR,1
ADLL,OLQVR,1
ADLL,PHAR,1
ADLL,PHBR,1
ADLL,PLML,1
ADLL,PLMR,1
ADLL,PQR,1
ADLL,PVCL,1
ADLL,PVCR,1
ADLL,PVDL,1
ADLL,PVDR,1
ADLL,PVM,1
ADLL,PVQL,1
ADLL,PVQR,1
ADLL,RICL,1
ADLL,RIGL,1
ADLL,RIVL,1
ADLL,RMED,1
ADLL,RMGR,1
ADLL,SABD,1
ADLL,SABVL,1
ADLL,SABVR,1
ADLL,SMBDR,1
ADLL,URXR,1
ADLL,URYDR,1
ADLL,URYVL,1
ADLL,VA12,1
ADLL,VA2,1
ADLL,VA3,1
ADLL,VA7,1
ADLL,VA8,1
ADLL,VB11,1
ADLL,VB2,1
ADLL,VD1,1
ADLL,VD10,1
ADLL,VD12,1
ADLL,VD13,1
ADLL,VD2,1
ADLL,VD5,1
ADLL,VD9,1
ADLR,ADFL,1
ADLR,AIYR,1
ADLR,AIZR,1
ADLR,ALML,1
ADLR,ALMR,1
ADLR,AS1,1
ADLR,AS10,1
ADLR,AS2,1
ADLR,AS5,1
ADLR,AS7,1
ADLR,AS8,1
ADLR,AS9,1
ADLR,ASEL,1
ADLR,ASGR,1
ADLR,ASHL,1
ADLR,ASIR,1
ADLR,ASJR,1
ADLR,ASKR,1
ADLR,AUAR,1
ADLR,AVAR,1
ADLR,AVDL,1
ADLR,AVDR,1
ADLR,AVEL,1
ADLR,AVFL,1
ADLR,AVFR,1
ADLR,AWAL,1
ADLR,AWBL,1
ADLR,AWBR,1
ADLR,BAGR,1
ADLR,DA6,1
ADLR,DA9,1
ADLR,DB2,1
ADLR,DB3,1
ADLR,DD1,1
ADLR,DD2,1
ADLR,DD4,1
ADLR,DD5,1
ADLR,DD6,1
ADLR,DVA,1
ADLR,FLPL,1
ADLR,I1L,1
ADLR,I2L,1
ADLR,IL2DL,1
ADLR,IL2DR,1
ADLR,IL2R,1
ADLR,IL2VR,1
ADLR,M3L,1
ADLR,M3R,1
ADLR,OLQDL,1
ADLR,OLQVR,1
ADLR,PHAL,1
ADLR,PHBL,1
ADLR,PLML,1
ADLR,PLMR,1
ADLR,PVDL,1
ADLR,PVDR,1
ADLR,PVQL,1
ADLR,PVQR,1
ADLR,PVR,1
ADLR,PVWL,1
ADLR,PVWR,1
ADLR,RIAL,1
ADLR,RIFR,1
ADLR,RIGL,1
ADLR,RIGR,1
ADLR,RIVR,1
ADLR,RMED,1
ADLR,RMER,1
ADLR,RMEV,1
ADLR,RMGL,1
ADLR,RMGR,1
ADLR,SAADL,1
ADLR,SAADR,1
ADLR,SABVL,1
ADLR,SDQL,1
ADLR,SDQR,1
ADLR,SMBDL,1
ADLR,SMBDR,1
ADLR,URXL,1
ADLR,URXR,1
ADLR,URYDL,1
ADLR,URYDR,1
ADLR,URYVL,1
ADLR,VA2,1
ADLR,VA5,1
ADLR,VB6,1
ADLR,VD1,1
ADLR,VD10,1
ADLR,VD11,1
ADLR,VD13,1
ADLR,VD2,1
ADLR,VD7,1
AFDL,ADFL,1
AFDL,ADFR,1
AFDL,AIAR,1
AFDL,AIYR,1
AFDL,AIZL,1
AFDL,AIZR,1
AFDL,ALML,1
AFDL,AS2,1
AFDL,ASER,1
AFDL,ASGL,1
AFDL,ASHL,1
AFDL,ASJR,1
AFDL,ASKR,1
AFDL,AUAL,1
AFDL,AVAL,1
AFDL,AVDL,1
AFDL,AVDR,1
AFDL,BAGL,1
AFDL,FLPL,1
AFDL,FLPR,1
AFDL,I2L,1
AFDL,IL2L,1
AFDL,IL2R,1
AFDL,IL2VL,1
AFDL,IL2VR,1
AFDL,M3L,1
AFDL,OLQVL,1
AFDL,PHAL,1
AFDL,PHAR,1
AFDL,PLML,1
AFDL,PVCR,1
AFDL,PVDL,1
AFDL,PVM,1
AFDL,PVR,1
AFDL,PVWL,1
AFDL,RICL,1
AFDL,RICR,1
AFDL,RIFL,1
AFDL,RIFR,1
AFDL,RIGL,1
AFDL,RIVL,1
AFDL,RIVR,1
AFDL,RMED,1
AFDL,RMEL,1
AFDL,RMGL,1
AFDL,SAADR,1
AFDL,SDQL,1
AFDL,SDQR,1
AFDL,SMBDL,1
AFDL,URYDL,1
AFDL,URYDR,1
AFDL,URYVL,1
AFDL,VA10,1
AFDL,VA5,1
AFDL,VD1,1
AFDL,VD2,1
AFDL,VD4,1
AFDL,VD5,1
AFDL,VD7,1
AFDR,ADFR,1
AFDR,ADLL,1
AFDR,ADLR,1
AFDR,AIAL,1
AFDR,AIZL,1
AFDR,AS11,1
AFDR,AS6,1
AFDR,ASHL,1
AFDR,ASHR,1
AFDR,ASIL,1
AFDR,ASKL,1
AFDR,ASKR,1
AFDR,AUAR,1
AFDR,AVDL,1
AFDR,AVDR,1
AFDR,AVEL,1
AFDR,AWBR,1
AFDR,BDUL,1
AFDR,DA2,1
AFDR,DA5,1
AFDR,DB1,1
AFDR,DB2,1
AFDR,DB6,1
AFDR,DD2,1
AFDR,DD4,1
AFDR,DD5,1
AFDR,DD6,1
AFDR,FLPR,1
AFDR,I1R,1
AFDR,I2L,1
AFDR,IL2DL,1
AFDR,IL2L,1
AFDR,IL2R,1
AFDR,M3L,1
AFDR,OLQDL,1
AFDR,PHAR,1
AFDR,PVM,1
AFDR,PVQL,1
AFDR,PVWL,1
AFDR,RIGL,1
AFDR,RMEL,1
AFDR,RMEV,1
AFDR,RMGR,1
AFDR,SAADL,1
AFDR,SABVR,1
AFDR,SDQL,1
AFDR,SMBDL,1
AFDR,URXR,1
AFDR,URYDR,1
AFDR,URYVL,1
AFDR,VA11,1
AFDR,VA2,1
AFDR,VD1,1
AFDR,VD10,1
AFDR,VD11,1
AFDR,VD3,1
AFDR,VD4,1
AFDR,VD5,1
AFDR,VD7,1
AIAL,AVDL,1
AIAL,AWBR,1
AIAL,BDUL,1
AIAL,DA9,1
AIAL,DB6,1
AIAL,DD1,1
AIAL,DD6,1
AIAL,RIAR,1
AIAL,RMED,1
AIAL,VD1,1
AIAL,VD3,1
AIAL,VD4,1
AIAL,VD7,1
AIAR,ADLL,1
AIAR,ASHR,1
AIAR,DA6,1
AIAR,DA9,1
AIAR,IL2DR,1
AIAR,OLQVL,1
AIAR,PLML,1
AIAR,PQR,1
AIAR,PVQR,1
AIAR,RICL,1
AIAR,RMER,1
AIAR,RMEV,1
AIAR,VD13,1
AIML,AIZL,1
AIML,AIZR,1
AIML,ALMR,1
AIML,AS5,1
AIML,ASEL,1
AIML,ASER,1
AIML,ASHL,1
AIML,ASHR,1
AIML,ASIR,1
AIML,ASJL,1
AIML,ASJR,1
AIML,ASKR,1
AIML,AVAR,1
AIML,AVEL,1
AIML,AVFL,1
AIML,AVM,1
AIML,BDUL,1
AIML,DB2,1
AIML,DB7,1
AIML,DD3,1
AIML,FLPL,1
AIML,HSNL,1
AIML,I1L,1
AIML,I2L,1
AIML,IL2L,1
AIML,IL2VL,1
AIML,M3L,1
AIML,OLLL,1
AIML,PHBR,1
AIML,PQR,1
AIML,PVDR,1
AIML,PVQL,1
AIML,PVWR,1
AIML,RIVL,1
AIML,RIVR,1
AIML,RMGR,1
AIML,SABD,1
AIML,SMBDL,1
AIML,URXR,1
AIML,URYVL,1
AIML,URYVR,1
AIML,VB3,1
AIML,VD11,1
AIML,VD12,1
AIML,VD13,1
AIML,VD2,1
AIML,VD5,1
AIML,VD6,1
AIML,VD7,1
AIMR,ADLL,1
AIMR,AIYL,1
AIMR,AIZR,1
AIMR,AS9,1
AIMR,ASEL,1
AIMR,ASER,1
AIMR,ASGR,1
AIMR,ASHR,1
AIMR,ASJR,1
AIMR,ASKL,1
AIMR,AVAR,1
AIMR,AVDR,1
AIMR,AVEL,1
AIMR,AVFR,1
AIMR,AWAL,1
AIMR,BAGL,1
AIMR,BAGR,1
AIMR,BDUL,1
AIMR,DA1,1
AIMR,DD1,1
AIMR,DD3,1
AIMR,DVA,1
AIMR,FLPL,1
AIMR,HSNL,1
AIMR,I1R,1
AIMR,IL2DR,1
AIMR,IL2VR,1
AIMR,OLLR,1
AIMR,OLQDR,1
AIMR,OLQVL,1
AIMR,PHBL,1
AIMR,PHBR,1
AIMR,PLMR,1
AIMR,PVCL,1
AIMR,PVCR,1
AIMR,PVDR,1
AIMR,PVQL,1
AIMR,PVQR,1
AIMR,PVR,1
AIMR,PVWR,1
AIMR,RICR,1
AIMR,RIGL,1
AIMR,RIGR,1
AIMR,RIVR,1
AIMR,RMER,1
AIMR,RMGL,1
AIMR,URXR,1
AIMR,VD12,1
AIMR,VD4,1
AIYL,ADFR,1
AIYL,ADLL,1
AIYL,ADLR,1
AIYL,AIAL,1
AIYL,AIAR,1
AIYL,AIYR,1
AIYL,AIZR,1
AIYL,AQR,1
AIYL,AS1,1
AIYL,AS10,1
AIYL,AS5,1
AIYL,ASEL,1
AIYL,ASGL,1
AIYL,ASIL,1
AIYL,ASJR,1
AIYL,ASKR,1
AIYL,AUAR,1
AIYL,AVAR,1
AIYL,AVDL,1
AIYL,AVDR,1
AIYL,AVER,1
AIYL,AVFL,1
AIYL,AWAL,1
AIYL,AWAR,1
AIYL,AWBR,1
AIYL,BAGR,1
AIYL,BDUR,1
AIYL,DA8,1
AIYL,DD1,1
AIYL,DD3,1
AIYL,FLPL,1
AIYL,FLPR,1
AIYL,I1R,1
AIYL,I2L,1
AIYL,I2R,1
AIYL,IL2DL,1
AIYL,IL2DR,1
AIYL,IL2R,1
AIYL,M3L,1
AIYL,OLQDR,1
AIYL,OLQVL,1
AIYL,OLQVR,1
AIYL,PHAL,1
AIYL,PLML,1
AIYL,PQR,1
AIYL,PVCL,1
AIYL,PVDL,1
AIYL,PVM,1
AIYL,PVR,1
AIYL,PVWL,1
AIYL,PVWR,1
AIYL,RIAL,1
AIYL,RICL,1
AIYL,RICR,1
AIYL,RIFL,1
AIYL,RIGL,1
AIYL,RIGR,1
AIYL,RIVR,1
AIYL,RMED,1
AIYL,RMER,1
AIYL,RMEV,1
AIYL,RMGL,1
AIYL,RMGR,1
AIYL,SAADR,1
AIYL,SABD,1
AIYL,SDQR,1
AIYL,SMBDR,1
AIYL,URXR,1
AIYL,URYVL,1
AIYL,URYVR,1
AIYL,VA12,1
AIYL,VB2,1
AIYL,VB7,1
AIYL,VD10,1
AIYL,VD12,1
AIYL,VD13,1
AIYL,VD2,1
AIYL,VD3,1
AIYL,VD7,1
AIYL,VD8,1
AIYL,VD9,1
AIYR,ADFL,1
AIYR,ADLL,1
AIYR,AIYL,1
AIYR,AIZL,1
AIYR,ALML,1
AIYR,ALMR,1
AIYR,AS11,1
AIYR,AS5,1
AIYR,AS9,1
AIYR,ASGL,1
AIYR,ASGR,1
AIYR,ASHL,1
AIYR,ASJR,1
AIYR,ASKR,1
AIYR,AVAL,1
AIYR,AVAR,1
AIYR,AVDL,1
AIYR,AVDR,1
AIYR,AVEL,1
AIYR,AVER,1
AIYR,AVFL,1
AIYR,AVM,1
AIYR,AWAL,1
AIYR,AWBR,1
AIYR,BAGL,1
AIYR,BAGR,1
AIYR,BDUL,1
AIYR,BDUR,1
AIYR,DA7,1
AIYR,DA8,1
AIYR,DA9,1
AIYR,DB3,1
AIYR,DD1,1
AIYR,DD5,1
AIYR,DD6,1
AIYR,DVA,1
AIYR,FLPL,1
AIYR,HSNL,1
AIYR,HSNR,1
AIYR,I1R,1
AIYR,I2R,1
AIYR,IL2DL,1
AIYR,IL2VR,1
AIYR,M3L,1
AIYR,M3R,1
AIYR,OLLL,1
AIYR,OLQVL,1
AIYR,PHAL,1
AIYR,PHBL,1
AIYR,PLMR,1
AIYR,PVCL,1
AIYR,PVCR,1
AIYR,PVQL,1
AIYR,PVQR,1
AIYR,PVWR,1
AIYR,RIAR,1
AIYR,RIFL,1
AIYR,RIFR,1
AIYR,RIGR,1
AIYR,RIVL,1
AIYR,RMEV,1
AIYR,SAADR,1
AIYR,SMBDL,1
AIYR,SMBDR,1
AIYR,URXL,1
AIYR,URYDL,1
AIYR,URYDR,1
AIYR,URYVL,1
AIYR,URYVR,1
AIYR,VA5,1
AIYR,VA7,1
AIYR,VB11,1
AIYR,VB2,1
AIYR,VD10,1
AIYR,VD13,1
AIYR,VD2,1
AIYR,VD5,1
AIYR,VD6,1
AIYR,VD7,1
AIYR,VD8,1
AIYR,VD9,1
AIZL,ADFR,1
AIZL,ADLR,1
AIZL,AIYR,1
AIZL,AIZR,1
AIZL,ASGL,1
AIZL,AUAL,1
AIZL,AVDL,1
AIZL,AVER,1
AIZL,AWAL,1
AIZL,AWAR,1
AIZL,AWBL,1
AIZL,BAGR,1
AIZL,BDUL,1
AIZL,I1R,1
AIZL,PHBR,1
AIZL,PLMR,1
AIZL,PVDR,1
AIZL,SAADL,1
AIZL,SDQL,1
AIZL,VD3,1
AIZR,ADFR,1
AIZR,AVDR,1
AIZR,BAGR,1
AIZR,I2R,1
AIZR,IL2DL,1
AIZR,OLLL,1
AIZR,OLQDL,1
AIZR,OLQDR,1
AIZR,PHAL,1
AIZR,PHBR,1
AIZR,RIGL,1
AIZR,RIGR,1
AIZR,RIVL,1
AIZR,SDQL,1
AIZR,URYDR,1
AIZR,VA5,1
AIZR,VB9,1
AIZR,VD12,1
AIZR,VD5,1
AIZR,VD6,1
ALA,ASHR,1
ALA,OLQDR,1
ALA,RICR,1
ALA,RIFL,1
ALA,RIVL,1
ALA,SABVR,1
ALA,URYDL,1
ALA,URYDR,1
AQR,ADLL,1
AQR,AIAL,1
AQR,ALML,1
AQR,ASHL,1
AQR,AUAL,1
AQR,AUAR,1
AQR,AVAL,1
AQR,AWAL,1
AQR,AWAR,1
AQR,AWBR,1
AQR,DB2,1
AQR,DD3,1
AQR,DD5,1
AQR,DVA,1
AQR,FLPL,1
AQR,HSNR,1
AQR,I1R,1
AQR,IL2DR,1
AQR,IL2L,1
AQR,IL2VL,1
AQR,OLQVL,1
AQR,PHBR,1
AQR,PLML,1
AQR,PVQL,1
AQR,PVR,1
AQR,RIAR,1
AQR,RICL,1
AQR,RIVR,1
AQR,RMER,1
AQR,RMGR,1
AQR,SABVL,1
AQR,SABVR,1
AQR,URYDL,1
AQR,URYVL,1
AQR,URYVR,1
AQR,VA12,1
AQR,VA6,1
AQR,VB9,1
AQR,VD1,1
AQR,VD10,1
AQR,VD2,1
AQR,VD5,1
AQR,VD6,1
AQR,VD7,1
ASEL,ADFL,1
ASEL,ADFR,1
ASEL,AIAL,1
ASEL,AIYL,1
ASEL,AIYR,1
ASEL,AIZR,1
ASEL,AQR,1
ASEL,AS1,1
ASEL,AS10,1
ASEL,AS5,1
ASEL,AS6,1
ASEL,ASER,1
ASEL,ASGL,1
ASEL,ASGR,1
ASEL,ASHL,1
ASEL,ASIR,1
ASEL,ASJL,1
ASEL,ASJR,1
ASEL,ASKL,1
ASEL,ASKR,1
ASEL,AUAL,1
ASEL,AUAR,1
ASEL,AVDR,1
ASEL,AVER,1
ASEL,AVM,1
ASEL,AWAL,1
ASEL,AWBL,1
ASEL,AWBR,1
ASEL,BAGL,1
ASEL,BAGR,1
ASEL,BDUL,1
ASEL,BDUR,1
ASEL,DA4,1
ASEL,DB2,1
ASEL,DB5,1
ASEL,DB6,1
ASEL,DD1,1
ASEL,DD3,1
ASEL,DD4,1
ASEL,DD5,1
ASEL,FLPL,1
ASEL,FLPR,1
ASEL,HSNL,1
ASEL,HSNR,1
ASEL,I1L,1
ASEL,I1R,1
ASEL,I2L,1
ASEL,I2R,1
ASEL,IL2DL,1
ASEL,IL2DR,1
ASEL,IL2L,1
ASEL,IL2VL,1
ASEL,IL2VR,1
ASEL,M3L,1
ASEL,OLLL,1
ASEL,OLLR,1
ASEL,OLQDL,1
ASEL,OLQDR,1
ASEL,OLQVL,1
ASEL,OLQVR,1
ASEL,PHAL,1
ASEL,PHBL,1
ASEL,PQR,1
ASEL,PVCL,1
ASEL,PVDL,1
ASEL,PVDR,1
ASEL,PVQL,1
ASEL,PVQR,1
ASEL,RIAR,1
ASEL,RICL,1
ASEL,RIFL,1
ASEL,RIGL,1
ASEL,RMED,1
ASEL,RMER,1
ASEL,RMEV,1
ASEL,RMGL,1
ASEL,SAADL,1
ASEL,SABD,1
ASEL,SABVL,1
ASEL,SDQL,1
ASEL,SDQR,1
ASEL,SMBDL,1
ASEL,URXL,1
ASEL,URXR,1
ASEL,URYDR,1
ASEL,URYVL,1
ASEL,URYVR,1
ASEL,VA2,1
ASEL,VA4,1
ASEL,VA5,1
ASEL,VA6,1
ASEL,VA9,1
ASEL,VB6,1
ASEL,VD1,1
ASEL,VD11,1
ASEL,VD12,1
ASEL,VD2,1
ASEL,VD3,1
ASEL,VD4,1
ASEL,VD8,1
ASER,ADFL,1
ASER,ADLR,1
ASER,AIAL,1
ASER,AIAR,1
ASER,AIYL,1
ASER,AIZL,1
ASER,AIZR,1
ASER,ALML,1
ASER,AQR,1
ASER,AS1,1
ASER,AS11,1
ASER,AS2,1
ASER,ASGR,1
ASER,ASHL,1
ASER,ASHR,1
ASER,ASIR,1
ASER,ASJL,1
ASER,ASJR,1
ASER,ASKR,1
ASER,AVAR,1
ASER,AVDL,1
ASER,AVDR,1
ASER,AVEL,1
ASER,AVER,1
ASER,AVFR,1
ASER,AVM,1
ASER,AWAL,1
ASER,AWAR,1
ASER,BAGL,1
ASER,BAGR,1
ASER,BDUL,1
ASER,BDUR,1
ASER,DA1,1
ASER,DA4,1
ASER,DB5,1
ASER,DB6,1
ASER,DD1,1
ASER,DD3,1
ASER,DD6,1
ASER,DVA,1
ASER,FLPL,1
ASER,HSNL,1
ASER,HSNR,1
ASER,I1R,1
ASER,IL2DL,1
ASER,IL2L,1
ASER,IL2R,1
ASER,IL2VL,1
ASER,IL2VR,1
ASER,M3L,1
ASER,OLQDL,1
ASER,OLQVL,1
ASER,OLQVR,1
ASER,PHAL,1
ASER,PLML,1
ASER,PQR,1
ASER,PVCL,1
ASER,PVCR,1
ASER,PVDL,1
ASER,PVQL,1
ASER,PVQR,1
ASER,PVWL,1
ASER,PVWR,1
ASER,RIAR,1
ASER,RICL,1
ASER,RICR,1
ASER,RIFR,1
ASER,RIGR,1
ASER,RIVL,1
ASER,RMED,1
ASER,RMGL,1
ASER,SAADL,1
ASER,SAADR,1
ASER,SABVL,1
ASER,SABVR,1
ASER,SDQR,1
ASER,URXL,1
ASER,URXR,1
ASER,URYDL,1
ASER,URYVL,1
ASER,VA5,1
ASER,VA6,1
ASER,VA8,1
ASER,VB1,1
ASER,VB10,1
ASER,VB4,1
ASER,VB9,1
ASER,VD1,1
ASER,VD10,1
ASER,VD13,1
ASER,VD3,1
ASER,VD6,1
ASER,VD8,1
ASER,VD9,1
ASGL,ADFL,1
ASGL,ADLL,1
ASGL,ADLR,1
ASGL,AIAL,1
ASGL,AIYL,1
ASGL,AIYR,1
ASGL,AIZL,1
ASGL,ALMR,1
ASGL,AQR,1
ASGL,AS1,1
ASGL,AS10,1
ASGL,AS2,1
ASGL,AS5,1
ASGL,AS8,1
ASGL,ASEL,1
ASGL,ASHL,1
ASGL,ASHR,1
ASGL,ASIL,1
ASGL,ASIR,1
ASGL,ASJL,1
ASGL,ASKR,1
ASGL,AUAR,1
ASGL,AVAL,1
ASGL,AVAR,1
ASGL,AVDL,1
ASGL,AVDR,1
ASGL,AVER,1
ASGL,AVFL,1
ASGL,AVFR,1
ASGL,AVM,1
ASGL,AWBL,1
ASGL,AWBR,1
ASGL,BAGR,1
ASGL,BDUR,1
ASGL,DA7,1
ASGL,DB2,1
ASGL,DB5,1
ASGL,DD2,1
ASGL,DD4,1
ASGL,DD5,1
ASGL,DVA,1
ASGL,FLPL,1
ASGL,HSNL,1
ASGL,HSNR,1
ASGL,I1R,1
ASGL,I2R,1
ASGL,IL2DL,1
ASGL,IL2DR,1
ASGL,IL2VL,1
ASGL,IL2VR,1
ASGL,M3L,1
ASGL,OLLR,1
ASGL,OLQDR,1
ASGL,OLQVL,1
ASGL,PHAL,1
ASGL,PHAR,1
ASGL,PHBL,1
ASGL,PHBR,1
ASGL,PLMR,1
ASGL,PQR,1
ASGL,PVCL,1
ASGL,PVDL,1
ASGL,PVDR,1
ASGL,PVM,1
ASGL,PVPL,1
ASGL,RICL,1
ASGL,RIFL,1
ASGL,RIFR,1
ASGL,RIGL,1
ASGL,RIGR,1
ASGL,RIVL,1
ASGL,RIVR,1
ASGL,RMED,1
ASGL,RMEL,1
ASGL,RMER,1
ASGL,RMEV,1
ASGL,RMGL,1
ASGL,RMGR,1
ASGL,SABD,1
ASGL,SABVL,1
ASGL,SABVR,1
ASGL,SDQR,1
ASGL,SMBDL,1
ASGL,SMBDR,1
ASGL,URXL,1
ASGL,URYDL,1
ASGL,URYVL,1
ASGL,URYVR,1
ASGL,VA12,1
ASGL,VA8,1
ASGL,VA9,1
ASGL,VB1,1
ASGL,VB2,1
ASGL,VB4,1
ASGL,VB6,1
ASGL,VB8,1
ASGL,VB9,1
ASGL,VD10,1
ASGL,VD11,1
ASGL,VD13,1
ASGL,VD3,1
ASGL,VD6,1
ASGL,VD7,1
ASGL,VD8,1
ASGL,VD9,1
ASGR,ADFL,1
ASGR,ADFR,1
ASGR,ADLL,1
ASGR,AIAL,1
ASGR,AIZL,1
ASGR,ALMR,1
ASGR,AQR,1
ASGR,AS3,1
ASGR,ASEL,1
ASGR,ASER,1
ASGR,ASGL,1
ASGR,ASHL,1
ASGR,ASIL,1
ASGR,ASJL,1
ASGR,ASJR,1
ASGR,ASKL,1
ASGR,AUAL,1
ASGR,AUAR,1
ASGR,AVAL,1
ASGR,AVAR,1
ASGR,AVDL,1
ASGR,AVDR,1
ASGR,AVFL,1
ASGR,AVFR,1
ASGR,AWAR,1
ASGR,AWBL,1
ASGR,AWBR,1
ASGR,BAGL,1
ASGR,BAGR,1
ASGR,BDUL,1
ASGR,DA4,1
ASGR,DA6,1
ASGR,DA7,1
ASGR,DB2,1
ASGR,DB4,1
ASGR,DB5,1
ASGR,DD1,1
ASGR,DD2,1
ASGR,DD4,1
ASGR,DD6,1
ASGR,DVA,1
ASGR,FLPR,1
ASGR,HSNL,1
ASGR,HSNR,1
ASGR,I1L,1
ASGR,I2L,1
ASGR,I2R,1
ASGR,IL2DL,1
ASGR,IL2DR,1
ASGR,IL2L,1
ASGR,IL2R,1
ASGR,IL2VL,1
ASGR,IL2VR,1
ASGR,M3L,1
ASGR,M3R,1
ASGR,OLLR,1
ASGR,OLQDL,1
ASGR,OLQVR,1
ASGR,PHAL,1
ASGR,PHBL,1
ASGR,PHBR,1
ASGR,PLML,1
ASGR,PLMR,1
ASGR,PVCL,1
ASGR,PVDL,1
ASGR,PVM,1
ASGR,PVPL,1
ASGR,PVQL,1
ASGR,PVQR,1
ASGR,PVR,1
ASGR,PVWR,1
ASGR,RIAR,1
ASGR,RICL,1
ASGR,RIFL,1
ASGR,RIFR,1
ASGR,RIVL,1
ASGR,RMED,1
ASGR,RMER,1
ASGR,RMGL,1
ASGR,RMGR,1
ASGR,SAADL,1
ASGR,SAADR,1
ASGR,SABVL,1
ASGR,SABVR,1
ASGR,SDQL,1
ASGR,SDQR,1
ASGR,SMBDL,1
ASGR,URXR,1
ASGR,URYVL,1
ASGR,VA5,1
ASGR,VA7,1
ASGR,VB11,1
ASGR,VB5,1
ASGR,VB7,1
ASGR,VD1,1
ASGR,VD10,1
ASGR,VD12,1
ASGR,VD13,1
ASGR,VD2,1
ASGR,VD3,1
ASGR,VD4,1
ASGR,VD5,1
ASGR,VD6,1
ASGR,VD7,1
ASGR,VD8,1
ASHL,ADFL,1
ASHL,ADLL,1
ASHL,ADLR,1
ASHL,AIAL,1
ASHL,AIYL,1
ASHL,AIYR,1
ASHL,AIZL,1
ASHL,AIZR,1
ASHL,ALML,1
ASHL,ALMR,1
ASHL,AS1,1
ASHL,AS10,1
ASHL,AS5,1
ASHL,ASER,1
ASHL,ASGR,1
ASHL,ASHR,1
ASHL,ASJL,1
ASHL,AUAR,1
ASHL,AVAL,1
ASHL,AVAR,1
ASHL,AVDR,1
ASHL,AVEL,1
ASHL,AVFR,1
ASHL,AWAL,1
ASHL,AWAR,1
ASHL,AWBL,1
ASHL,AWBR,1
ASHL,BAGR,1
ASHL,BDUL,1
ASHL,BDUR,1
ASHL,DA4,1
ASHL,DA9,1
ASHL,DB2,1
ASHL,DB5,1
ASHL,DD1,1
ASHL,DD2,1
ASHL,DD3,1
ASHL,DD5,1
ASHL,DD6,1
ASHL,FLPR,1
ASHL,I1L,1
ASHL,I1R,1
ASHL,IL2DR,1
ASHL,IL2L,1
ASHL,IL2VL,1
ASHL,M3L,1
ASHL,OLLR,1
ASHL,OLQDR,1
ASHL,PHAR,1
ASHL,PLMR,1
ASHL,PQR,1
ASHL,PVCL,1
ASHL,PVCR,1
ASHL,PVDL,1
ASHL,PVM,1
ASHL,PVPL,1
ASHL,PVR,1
ASHL,PVWR,1
ASHL,RICR,1
ASHL,RIFL,1
ASHL,RIGR,1
ASHL,RIVL,1
ASHL,RMED,1
ASHL,RMEL,1
ASHL,RMER,1
ASHL,RMEV,1
ASHL,SAADL,1
ASHL,SAADR,1
ASHL,SABD,1
ASHL,SABVR,1
ASHL,SDQL,1
ASHL,SDQR,1
ASHL,SMBDL,1
ASHL,SMBDR,1
ASHL,URXL,1
ASHL,URXR,1
ASHL,URYDL,1
ASHL,URYDR,1
ASHL,URYVL,1
ASHL,VA9,1
ASHL,VB9,1
ASHL,VD1,1
ASHL,VD13,1
ASHL,VD3,1
ASHL,VD6,1
ASHL,VD9,1
ASHR,ADFL,1
ASHR,ADFR,1
ASHR,ADLR,1
ASHR,AIAR,1
ASHR,AIZL,1
ASHR,ALMR,1
ASHR,AS1,1
ASHR,AS10,1
ASHR,AS11,1
ASHR,AS2,1
ASHR,AS4,1
ASHR,AS5,1
ASHR,ASGL,1
ASHR,ASHL,1
ASHR,ASIR,1
ASHR,ASJR,1
ASHR,AUAL,1
ASHR,AVAL,1
ASHR,AVAR,1
ASHR,AVEL,1
ASHR,AVER,1
ASHR,AVFL,1
ASHR,AVFR,1
ASHR,AVG,1
ASHR,AWBR,1
ASHR,BAGL,1
ASHR,BDUL,1
ASHR,DA4,1
ASHR,DA6,1
ASHR,DB2,1
ASHR,DB5,1
ASHR,DD2,1
ASHR,DD4,1
ASHR,DD5,1
ASHR,FLPL,1
ASHR,FLPR,1
ASHR,HSNL,1
ASHR,HSNR,1
ASHR,I1L,1
ASHR,I2L,1
ASHR,IL2DL,1
ASHR,IL2DR,1
ASHR,IL2L,1
ASHR,IL2R,1
ASHR,IL2VL,1
ASHR,M3L,1
ASHR,OLLR,1
ASHR,OLQVR,1
ASHR,PHAL,1
ASHR,PHBL,1
ASHR,PHBR,1
ASHR,PLMR,1
ASHR,PVCL,1
ASHR,PVDL,1
ASHR,PVDR,1
ASHR,PVQL,1
ASHR,PVR,1
ASHR,PVWR,1
ASHR,RICL,1
ASHR,RICR,1
ASHR,RIFL,1
ASHR,RIGR,1
ASHR,RIVL,1
ASHR,RMED,1
ASHR,RMEV,1
ASHR,RMGL,1
ASHR,SAADL,1
ASHR,SABVR,1
ASHR,SMBDR,1
ASHR,URXL,1
ASHR,URXR,1
ASHR,URYDR,1
ASHR,URYVL,1
ASHR,VA1,1
ASHR,VA12,1
ASHR,VA5,1
ASHR,VA6,1
ASHR,VA8,1
ASHR,VB5,1
ASHR,VB8,1
ASHR,VB9,1
ASHR,VD1,1
ASHR,VD12,1
ASHR,VD4,1
ASHR,VD8,1
ASHR,VD9,1
ASIL,ADLL,1
ASIL,ADLR,1
ASIL,AIAR,1
ASIL,AIZR,1
ASIL,AQR,1
ASIL,AS1,1
ASIL,AS2,1
ASIL,AS3,1
ASIL,AS6,1
ASIL,AS7,1
ASIL,ASEL,1
ASIL,ASER,1
ASIL,ASGL,1
ASIL,ASGR,1
ASIL,ASHR,1
ASIL,ASJL,1
ASIL,ASJR,1
ASIL,ASKL,1
ASIL,ASKR,1
ASIL,AUAL,1
ASIL,AUAR,1
ASIL,AVAR,1
ASIL,AVDL,1
ASIL,AVDR,1
ASIL,AVEL,1
ASIL,AVER,1
ASIL,AVFR,1
ASIL,AVM,1
ASIL,AWAL,1
ASIL,AWAR,1
ASIL,AWBR,1
ASIL,BAGR,1
ASIL,BDUL,1
ASIL,BDUR,1
ASIL,DA4,1
ASIL,DA7,1
ASIL,DA8,1
ASIL,DA9,1
ASIL,DB3,1
ASIL,DB5,1
ASIL,DD1,1
ASIL,DD2,1
ASIL,DD3,1
ASIL,DD5,1
ASIL,DVA,1
ASIL,FLPL,1
ASIL,FLPR,1
ASIL,HSNL,1
ASIL,HSNR,1
ASIL,I1L,1
ASIL,I1R,1
ASIL,I2L,1
ASIL,IL2L,1
ASIL,IL2R,1
ASIL,IL2VL,1
ASIL,IL2VR,1
ASIL,M3L,1
ASIL,M3R,1
ASIL,OLLL,1
ASIL,OLLR,1
ASIL,OLQDR,1
ASIL,OLQVR,1
ASIL,PHAL,1
ASIL,PHAR,1
ASIL,PHBL,1
ASIL,PHBR,1
ASIL,PLML,1
ASIL,PLMR,1
ASIL,PQR,1
ASIL,PVCL,1
ASIL,PVCR,1
ASIL,PVDL,1
ASIL,PVDR,1
ASIL,PVR,1
ASIL,PVWL,1
ASIL,PVWR,1
ASIL,RIAL,1
ASIL,RIAR,1
ASIL,RICL,1
ASIL,RICR,1
ASIL,RIFR,1
ASIL,RIGR,1
ASIL,RIVL,1
ASIL,RIVR,1
ASIL,RMED,1
ASIL,RMEL,1
ASIL,RMER,1
ASIL,RMEV,1
ASIL,RMGR,1
ASIL,SAADL,1
ASIL,SAADR,1
ASIL,SABD,1
ASIL,SABVR,1
ASIL,SDQL,1
ASIL,SDQR,1
ASIL,SMBDL,1
ASIL,URXL,1
ASIL,URXR,1
ASIL,URYDL,1
ASIL,URYDR,1
ASIL,URYVR,1
ASIL,VA12,1
ASIL,VA3,1
ASIL,VA4,1
ASIL,VA8,1
ASIL,VB10,1
ASIL,VB11,1
ASIL,VB2,1
ASIL,VB6,1
ASIL,VB9,1
ASIL,VD1,1
ASIL,VD11,1
ASIL,VD12,1
ASIL,VD13,1
ASIL,VD3,1
ASIL,VD4,1
ASIL,VD5,1
ASIL,VD6,1
ASIL,VD7,1
ASIL,VD8,1
ASIL,VD9,1
ASIR,ADFL,1
ASIR,ADLL,1
ASIR,AIYR,1
ASIR,AIZR,1
ASIR,ALML,1
ASIR,ALMR,1
ASIR,AQR,1
ASIR,AS1,1
ASIR,AS10,1
ASIR,AS2,1
ASIR,AS5,1
ASIR,AS9,1
ASIR,ASEL,1
ASIR,ASER,1
ASIR,ASGL,1
ASIR,ASHL,1
ASIR,ASHR,1
ASIR,ASIL,1
ASIR,ASJL,1
ASIR,ASJR,1
ASIR,ASKL,1
ASIR,ASKR,1
ASIR,AUAL,1
ASIR,AUAR,1
ASIR,AVAL,1
ASIR,AVAR,1
ASIR,AVEL,1
ASIR,AVER,1
ASIR,AVFL,1
ASIR,AVFR,1
ASIR,AVM,1
ASIR,AWAL,1
ASIR,AWBL,1
ASIR,AWBR,1
ASIR,BAGL,1
ASIR,BAGR,1
ASIR,BDUR,1
ASIR,DA3,1
ASIR,DA6,1
ASIR,DA7,1
ASIR,DB2,1
ASIR,DB3,1
ASIR,DD1,1
ASIR,DD2,1
ASIR,DD3,1
ASIR,DD5,1
ASIR,DD6,1
ASIR,FLPR,1
ASIR,HSNR,1
ASIR,I1L,1
ASIR,I1R,1
ASIR,I2L,1
ASIR,I2R,1
ASIR,IL2DL,1
ASIR,IL2DR,1
ASIR,IL2L,1
ASIR,IL2R,1
ASIR,IL2VL,1
ASIR,M3L,1
ASIR,M3R,1
ASIR,OLLL,1
ASIR,OLLR,1
ASIR,OLQDL,1
ASIR,OLQVL,1
ASIR,PHAL,1
ASIR,PHAR,1
ASIR,PHBL,1
ASIR,PLML,1
ASIR,PLMR,1
ASIR,PQR,1
ASIR,PVCL,1
ASIR,PVCR,1
ASIR,PVDL,1
ASIR,PVDR,1
ASIR,PVM,1
ASIR,PVQL,1
ASIR,PVQR,1
ASIR,PVR,1
ASIR,PVWL,1
ASIR,PVWR,1
ASIR,RIAR,1
ASIR,RICL,1
ASIR,RICR,1
ASIR,RIFL,1
ASIR,RIGR,1
ASIR,RIVR,1
ASIR,RMED,1
ASIR,RMEL,1
ASIR,RMER,1
ASIR,RMEV,1
ASIR,RMGL,1
ASIR,RMGR,1
ASIR,SAADR,1
ASIR,SABD,1
ASIR,SDQL,1
ASIR,SMBDL,1
ASIR,SMBDR,1
ASIR,URYDL,1
ASIR,URYVL,1
ASIR,URYVR,1
ASIR,VA12,1
ASIR,VA2,1
ASIR,VA3,1
ASIR,VA5,1
ASIR,VA9,1
ASIR,VB10,1
ASIR,VB2,1
ASIR,VB4,1
ASIR,VB7,1
ASIR,VB9,1
ASIR,VD1,1
ASIR,VD10,1
ASIR,VD11,1
ASIR,VD13,1
ASIR,VD2,1
ASIR,VD3,1
ASIR,VD5,1
ASIR,VD6,1
ASIR,VD7,1
ASIR,VD8,1
ASIR,VD9,1
ASJL,ADFR,1
ASJL,AIAL,1
ASJL,AIAR,1
ASJL,AIYL,1
ASJL,AIZL,1
ASJL,AIZR,1
ASJL,ALML,1
ASJL,AQR,1
ASJL,AS1,1
ASJL,ASER,1
ASJL,ASHL,1
ASJL,ASHR,1
ASJL,ASIR,1
ASJL,ASJR,1
ASJL,ASKL,1
ASJL,AUAL,1
ASJL,AUAR,1
ASJL,AVAL,1
ASJL,AVAR,1
ASJL,AVDR,1
ASJL,AVEL,1
ASJL,AVER,1
ASJL,AVFL,1
ASJL,AWAL,1
ASJL,AWAR,1
ASJL,AWBL,1
ASJL,AWBR,1
ASJL,BAGL,1
ASJL,BAGR,1
ASJL,DA4,1
ASJL,DA9,1
ASJL,DB2,1
ASJL,DD2,1
ASJL,DD5,1
ASJL,DVA,1
ASJL,FLPL,1
ASJL,FLPR,1
ASJL,HSNR,1
ASJL,I1R,1
ASJL,I2R,1
ASJL,IL2DR,1
ASJL,IL2L,1
ASJL,IL2VL,1
ASJL,IL2VR,1
ASJL,M3L,1
ASJL,M3R,1
ASJL,OLLL,1
ASJL,OLLR,1
ASJL,OLQVL,1
ASJL,OLQVR,1
ASJL,PHBR,1
ASJL,PLML,1
ASJL,PQR,1
ASJL,PVCR,1
ASJL,PVM,1
ASJL,PVQL,1
ASJL,PVQR,1
ASJL,PVR,1
ASJL,PVWL,1
ASJL,RIAR,1
ASJL,RICR,1
ASJL,RIFL,1
ASJL,RIGR,1
ASJL,RMER,1
ASJL,RMGL,1
ASJL,SAADL,1
ASJL,SAADR,1
ASJL,SABD,1
ASJL,SABVR,1
ASJL,SDQR,1
ASJL,SMBDL,1
ASJL,URXL,1
ASJL,URXR,1
ASJL,URYVR,1
ASJL,VA12,1
ASJL,VA3,1
ASJL,VA6,1
ASJL,VB10,1
ASJL,VB4,1
ASJL,VD1,1
ASJL,VD10,1
ASJL,VD11,1
ASJL,VD12,1
ASJL,VD2,1
ASJL,VD4,1
ASJL,VD9,1
ASJR,ADFL,1
ASJR,ADFR,1
ASJR,AIAL,1
ASJR,AIYL,1
ASJR,ALML,1
ASJR,ALMR,1
ASJR,AS10,1
ASJR,AS2,1
ASJR,AS5,1
ASJR,AS8,1
ASJR,ASER,1
ASJR,ASGR,1
ASJR,ASHL,1
ASJR,ASIL,1
ASJR,ASIR,1
ASJR,AUAL,1
ASJR,AVAL,1
ASJR,AVDR,1
ASJR,AVEL,1
ASJR,AVFL,1
ASJR,AVFR,1
ASJR,AVM,1
ASJR,AWAR,1
ASJR,AWBR,1
ASJR,BAGL,1
ASJR,BAGR,1
ASJR,BDUL,1
ASJR,BDUR,1
ASJR,DA1,1
ASJR,DA6,1
ASJR,DA7,1
ASJR,DA9,1
ASJR,DB2,1
ASJR,DB4,1
ASJR,DB5,1
ASJR,DB6,1
ASJR,DD1,1
ASJR,DD2,1
ASJR,DD3,1
ASJR,DD4,1
ASJR,DD5,1
ASJR,DD6,1
ASJR,DVA,1
ASJR,FLPL,1
ASJR,FLPR,1
ASJR,I1R,1
ASJR,I2L,1
ASJR,I2R,1
ASJR,IL2DL,1
ASJR,M3L,1
ASJR,OLLL,1
ASJR,OLQDL,1
ASJR,OLQDR,1
ASJR,OLQVR,1
ASJR,PHAR,1
ASJR,PHBL,1
ASJR,PLML,1
ASJR,PQR,1
ASJR,PVCL,1
ASJR,PVCR,1
ASJR,PVDL,1
ASJR,PVR,1
ASJR,PVWR,1
ASJR,RIAL,1
ASJR,RIAR,1
ASJR,RICL,1
ASJR,RIFR,1
ASJR,RIVL,1
ASJR,RIVR,1
ASJR,RMED,1
ASJR,RMEL,1
ASJR,SABD,1
ASJR,SMBDL,1
ASJR,URXL,1
ASJR,URXR,1
ASJR,URYDL,1
ASJR,URYDR,1
ASJR,VA5,1
ASJR,VA7,1
ASJR,VA8,1
ASJR,VB5,1
ASJR,VD10,1
ASJR,VD11,1
ASJR,VD2,1
ASJR,VD3,1
ASJR,VD9,1
ASKL,ADFL,1
ASKL,ADFR,1
ASKL,ADLL,1
ASKL,AIAL,1
ASKL,AIYR,1
ASKL,AIZL,1
ASKL,AIZR,1
ASKL,ALMR,1
ASKL,AS1,1
ASKL,AS10,1
ASKL,AS2,1
ASKL,AS5,1
ASKL,AS8,1
ASKL,ASEL,1
ASKL,ASER,1
ASKL,ASGL,1
ASKL,ASGR,1
ASKL,ASHL,1
ASKL,ASIL,1
ASKL,ASJL,1
ASKL,ASJR,1
ASKL,ASKR,1
ASKL,AUAL,1
ASKL,AUAR,1
ASKL,AVAL,1
ASKL,AVER,1
ASKL,AVM,1
ASKL,AWAL,1
ASKL,AWBL,1
ASKL,AWBR,1
ASKL,BAGL,1
ASKL,BAGR,1
ASKL,BDUL,1
ASKL,BDUR,1
ASKL,DA3,1
ASKL,DA6,1
ASKL,DA9,1
ASKL,DB2,1
ASKL,DB5,1
ASKL,DB6,1
ASKL,DD1,1
ASKL,DD4,1
ASKL,DD5,1
ASKL,DD6,1
ASKL,FLPL,1
ASKL,FLPR,1
ASKL,HSNR,1
ASKL,I1L,1
ASKL,I1R,1
ASKL,I2L,1
ASKL,IL2DL,1
ASKL,IL2DR,1
ASKL,IL2R,1
ASKL,IL2VR,1
ASKL,M3L,1
ASKL,M3R,1
ASKL,OLLL,1
ASKL,OLLR,1
ASKL,OLQDL,1
ASKL,OLQDR,1
ASKL,OLQVL,1
ASKL,OLQVR,1
ASKL,PHAR,1
ASKL,PHBL,1
ASKL,PHBR,1
ASKL,PLML,1
ASKL,PLMR,1
ASKL,PQR,1
ASKL,PVCL,1
ASKL,PVCR,1
ASKL,PVDL,1
ASKL,PVM,1
ASKL,PVQL,1
ASKL,PVQR,1
ASKL,PVR,1
ASKL,PVWL,1
ASKL,PVWR,1
ASKL,RIAL,1
ASKL,RIAR,1
ASKL,RICL,1
ASKL,RIFL,1
ASKL,RIFR,1
ASKL,RIGL,1
ASKL,RIGR,1
ASKL,RIVL,1
ASKL,RIVR,1
ASKL,RMED,1
ASKL,RMER,1
ASKL,RMGL,1
ASKL,SAADL,1
ASKL,SABD,1
ASKL,SABVL,1
ASKL,SABVR,1
ASKL,SDQL,1
ASKL,SDQR,1
ASKL,SMBDL,1
ASKL,URXL,1
ASKL,URXR,1
ASKL,URYDL,1
ASKL,URYDR,1
ASKL,URYVL,1
ASKL,URYVR,1
ASKL,VA11,1
ASKL,VA2,1
ASKL,VA6,1
ASKL,VA8,1
ASKL,VB1,1
ASKL,VB11,1
ASKL,VB4,1
ASKL,VB6,1
ASKL,VB9,1
ASKL,VD10,1
ASKL,VD11,1
ASKL,VD12,1
ASKL,VD13,1
ASKL,VD3,1
ASKL,VD4,1
ASKL,VD7,1
ASKL,VD8,1
ASKL,VD9,1
ASKR,ADFL,1
ASKR,ADFR,1
ASKR,AIAL,1
ASKR,AIAR,1
ASKR,AIYL,1
ASKR,AIYR,1
ASKR,AIZL,1
ASKR,AIZR,1
ASKR,ALML,1
ASKR,ALMR,1
ASKR,AQR,1
ASKR,AS1,1
ASKR,AS2,1
ASKR,AS8,1
ASKR,ASEL,1
ASKR,ASGL,1
ASKR,ASGR,1
ASKR,ASHR,1
ASKR,ASIL,1
ASKR,ASJR,1
ASKR,ASKL,1
ASKR,AUAL,1
ASKR,AVAR,1
ASKR,AVDL,1
ASKR,AVDR,1
ASKR,AVER,1
ASKR,AVFL,1
ASKR,AVFR,1
ASKR,AVM,1
ASKR,AWAL,1
ASKR,AWAR,1
ASKR,AWBL,1
ASKR,AWBR,1
ASKR,BAGL,1
ASKR,BAGR,1
ASKR,BDUL,1
ASKR,DA4,1
ASKR,DA6,1
ASKR,DA7,1
ASKR,DA8,1
ASKR,DB2,1
ASKR,DB5,1
ASKR,DD1,1
ASKR,DD2,1
ASKR,DD3,1
ASKR,DD4,1
ASKR,DD5,1
ASKR,DD6,1
ASKR,DVA,1
ASKR,FLPL,1
ASKR,FLPR,1
ASKR,HSNL,1
ASKR,I1R,1
ASKR,I2L,1
ASKR,IL2DL,1
ASKR,IL2DR,1
ASKR,IL2L,1
ASKR,IL2R,1
ASKR,IL2VL,1
ASKR,IL2VR,1
ASKR,M3L,1
ASKR,M3R,1
ASKR,OLLR,1
ASKR,OLQDL,1
ASKR,OLQDR,1
ASKR,OLQVL,1
ASKR,OLQVR,1
ASKR,PHAL,1
ASKR,PHAR,1
ASKR,PHBL,1
ASKR,PHBR,1
ASKR,PLML,1
ASKR,PQR,1
ASKR,PVCL,1
ASKR,PVCR,1
ASKR,PVDL,1
ASKR,PVM,1
ASKR,PVQL,1
ASKR,PVQR,1
ASKR,PVWL,1
ASKR,RIAR,1
ASKR,RICL,1
ASKR,RICR,1
ASKR,RIFL,1
ASKR,RIFR,1
ASKR,RIGR,1
ASKR,RIVL,1
ASKR,RIVR,1
ASKR,RMEL,1
ASKR,RMER,1
ASKR,RMEV,1
ASKR,RMGL,1
ASKR,RMGR,1
ASKR,SAADR,1
ASKR,SABVR,1
ASKR,SDQL,1
ASKR,SDQR,1
ASKR,SMBDL,1
ASKR,SMBDR,1
ASKR,URXL,1
ASKR,URXR,1
ASKR,URYDR,1
ASKR,URYVL,1
ASKR,URYVR,1
ASKR,VA10,1
ASKR,VA2,1
ASKR,VB2,1
ASKR,VB9,1
ASKR,VD1,1
ASKR,VD10,1
ASKR,VD12,1
ASKR,VD13,1
ASKR,VD2,1
ASKR,VD3,1
ASKR,VD4,1
ASKR,VD5,1
ASKR,VD6,1
ASKR,VD7,1
ASKR,VD8,1
ASKR,VD9,1
AUAL,AWBR,1
AUAL,PHAL,1
AUAL,SAADL,1
AUAL,URXR,1
AUAL,VB9,1
AUAR,ADLR,1
AUAR,AIAL,1
AUAR,AS1,1
AUAR,PVCL,1
AUAR,RMGR,1
AVAL,ADFL,1
AVAL,ADFR,1
AVAL,ADLL,1
AVAL,ADLR,1
AVAL,AIAL,1
AVAL,AIAR,1
AVAL,AIYR,1
AVAL,ALML,1
AVAL,ALMR,1
AVAL,AS2,1
AVAL,ASEL,1
AVAL,ASGL,1
AVAL,ASGR,1
AVAL,ASIR,1
AVAL,ASJL,1
AVAL,ASKL,1
AVAL,ASKR,1
AVAL,AUAL,1
AVAL,AUAR,1
AVAL,AVDL,1
AVAL,AVEL,1
AVAL,AVFR,1
AVAL,AVM,1
AVAL,AWAL,1
AVAL,AWBR,1
AVAL,BAGR,1
AVAL,BDUR,1
AVAL,DA4,1
AVAL,DA7,1
AVAL,DB1,1
AVAL,DD2,1
AVAL,DVA,1
AVAL,FLPL,1
AVAL,HSNR,1
AVAL,I2L,1
AVAL,IL2DR,1
AVAL,IL2R,1
AVAL,IL2VL,1
AVAL,IL2VR,1
AVAL,M3R,1
AVAL,OLLL,1
AVAL,OLLR,1
AVAL,OLQDL,1
AVAL,OLQDR,1
AVAL,OLQVR,1
AVAL,PHAR,1
AVAL,PLML,1
AVAL,PVCR,1
AVAL,PVDR,1
AVAL,PVM,1
AVAL,PVQR,1
AVAL,PVWL,1
AVAL,PVWR,1
AVAL,RIAL,1
AVAL,RICL,1
AVAL,RICR,1
AVAL,RIFL,1
AVAL,RIFR,1
AVAL,RIGL,1
AVAL,RMED,1
AVAL,RMER,1
AVAL,RMEV,1
AVAL,RMGR,1
AVAL,SAADL,1
AVAL,SDQL,1
AVAL,SDQR,1
AVAL,SMBDL,1
AVAL,SMBDR,1
AVAL,URYDL,1
AVAL,URYVL,1
AVAL,VA11,1
AVAL,VB4,1
AVAL,VD1,1
AVAL,VD10,1
AVAL,VD2,1
AVAL,VD3,1
AVAL,VD4,1
AVAL,VD6,1
AVAL,VD7,1
AVAL,VD8,1
AVAL,VD9,1
AVAR,ADFR,1
AVAR,AIAL,1
AVAR,AIYR,1
AVAR,AIZR,1
AVAR,ALML,1
AVAR,AQR,1
AVAR,ASER,1
AVAR,ASGL,1
AVAR,ASGR,1
AVAR,ASHR,1
AVAR,ASJL,1
AVAR,ASJR,1
AVAR,ASKL,1
AVAR,ASKR,1
AVAR,AUAL,1
AVAR,AVDL,1
AVAR,AVDR,1
AVAR,AVER,1
AVAR,AVFL,1
AVAR,AVFR,1
AVAR,AVM,1
AVAR,AWAL,1
AVAR,AWBR,1
AVAR,BAGL,1
AVAR,BDUL,1
AVAR,BDUR,1
AVAR,DA9,1
AVAR,DB1,1
AVAR,DB2,1
AVAR,DD1,1
AVAR,DD4,1
AVAR,DVA,1
AVAR,HSNL,1
AVAR,HSNR,1
AVAR,I1L,1
AVAR,I2R,1
AVAR,IL2R,1
AVAR,IL2VR,1
AVAR,OLLL,1
AVAR,OLLR,1
AVAR,OLQVL,1
AVAR,PHAR,1
AVAR,PHBR,1
AVAR,PLML,1
AVAR,PQR,1
AVAR,PVCR,1
AVAR,PVDR,1
AVAR,PVM,1
AVAR,PVQL,1
AVAR,PVWL,1
AVAR,PVWR,1
AVAR,RIAR,1
AVAR,RIFL,1
AVAR,RIGR,1
AVAR,RMER,1
AVAR,RMEV,1
AVAR,RMGR,1
AVAR,SAADL,1
AVAR,SABD,1
AVAR,SABVL,1
AVAR,SABVR,1
AVAR,SDQL,1
AVAR,SDQR,1
AVAR,SMBDL,1
AVAR,SMBDR,1
AVAR,URXL,1
AVAR,URXR,1
AVAR,URYDL,1
AVAR,URYDR,1
AVAR,URYVL,1
AVAR,VA12,1
AVAR,VA5,1
AVAR,VB2,1
AVAR,VB7,1
AVAR,VD10,1
AVAR,VD11,1
AVAR,VD12,1
AVAR,VD13,1
AVAR,VD2,1
AVAR,VD3,1
AVAR,VD8,1
AVBL,ADFR,1
AVBL,AIAL,1
AVBL,AIAR,1
AVBL,AIYL,1
AVBL,AIZL,1
AVBL,AQR,1
AVBL,AS1,1
AVBL,ASER,1
AVBL,ASHR,1
AVBL,ASJL,1
AVBL,ASJR,1
AVBL,AVAR,1
AVBL,AVFR,1
AVBL,AWAR,1
AVBL,BDUL,1
AVBL,BDUR,1
AVBL,DB2,1
AVBL,DB3,1
AVBL,DD1,1
AVBL,DD5,1
AVBL,DD6,1
AVBL,HSNL,1
AVBL,I2R,1
AVBL,IL2DL,1
AVBL,M3L,1
AVBL,OLLR,1
AVBL,OLQDL,1
AVBL,OLQVL,1
AVBL,OLQVR,1
AVBL,PVCL,1
AVBL,PVCR,1
AVBL,PVDL,1
AVBL,PVQL,1
AVBL,PVWL,1
AVBL,RIVL,1
AVBL,RMED,1
AVBL,RMER,1
AVBL,SABD,1
AVBL,SDQL,1
AVBL,VB6,1
AVBL,VD11,1
AVBL,VD12,1
AVBL,VD13,1
AVBL,VD8,1
AVBR,ADFL,1
AVBR,ADFR,1
AVBR,ADLL,1
AVBR,ASGR,1
AVBR,ASHL,1
AVBR,ASJR,1
AVBR,ASKL,1
AVBR,AUAL,1
AVBR,AVAL,1
AVBR,AVDR,1
AVBR,AVM,1
AVBR,AWAL,1
AVBR,AWAR,1
AVBR,AWBL,1
AVBR,AWBR,1
AVBR,BDUL,1
AVBR,DD2,1
AVBR,DD4,1
AVBR,DVA,1
AVBR,I1R,1
AVBR,OLQDL,1
AVBR,PHAL,1
AVBR,PHAR,1
AVBR,PHBL,1
AVBR,PLMR,1
AVBR,PQR,1
AVBR,PVCR,1
AVBR,PVDL,1
AVBR,PVWL,1
AVBR,RIGL,1
AVBR,RIVL,1
AVBR,RMEL,1
AVBR,RMEV,1
AVBR,RMGL,1
AVBR,SAADR,1
AVBR,SABD,1
AVBR,SMBDL,1
AVBR,VA12,1
AVBR,VD1,1
AVBR,VD11,1
AVBR,VD12,1
AVBR,VD5,1
AVBR,VD7,1
AVBR,VD9,1
AVDL,ADLL,1
AVDL,AIAL,1
AVDL,AIYL,1
AVDL,AIZR,1
AVDL,ALMR,1
AVDL,AQR,1
AVDL,AS2,1
AVDL,ASKL,1
AVDL,ASKR,1
AVDL,AUAR,1
AVDL,BDUL,1
AVDL,DA4,1
AVDL,DD5,1
AVDL,DVA,1
AVDL,I1R,1
AVDL,I2R,1
AVDL,OLLR,1
AVDL,OLQDL,1
AVDL,PHAR,1
AVDL,PHBL,1
AVDL,PLMR,1
AVDL,PVCR,1
AVDL,PVDL,1
AVDL,PVM,1
AVDL,PVR,1
AVDL,RIAL,1
AVDL,RIAR,1
AVDL,RICR,1
AVDL,RIFL,1
AVDL,RIFR,1
AVDL,RIGR,1
AVDL,RMEV,1
AVDL,RMGR,1
AVDL,SDQL,1
AVDL,SDQR,1
AVDL,SMBDL,1
AVDL,URXL,1
AVDL,URXR,1
AVDL,URYDR,1
AVDL,URYVR,1
AVDL,VD1,1
AVDL,VD12,1
AVDL,VD6,1
AVDL,VD8,1
AVDR,ADFR,1
AVDR,AIAL,1
AVDR,AIYR,1
AVDR,ALMR,1
AVDR,ASER,1
AVDR,ASKL,1
AVDR,AUAL,1
AVDR,AVAR,1
AVDR,AWAR,1
AVDR,AWBL,1
AVDR,BDUL,1
AVDR,DB2,1
AVDR,DB5,1
AVDR,DD1,1
AVDR,DD2,1
AVDR,DD4,1
AVDR,DD6,1
AVDR,DVA,1
AVDR,FLPR,1
AVDR,HSNR,1
AVDR,I2L,1
AVDR,IL2R,1
AVDR,IL2VL,1
AVDR,OLLL,1
AVDR,PHAR,1
AVDR,PVR,1
AVDR,RIAL,1
AVDR,RICL,1
AVDR,RICR,1
AVDR,RMER,1
AVDR,SABD,1
AVDR,SDQR,1
AVDR,SMBDR,1
AVDR,URYVL,1
AVDR,URYVR,1
AVDR,VA10,1
AVDR,VA12,1
AVDR,VA6,1
AVDR,VB10,1
AVDR,VD1,1
AVDR,VD13,1
AVDR,VD2,1
AVDR,VD5,1
AVDR,VD7,1
AVEL,ADFR,1
AVEL,ALMR,1
AVEL,I1L,1
AVEL,I2R,1
AVEL,IL2DL,1
AVEL,OLQDL,1
AVEL,OLQVL,1
AVEL,PVM,1
AVEL,RIFR,1
AVEL,RMER,1
AVEL,SAADR,1
AVEL,URYDR,1
AVEL,VD13,1
AVER,AIAL,1
AVER,AVAR,1
AVER,AVM,1
AVER,DA4,1
AVER,DD1,1
AVER,DD5,1
AVER,FLPR,1
AVER,OLQDL,1
AVER,PLML,1
AVER,PLMR,1
AVER,SDQR,1
AVER,URYVR,1
AVER,VD9,1
AVG,ADLR,1
AVG,AIYL,1
AVG,AIYR,1
AVG,AIZR,1
AVG,ASEL,1
AVG,ASGR,1
AVG,ASHL,1
AVG,AUAL,1
AVG,AVAR,1
AVG,AWBR,1
AVG,BAGR,1
AVG,BDUR,1
AVG,DB2,1
AVG,DD3,1
AVG,DD5,1
AVG,DVA,1
AVG,I1L,1
AVG,IL2VL,1
AVG,M3L,1
AVG,OLLR,1
AVG,OLQDR,1
AVG,OLQVL,1
AVG,OLQVR,1
AVG,PHBR,1
AVG,PVM,1
AVG,PVQL,1
AVG,PVQR,1
AVG,PVR,1
AVG,PVWL,1
AVG,RICL,1
AVG,RICR,1
AVG,RIGL,1
AVG,RMED,1
AVG,SAADL,1
AVG,SABD,1
AVG,SDQL,1
AVG,SDQR,1
AVG,SMBDL,1
AVG,URYDL,1
AVG,URYVR,1
AVG,VD13,1
AVG,VD5,1
AVG,VD7,1
AVG,VD8,1
AVKL,ALMR,1
AVKL,AQR,1
AVKL,AS2,1
AVKL,ASIR,1
AVKL,ASKL,1
AVKL,AVAL,1
AVKL,AVDL,1
AVKL,AWAR,1
AVKL,BDUR,1
AVKL,DA3,1
AVKL,DA7,1
AVKL,DB2,1
AVKL,FLPL,1
AVKL,I2L,1
AVKL,OLQDR,1
AVKL,OLQVL,1
AVKL,PHAL,1
AVKL,PHAR,1
AVKL,PLML,1
AVKL,PLMR,1
AVKL,PVM,1
AVKL,RIVL,1
AVKL,RMGL,1
AVKL,SAADL,1
AVKL,URYDL,1
AVKL,VB8,1
AVKL,VD11,1
AVKL,VD12,1
AVKL,VD7,1
AVKL,VD8,1
AVKR,AQR,1
AVKR,ASGL,1
AVKR,ASIL,1
AVKR,ASIR,1
AVKR,ASKL,1
AVKR,AVER,1
AVKR,BAGR,1
AVKR,DA8,1
AVKR,FLPR,1
AVKR,HSNR,1
AVKR,I1L,1
AVKR,IL2R,1
AVKR,IL2VL,1
AVKR,OLQVL,1
AVKR,PHBR,1
AVKR,PQR,1
AVKR,PVCR,1
AVKR,PVM,1
AVKR,PVQL,1
AVKR,PVWR,1
AVKR,RIFR,1
AVKR,RMED,1
AVKR,RMEV,1
AVKR,URXR,1
AVKR,URYDL,1
AVKR,URYVL,1
AVKR,VA4,1
AVKR,VD11,1
AVKR,VD3,1
AVKR,VD5,1
AVM,BAGL,1
AVM,BDUR,1
AVM,PLML,1
AVM,PVWL,1
AVM,RIAL,1
AVM,RIAR,1
AVM,RMEL,1
AVM,URYDR,1
AVM,VD1,1
AWCL,AIZL,1
AWCL,ALML,1
AWCL,ASGL,1
AWCL,AWBR,1
AWCL,I1L,1
AWCL,IL2VR,1
AWCL,PHAL,1
AWCL,PVCL,1
AWCL,PVCR,1
AWCL,PVWL,1
AWCL,RMEV,1
AWCL,VD10,1
AWCL,VD11,1
AWCR,ADFR,1
AWCR,ADLR,1
AWCR,ALMR,1
AWCR,AS2,1
AWCR,ASHR,1
AWCR,I1R,1
AWCR,IL2L,1
AWCR,M3L,1
AWCR,PVM,1
AWCR,RMER,1
AWCR,VD11,1
AWCR,VD12,1
AWCR,VD9,1
BAGL,AIYL,1
BAGL,AS1,1
BAGL,ASHR,1
BAGL,BAGR,1
BAGL,I2R,1
BAGL,IL2DL,1
BAGL,IL2VR,1
BAGL,OLLR,1
BAGL,PVDR,1
BAGL,PVQR,1
BAGL,RIGR,1
BAGL,SAADL,1
BAGR,AIYR,1
BAGR,AIZL,1
BAGR,ASIL,1
BAGR,AWBL,1
BAGR,I2L,1
BAGR,PVWL,1
BAGR,RIAL,1
BAGR,RIFR,1
BAGR,VD1,1
BAGR,VD2,1
BAGR,VD3,1
BAGR,VD8,1
BDUL,ADLR,1
BDUL,AIAL,1
BDUL,AQR,1
BDUL,AS2,1
BDUL,AS8,1
BDUL,ASER,1
BDUL,ASGL,1
BDUL,ASGR,1
BDUL,ASHL,1
BDUL,ASHR,1
BDUL,AUAR,1
BDUL,AVAL,1
BDUL,AVEL,1
BDUL,AVM,1
BDUL,AWAR,1
BDUL,BAGL,1
BDUL,BDUR,1
BDUL,DA1,1
BDUL,DA4,1
BDUL,DB6,1
BDUL,DD1,1
BDUL,DD4,1
BDUL,FLPL,1
BDUL,HSNL,1
BDUL,HSNR,1
BDUL,I1L,1
BDUL,I1R,1
BDUL,I2R,1
BDUL,IL2DR,1
BDUL,IL2L,1
BDUL,IL2R,1
BDUL,OLLL,1
BDUL,PHAR,1
BDUL,PLML,1
BDUL,PVCL,1
BDUL,PVDR,1
BDUL,PVQR,1
BDUL,PVR,1
BDUL,PVWR,1
BDUL,RIAL,1
BDUL,RIAR,1
BDUL,RIFL,1
BDUL,RIGL,1
BDUL,RIVL,1
BDUL,RMED,1
BDUL,SAADL,1
BDUL,URXR,1
BDUL,URYVR,1
BDUL,VB2,1
BDUL,VB9,1
BDUL,VD5,1
BDUL,VD8,1
BDUL,VD9,1
BDUR,ADLL,1
BDUR,AIZL,1
BDUR,AIZR,1
BDUR,AS1,1
BDUR,AS10,1
BDUR,ASER,1
BDUR,ASGL,1
BDUR,ASGR,1
BDUR,ASIL,1
BDUR,ASIR,1
BDUR,ASJL,1
BDUR,ASJR,1
BDUR,AUAL,1
BDUR,AVDL,1
BDUR,AVDR,1
BDUR,AVER,1
BDUR,AWAL,1
BDUR,AWAR,1
BDUR,DD1,1
BDUR,FLPR,1
BDUR,HSNL,1
BDUR,I1L,1
BDUR,I1R,1
BDUR,I2L,1
BDUR,IL2DR,1
BDUR,OLLL,1
BDUR,PVWL,1
BDUR,RIFR,1
BDUR,RIGL,1
BDUR,RIVR,1
BDUR,RMEL,1
BDUR,RMGL,1
BDUR,SABD,1
BDUR,SDQL,1
BDUR,SDQR,1
BDUR,SMBDL,1
BDUR,SMBDR,1
BDUR,URXL,1
BDUR,URXR,1
BDUR,URYVL,1
BDUR,URYVR,1
BDUR,VA12,1
BDUR,VA5,1
BDUR,VB2,1
BDUR,VB6,1
BDUR,VB9,1
BDUR,VD1,1
BDUR,VD13,1
BDUR,VD2,1
BDUR,VD4,1
BDUR,VD5,1
BDUR,VD6,1
BDUR,VD9,1
DD1,AIYL,1
DD1,AS6,1
DD1,ASGR,1
DD1,ASHR,1
DD1,AVFL,1
DD1,BAGL,1
DD1,DB2,1
DD1,DD3,1
DD1,DD6,1
DD1,HSNL,1
DD1,I1R,1
DD1,I2R,1
DD1,IL2DR,1
DD1,M3R,1
DD1,PHBR,1
DD1,PLML,1
DD1,PVCR,1
DD1,RICR,1
DD1,RIFL,1
DD1,RIVL,1
DD1,RIVR,1
DD1,SABVL,1
DD1,SDQL,1
DD1,URYDL,1
DD1,URYVL,1
DD1,VB11,1
DD1,VD12,1
DD1,VD6,1
DD2,AIAL,1
DD2,AS1,1
DD2,AS2,1
DD2,ASIL,1
DD2,ASKL,1
DD2,AVEL,1
DD2,BDUR,1
DD2,DA5,1
DD2,DD4,1
DD2,HSNL,1
DD2,IL2L,1
DD2,PHAL,1
DD2,PVDL,1
DD2,PVDR,1
DD2,PVM,1
DD2,PVQL,1
DD2,PVWL,1
DD2,RMED,1
DD2,RMER,1
DD2,URYVL,1
DD2,VA12,1
DD2,VA6,1
DD2,VB5,1
DD2,VB6,1
DD2,VB9,1
DD2,VD1,1
DD2,VD11,1
DD2,VD9,1
DD3,AIAL,1
DD3,AIZL,1
DD3,ASEL,1
DD3,ASGL,1
DD3,ASIL,1
DD3,ASJR,1
DD3,AUAL,1
DD3,DA9,1
DD3,DD1,1
DD3,HSNL,1
DD3,I1L,1
DD3,M3L,1
DD3,OLQDL,1
DD3,OLQDR,1
DD3,PHAR,1
DD3,PHBL,1
DD3,PVDR,1
DD3,PVR,1
DD3,PVWR,1
DD3,RIGL,1
DD3,RMER,1
DD3,SAADL,1
DD3,SAADR,1
DD3,SMBDR,1
DD3,URXL,1
DD3,URYDR,1
DD3,VD3,1
DD3,VD6,1
DD4,AIZL,1
DD4,AS1,1
DD4,AS2,1
DD4,ASGR,1
DD4,AUAL,1
DD4,AWAL,1
DD4,DD2,1
DD4,DVA,1
DD4,FLPL,1
DD4,I2R,1
DD4,IL2DL,1
DD4,IL2DR,1
DD4,IL2L,1
DD4,IL2VL,1
DD4,M3L,1
DD4,OLLL,1
DD4,OLQVR,1
DD4,PLMR,1
DD4,PVDL,1
DD4,PVQL,1
DD4,URXL,1
DD4,URYDL,1
DD4,VA1,1
DD4,VA7,1
DD4,VB6,1
DD4,VD10,1
DD4,VD6,1
DD4,VD7,1
DD5,ASEL,1
DD5,ASHR,1
DD5,AUAR,1
DD5,AVAL,1
DD5,AVDL,1
DD5,AVDR,1
DD5,AWAL,1
DD5,BDUL,1
DD5,BDUR,1
DD5,DD1,1
DD5,DD2,1
DD5,DD4,1
DD5,I1L,1
DD5,I2L,1
DD5,OLLR,1
DD5,OLQDL,1
DD5,PLMR,1
DD5,PQR,1
DD5,PVDR,1
DD5,PVM,1
DD5,PVQL,1
DD5,PVR,1
DD5,RIGL,1
DD5,RMEV,1
DD5,RMGR,1
DD5,SAADR,1
DD5,URYDL,1
DD5,VA12,1
DD6,ADLR,1
DD6,AIAL,1
DD6,ALML,1
DD6,AQR,1
DD6,AS10,1
DD6,ASER,1
DD6,ASKL,1
DD6,DA4,1
DD6,DA6,1
DD6,DD2,1
DD6,IL2DL,1
DD6,OLLR,1
DD6,OLQDR,1
DD6,OLQVL,1
DD6,PHBR,1
DD6,PQR,1
DD6,PVDL,1
DD6,PVM,1
DD6,PVWL,1
DD6,RIGR,1
DD6,RMED,1
DD6,RMEL,1
DD6,SABVR,1
DD6,SMBDL,1
DD6,URXL,1
DD6,VD2,1
DD6,VD3,1
DD6,VD5,1
DVA,ADFL,1
DVA,AIAR,1
DVA,AIZL,1
DVA,ALML,1
DVA,ALMR,1
DVA,AS2,1
DVA,AS5,1
DVA,AS7,1
DVA,ASGR,1
DVA,ASHL,1
DVA,ASHR,1
DVA,ASJL,1
DVA,ASJR,1
DVA,AUAL,1
DVA,AUAR,1
DVA,AVFR,1
DVA,AWAL,1
DVA,BAGL,1
DVA,DA6,1
DVA,DA7,1
DVA,DB5,1
DVA,DD1,1
DVA,DD2,1
DVA,DD5,1
DVA,FLPR,1
DVA,HSNL,1
DVA,HSNR,1
DVA,I1L,1
DVA,I2L,1
DVA,I2R,1
DVA,IL2DL,1
DVA,IL2DR,1
DVA,IL2VL,1
DVA,IL2VR,1
DVA,OLQDL,1
DVA,OLQVL,1
DVA,PHAR,1
DVA,PHBR,1
DVA,PLML,1
DVA,PLMR,1
DVA,PQR,1
DVA,PVCL,1
DVA,PVCR,1
DVA,PVDL,1
DVA,PVM,1
DVA,PVR,1
DVA,PVWR,1
DVA,RIAL,1
DVA,RIAR,1
DVA,RICR,1
DVA,RIFL,1
DVA,RIGL,1
DVA,RIGR,1
DVA,RIVL,1
DVA,RMEL,1
DVA,RMER,1
DVA,RMEV,1
DVA,RMGL,1
DVA,SABVR,1
DVA,SDQR,1
DVA,SMBDR,1
DVA,URYDL,1
DVA,URYVL,1
DVA,VA8,1
DVA,VB10,1
DVA,VB9,1
DVA,VD1,1
DVA,VD12,1
DVA,VD2,1
DVA,VD4,1
DVA,VD5,1
DVA,VD7,1
DVB,AIAL,1
DVB,AIYR,1
DVB,DD1,1
DVB,M3R,1
DVB,PVWL,1
FLPL,ADFL,1
FLPL,ADFR,1
FLPL,ADLR,1
FLPL,AIYR,1
FLPL,AIZL,1
FLPL,AIZR,1
FLPL,ALMR,1
FLPL,AS1,1
FLPL,AS10,1
FLPL,AS4,1
FLPL,ASEL,1
FLPL,ASHR,1
FLPL,ASIL,1
FLPL,ASJL,1
FLPL,ASJR,1
FLPL,AUAL,1
FLPL,AVAL,1
FLPL,AVEL,1
FLPL,AVER,1
FLPL,AWAL,1
FLPL,AWAR,1
FLPL,AWBR,1
FLPL,BAGL,1
FLPL,BAGR,1
FLPL,BDUL,1
FLPL,BDUR,1
FLPL,DA5,1
FLPL,DA6,1
FLPL,DB2,1
FLPL,DB5,1
FLPL,DD3,1
FLPL,DD4,1
FLPL,DD5,1
FLPL,DVA,1
FLPL,FLPR,1
FLPL,HSNL,1
FLPL,HSNR,1
FLPL,I1L,1
FLPL,I2R,1
FLPL,IL2DL,1
FLPL,IL2DR,1
FLPL,IL2L,1
FLPL,IL2R,1
FLPL,IL2VL,1
FLPL,M3L,1
FLPL,OLLL,1
FLPL,OLLR,1
FLPL,OLQDL,1
FLPL,OLQDR,1
FLPL,OLQVR,1
FLPL,PHAR,1
FLPL,PHBL,1
FLPL,PHBR,1
FLPL,PQR,1
FLPL,PVCR,1
FLPL,PVQL,1
FLPL,PVQR,1
FLPL,PVR,1
FLPL,PVWL,1
FLPL,RIAL,1
FLPL,RIAR,1
FLPL,RICL,1
FLPL,RICR,1
FLPL,RIGL,1
FLPL,RIGR,1
FLPL,RMEV,1
FLPL,RMGL,1
FLPL,SABD,1
FLPL,SABVR,1
FLPL,SMBDL,1
FLPL,SMBDR,1
FLPL,URXR,1
FLPL,URYDR,1
FLPL,URYVL,1
FLPL,VA10,1
FLPL,VA12,1
FLPL,VA5,1
FLPL,VB1,1
FLPL,VB10,1
FLPL,VB6,1
FLPL,VB8,1
FLPL,VD1,1
FLPL,VD11,1
FLPL,VD12,1
FLPL,VD13,1
FLPL,VD2,1
FLPL,VD3,1
FLPL,VD4,1
FLPL,VD5,1
FLPL,VD6,1
FLPL,VD8,1
FLPL,VD9,1
FLPR,ADFL,1
FLPR,ADLR,1
FLPR,AIAL,1
FLPR,AIZL,1
FLPR,ALMR,1
FLPR,AS10,1
FLPR,AS2,1
FLPR,AS4,1
FLPR,AS5,1
FLPR,AS8,1
FLPR,AS9,1
FLPR,ASER,1
FLPR,ASGL,1
FLPR,ASGR,1
FLPR,ASHL,1
FLPR,ASHR,1
FLPR,ASIR,1
FLPR,ASJL,1
FLPR,ASJR,1
FLPR,ASKR,1
FLPR,AUAR,1
FLPR,AVDL,1
FLPR,AVDR,1
FLPR,AVEL,1
FLPR,AVER,1
FLPR,AVFL,1
FLPR,AWAL,1
FLPR,AWBL,1
FLPR,AWBR,1
FLPR,BDUL,1
FLPR,BDUR,1
FLPR,DA3,1
FLPR,DA7,1
FLPR,DB4,1
FLPR,DD1,1
FLPR,DD2,1
FLPR,DD4,1
FLPR,DD5,1
FLPR,DD6,1
FLPR,DVA,1
FLPR,I1R,1
FLPR,IL2L,1
FLPR,M3L,1
FLPR,OLLL,1
FLPR,OLLR,1
FLPR,OLQVL,1
FLPR,OLQVR,1
FLPR,PHAL,1
FLPR,PHAR,1
FLPR,PHBL,1
FLPR,PQR,1
FLPR,PVCL,1
FLPR,PVDL,1
FLPR,PVDR,1
FLPR,PVM,1
FLPR,PVR,1
FLPR,PVWR,1
FLPR,RIAR,1
FLPR,RICR,1
FLPR,RIFL,1
FLPR,RIFR,1
FLPR,RIGL,1
FLPR,RMED,1
FLPR,RMEL,1
FLPR,RMER,1
FLPR,RMGR,1
FLPR,SAADL,1
FLPR,SABVL,1
FLPR,SABVR,1
FLPR,SDQR,1
FLPR,SMBDL,1
FLPR,SMBDR,1
FLPR,URXL,1
FLPR,URYDL,1
FLPR,URYDR,1
FLPR,VA1,1
FLPR,VA12,1
FLPR,VA3,1
FLPR,VA6,1
FLPR,VB1,1
FLPR,VB10,1
FLPR,VB11,1
FLPR,VB4,1
FLPR,VD1,1
FLPR,VD10,1
FLPR,VD11,1
FLPR,VD13,1
FLPR,VD3,1
FLPR,VD4,1
FLPR,VD6,1
FLPR,VD7,1
FLPR,VD9,1
HSNL,AVFL,1
HSNL,IL2VL,1
HSNL,VD6,1
HSNL,VD7,1
HSNR,ALMR,1
HSNR,DB2,1
HSNR,DB5,1
HSNR,DD5,1
I2L,ADLL,1
I2L,AIAL,1
I2L,AIAR,1
I2L,AIZR,1
I2L,ALML,1
I2L,AS1,1
I2L,AS10,1
I2L,ASHL,1
I2L,ASHR,1
I2L,ASJL,1
I2L,ASJR,1
I2L,ASKL,1
I2L,AUAR,1
I2L,AVAR,1
I2L,AVEL,1
I2L,AVER,1
I2L,AWBL,1
I2L,AWBR,1
I2L,BAGR,1
I2L,BDUL,1
I2L,DB1,1
I2L,DD4,1
I2L,DD5,1
I2L,FLPR,1
I2L,HSNR,1
I2L,IL2L,1
I2L,IL2R,1
I2L,IL2VR,1
I2L,OLLL,1
I2L,OLQDR,1
I2L,OLQVL,1
I2L,OLQVR,1
I2L,PHAL,1
I2L,PHAR,1
I2L,PVWL,1
I2L,RIAL,1
I2L,RICR,1
I2L,RIFL,1
I2L,RIFR,1
I2L,RIVL,1
I2L,RIVR,1
I2L,SABVL,1
I2L,SABVR,1
I2L,SDQR,1
I2L,SMBDR,1
I2L,URXL,1
I2L,URXR,1
I2L,URYDL,1
I2L,URYVL,1
I2L,VA6,1
I2L,VB11,1
I2L,VB2,1
I2L,VD5,1
I2L,VD8,1
I2R,ADFL,1
I2R,ADFR,1
I2R,ADLL,1
I2R,AIAL,1
I2R,AIYR,1
I2R,AIZL,1
I2R,ALMR,1
I2R,AS2,1
I2R,AS5,1
I2R,ASGR,1
I2R,ASHL,1
I2R,ASIL,1
I2R,ASJL,1
I2R,AUAL,1
I2R,AVAL,1
I2R,AVDL,1
I2R,AVDR,1
I2R,AVM,1
I2R,BAGR,1
I2R,DB2,1
I2R,DB5,1
I2R,DD2,1
I2R,DD6,1
I2R,I1L,1
I2R,I1R,1
I2R,IL2DL,1
I2R,IL2L,1
I2R,IL2R,1
I2R,M3R,1
I2R,OLQDL,1
I2R,OLQDR,1
I2R,PHAL,1
I2R,PHBR,1
I2R,PLMR,1
I2R,PVCR,1
I2R,PVDL,1
I2R,PVWL,1
I2R,RIFL,1
I2R,RIVR,1
I2R,RMGL,1
I2R,SAADL,1
I2R,SAADR,1
I2R,SABVL,1
I2R,SABVR,1
I2R,SDQR,1
I2R,SMBDL,1
I2R,URXL,1
I2R,URYDL,1
I2R,URYDR,1
I2R,VD12,1
I2R,VD2,1
I2R,VD4,1
I2R,VD5,1
I2R,VD9,1
I4,AVEL,1
I4,DD1,1
I4,OLLL,1
I4,PHAR,1
I5,ASGL,1
I5,ASIL,1
I5,ASIR,1
I5,AVDR,1
I5,BDUL,1
I5,DA2,1
I5,IL2VR,1
I5,PHBL,1
I5,PHBR,1
I5,PVQL,1
I5,PVR,1
I5,RIFR,1
I5,RMGL,1
I5,RMGR,1
I5,SMBDR,1
I5,VD1,1
I5,VD12,1
I6,ALML,1
I6,ASER,1
I6,AVFR,1
I6,FLPR,1
I6,PVQR,1
I6,RIVR,1
I6,URYDL,1
I6,URYVL,1
I6,VD1,1
LUAL,ADFL,1
LUAL,ADFR,1
LUAL,AIAL,1
LUAL,AIZL,1
LUAL,AIZR,1
LUAL,AS10,1
LUAL,AS2,1
LUAL,ASEL,1
LUAL,ASER,1
LUAL,ASGR,1
LUAL,ASHL,1
LUAL,ASHR,1
LUAL,ASJR,1
LUAL,AVAR,1
LUAL,AWBR,1
LUAL,BAGL,1
LUAL,BDUL,1
LUAL,DB3,1
LUAL,DD3,1
LUAL,DD4,1
LUAL,DD5,1
LUAL,FLPL,1
LUAL,FLPR,1
LUAL,I2R,1
LUAL,M3R,1
LUAL,OLLR,1
LUAL,OLQVR,1
LUAL,PHBR,1
LUAL,PQR,1
LUAL,PVCR,1
LUAL,PVQR,1
LUAL,PVWL,1
LUAL,PVWR,1
LUAL,RIAR,1
LUAL,RMEL,1
LUAL,SAADL,1
LUAL,SABD,1
LUAL,SABVR,1
LUAL,URXR,1
LUAL,VA7,1
LUAL,VD10,1
LUAL,VD11,1
LUAL,VD4,1
LUAL,VD9,1
LUAR,ADFL,1
LUAR,ADFR,1
LUAR,AIAR,1
LUAR,AIZL,1
LUAR,ALML,1
LUAR,AS2,1
LUAR,AS7,1
LUAR,ASEL,1
LUAR,ASGL,1
LUAR,ASHR,1
LUAR,ASIL,1
LUAR,ASKL,1
LUAR,ASKR,1
LUAR,AUAL,1
LUAR,AVFR,1
LUAR,AWAL,1
LUAR,AWAR,1
LUAR,DD4,1
LUAR,DD5,1
LUAR,FLPR,1
LUAR,I1R,1
LUAR,IL2DL,1
LUAR,IL2L,1
LUAR,IL2VR,1
LUAR,PHAL,1
LUAR,PLMR,1
LUAR,PVCR,1
LUAR,PVQL,1
LUAR,PVR,1
LUAR,RIVL,1
LUAR,RIVR,1
LUAR,RMER,1
LUAR,RMEV,1
LUAR,RMGR,1
LUAR,SAADR,1
LUAR,SDQL,1
LUAR,SMBDL,1
LUAR,URXL,1
LUAR,URXR,1
LUAR,VA12,1
LUAR,VB9,1
LUAR,VD3,1
LUAR,VD4,1
LUAR,VD6,1
M2L,ADFL,1
M2L,ADFR,1
M2L,ADLL,1
M2L,ADLR,1
M2L,AIAR,1
M2L,AIYL,1
M2L,AIZR,1
M2L,ALML,1
M2L,ALMR,1
M2L,AQR,1
M2L,AS10,1
M2L,ASER,1
M2L,ASGR,1
M2L,ASHL,1
M2L,ASJL,1
M2L,ASJR,1
M2L,ASKL,1
M2L,AUAL,1
M2L,AVAL,1
M2L,AVDL,1
M2L,AVDR,1
M2L,AVER,1
M2L,AVFL,1
M2L,AVFR,1
M2L,AVM,1
M2L,AWAL,1
M2L,AWBR,1
M2L,BAGL,1
M2L,BAGR,1
M2L,BDUL,1
M2L,BDUR,1
M2L,DB2,1
M2L,DD2,1
M2L,DD4,1
M2L,I1R,1
M2L,I2L,1
M2L,I2R,1
M2L,IL2DL,1
M2L,M3L,1
M2L,OLLL,1
M2L,OLLR,1
M2L,OLQDR,1
M2L,OLQVL,1
M2L,OLQVR,1
M2L,PHAL,1
M2L,PHAR,1
M2L,PHBL,1
M2L,PHBR,1
M2L,PLMR,1
M2L,PVCL,1
M2L,PVCR,1
M2L,PVDR,1
M2L,PVQL,1
M2L,PVQR,1
M2L,PVR,1
M2L,PVWR,1
M2L,RIAL,1
M2L,RIAR,1
M2L,RICR,1
M2L,RIFL,1
M2L,RIFR,1
M2L,RIGL,1
M2L,RIGR,1
M2L,RIVL,1
M2L,RIVR,1
M2L,RMED,1
M2L,RMEL,1
M2L,RMGL,1
M2L,RMGR,1
M2L,SAADL,1
M2L,SAADR,1
M2L,SABVR,1
M2L,SDQL,1
M2L,SDQR,1
M2L,SMBDL,1
M2L,SMBDR,1
M2L,URYDL,1
M2L,URYDR,1
M2L,URYVR,1
M2L,VA6,1
M2L,VB9,1
M2L,VD1,1
M2L,VD11,1
M2L,VD12,1
M2L,VD13,1
M2L,VD2,1
M2L,VD3,1
M2L,VD5,1
M2L,VD6,1
M2L,VD7,1
M2L,VD8,1
M2L,VD9,1
M2R,ADFL,1
M2R,ADFR,1
M2R,ADLL,1
M2R,ADLR,1
M2R,AIAL,1
M2R,AIAR,1
M2R,AIYR,1
M2R,AIZL,1
M2R,ALML,1
M2R,ALMR,1
M2R,AQR,1
M2R,AS7,1
M2R,AS9,1
M2R,ASEL,1
M2R,ASER,1
M2R,ASGR,1
M2R,ASHR,1
M2R,ASIR,1
M2R,AVAR,1
M2R,AVDL,1
M2R,AVFR,1
M2R,AVM,1
M2R,AWAL,1
M2R,AWBL,1
M2R,BDUL,1
M2R,DD1,1
M2R,DD2,1
M2R,DD3,1
M2R,DD5,1
M2R,DD6,1
M2R,DVA,1
M2R,FLPL,1
M2R,HSNR,1
M2R,I1R,1
M2R,I2L,1
M2R,I2R,1
M2R,IL2DL,1
M2R,IL2L,1
M2R,IL2VL,1
M2R,M3L,1
M2R,OLLL,1
M2R,OLLR,1
M2R,OLQDR,1
M2R,OLQVL,1
M2R,OLQVR,1
M2R,PHAL,1
M2R,PHBL,1
M2R,PHBR,1
M2R,PLML,1
M2R,PLMR,1
M2R,PQR,1
M2R,PVDR,1
M2R,PVM,1
M2R,PVQL,1
M2R,PVQR,1
M2R,PVR,1
M2R,PVWL,1
M2R,PVWR,1
M2R,RIFL,1
M2R,RIFR,1
M2R,RIGL,1
M2R,RIGR,1
M2R,RMED,1
M2R,RMER,1
M2R,RMEV,1
M2R,RMGL,1
M2R,RMGR,1
M2R,SAADL,1
M2R,SAADR,1
M2R,SABD,1
M2R,SABVL,1
M2R,SABVR,1
M2R,SDQR,1
M2R,URXL,1
M2R,URYDL,1
M2R,URYDR,1
M2R,URYVR,1
M2R,VA6,1
M2R,VA7,1
M2R,VB6,1
M2R,VB9,1
M2R,VD1,1
M2R,VD10,1
M2R,VD12,1
M2R,VD13,1
M2R,VD2,1
M2R,VD3,1
M2R,VD5,1
M2R,VD6,1
M2R,VD7,1
M2R,VD8,1
M2R,VD9,1
M3L,ADFL,1
M3L,ADFR,1
M3L,ADLR,1
M3L,AIAR,1
M3L,AIYR,1
M3L,AIZR,1
M3L,ALML,1
M3L,ALMR,1
M3L,AS10,1
M3L,AS11,1
M3L,AS2,1
M3L,ASEL,1
M3L,ASER,1
M3L,ASGR,1
M3L,ASHL,1
M3L,ASIL,1
M3L,ASIR,1
M3L,ASJR,1
M3L,AUAL,1
M3L,AUAR,1
M3L,AVAR,1
M3L,AVDL,1
M3L,AVDR,1
M3L,AVER,1
M3L,AVFL,1
M3L,AVFR,1
M3L,AVM,1
M3L,AWAL,1
M3L,AWAR,1
M3L,BAGR,1
M3L,BDUL,1
M3L,BDUR,1
M3L,DA6,1
M3L,DD1,1
M3L,DD2,1
M3L,DD3,1
M3L,DD4,1
M3L,DD6,1
M3L,DVA,1
M3L,FLPL,1
M3L,HSNR,1
M3L,I1L,1
M3L,I1R,1
M3L,I2R,1
M3L,IL2DL,1
M3L,IL2DR,1
M3L,M3R,1
M3L,OLLR,1
M3L,OLQDL,1
M3L,OLQVR,1
M3L,PHBL,1
M3L,PHBR,1
M3L,PLMR,1
M3L,PQR,1
M3L,PVCR,1
M3L,PVDR,1
M3L,PVM,1
M3L,PVWL,1
M3L,PVWR,1
M3L,RICL,1
M3L,RICR,1
M3L,RIFL,1
M3L,RIFR,1
M3L,RIGL,1
M3L,RIGR,1
M3L,RMER,1
M3L,RMEV,1
M3L,RMGL,1
M3L,RMGR,1
M3L,SABD,1
M3L,SDQL,1
M3L,SMBDR,1
M3L,URXL,1
M3L,URXR,1
M3L,URYDL,1
M3L,URYVL,1
M3L,URYVR,1
M3L,VA12,1
M3L,VA3,1
M3L,VA9,1
M3L,VB10,1
M3L,VB9,1
M3L,VD1,1
M3L,VD10,1
M3L,VD11,1
M3L,VD5,1
M3L,VD6,1
M3L,VD7,1
M3L,VD9,1
M3R,ADFR,1
M3R,AIAR,1
M3R,AIYL,1
M3R,AIYR,1
M3R,AIZR,1
M3R,ALML,1
M3R,AQR,1
M3R,AS2,1
M3R,AS9,1
M3R,ASEL,1
M3R,ASER,1
M3R,ASGL,1
M3R,ASHR,1
M3R,ASIL,1
M3R,ASIR,1
M3R,ASJL,1
M3R,ASJR,1
M3R,ASKR,1
M3R,AUAL,1
M3R,AUAR,1
M3R,AVAL,1
M3R,AVDL,1
M3R,AVER,1
M3R,AVFL,1
M3R,AVFR,1
M3R,AWAR,1
M3R,AWBL,1
M3R,AWBR,1
M3R,BAGR,1
M3R,BDUR,1
M3R,DB2,1
M3R,DB6,1
M3R,DB7,1
M3R,DD1,1
M3R,DD4,1
M3R,DD5,1
M3R,FLPL,1
M3R,HSNL,1
M3R,HSNR,1
M3R,I2R,1
M3R,IL2L,1
M3R,IL2VR,1
M3R,M3L,1
M3R,OLLL,1
M3R,OLQDL,1
M3R,OLQDR,1
M3R,OLQVR,1
M3R,PHAL,1
M3R,PHAR,1
M3R,PHBL,1
M3R,PLMR,1
M3R,PQR,1
M3R,PVCL,1
M3R,PVCR,1
M3R,PVDR,1
M3R,PVM,1
M3R,PVQR,1
M3R,PVWL,1
M3R,RIAR,1
M3R,RICL,1
M3R,RICR,1
M3R,RIFL,1
M3R,RIFR,1
M3R,RIGL,1
M3R,RIGR,1
M3R,RIVR,1
M3R,RMEL,1
M3R,RMER,1
M3R,RMGL,1
M3R,RMGR,1
M3R,SAADL,1
M3R,SAADR,1
M3R,SABVL,1
M3R,SMBDL,1
M3R,SMBDR,1
M3R,URYDL,1
M3R,URYDR,1
M3R,URYVR,1
M3R,VA12,1
M3R,VA7,1
M3R,VA8,1
M3R,VD1,1
M3R,VD10,1
M3R,VD12,1
M3R,VD4,1
M3R,VD6,1
M3R,VD7,1
M3R,VD8,1
M3R,VD9,1
M4,ADFL,1
M4,ADFR,1
M4,ADLL,1
M4,AIAL,1
M4,AIYR,1
M4,ALMR,1
M4,ASER,1
M4,ASHL,1
M4,ASHR,1
M4,ASIR,1
M4,ASJR,1
M4,AVAL,1
M4,AVAR,1
M4,AVDL,1
M4,AVDR,1
M4,AVEL,1
M4,AVFR,1
M4,AVM,1
M4,AWBL,1
M4,AWBR,1
M4,BAGL,1
M4,BAGR,1
M4,BDUL,1
M4,BDUR,1
M4,DB2,1
M4,DD1,1
M4,DD2,1
M4,DD3,1
M4,DD4,1
M4,DD5,1
M4,DD6,1
M4,DVA,1
M4,FLPL,1
M4,HSNR,1
M4,I1R,1
M4,I2L,1
M4,IL2L,1
M4,IL2R,1
M4,IL2VL,1
M4,IL2VR,1
M4,M3L,1
M4,M3R,1
M4,OLLR,1
M4,OLQDL,1
M4,OLQVL,1
M4,OLQVR,1
M4,PHAL,1
M4,PHBR,1
M4,PLML,1
M4,PLMR,1
M4,PQR,1
M4,PVCL,1
M4,PVDL,1
M4,PVM,1
M4,PVQL,1
M4,PVQR,1
M4,PVR,1
M4,PVWL,1
M4,PVWR,1
M4,RICL,1
M4,RIFL,1
M4,RIFR,1
M4,RIGL,1
M4,RIVL,1
M4,RMEL,1
M4,RMEV,1
M4,RMGR,1
M4,SAADL,1
M4,SAADR,1
M4,SABVR,1
M4,SDQR,1
M4,URYDL,1
M4,URYDR,1
M4,URYVL,1
M4,URYVR,1
M4,VA12,1
M4,VA8,1
M4,VB1,1
M4,VD1,1
M4,VD11,1
M4,VD13,1
M4,VD2,1
M4,VD3,1
M4,VD6,1
M4,VD8,1
M4,VD9,1
M5,ADFL,1
M5,ADFR,1
M5,AIAL,1
M5,AIAR,1
M5,AS8,1
M5,ASEL,1
M5,ASJL,1
M5,AVEL,1
M5,AVFR,1
M5,AVM,1
M5,AWBL,1
M5,BAGR,1
M5,DB1,1
M5,DB2,1
M5,DD2,1
M5,DD4,1
M5,DD5,1
M5,FLPL,1
M5,FLPR,1
M5,M3L,1
M5,OLLL,1
M5,OLLR,1
M5,OLQDL,1
M5,OLQDR,1
M5,OLQVL,1
M5,PHBL,1
M5,PLMR,1
M5,PQR,1
M5,PVDR,1
M5,PVM,1
M5,RIFL,1
M5,RMEL,1
M5,RMER,1
M5,SAADL,1
M5,URXR,1
M5,VA5,1
M5,VB4,1
M5,VD11,1
M5,VD2,1
M5,VD6,1
M5,VD7,1
M5,VD9,1
MCL,ADFL,1
MCL,AIAR,1
MCL,AIYL,1
MCL,AIYR,1
MCL,AIZR,1
MCL,ALML,1
MCL,ASEL,1
MCL,ASHL,1
MCL,ASIL,1
MCL,ASIR,1
MCL,ASJL,1
MCL,ASKL,1
MCL,AUAL,1
MCL,AUAR,1
MCL,AVAL,1
MCL,AVDL,1
MCL,AVDR,1
MCL,AWAL,1
MCL,AWAR,1
MCL,AWBL,1
MCL,AWBR,1
MCL,BAGR,1
MCL,BDUR,1
MCL,DA4,1
MCL,DB5,1
MCL,DD2,1
MCL,DD4,1
MCL,DD5,1
MCL,DD6,1
MCL,DVA,1
MCL,FLPR,1
MCL,HSNR,1
MCL,I1L,1
MCL,I2L,1
MCL,I2R,1
MCL,IL2DR,1
MCL,IL2R,1
MCL,IL2VL,1
MCL,IL2VR,1
MCL,M3L,1
MCL,M3R,1
MCL,OLLL,1
MCL,OLLR,1
MCL,OLQDR,1
MCL,OLQVR,1
MCL,PHAL,1
MCL,PHAR,1
MCL,PHBL,1
MCL,PLML,1
MCL,PVCL,1
MCL,PVCR,1
MCL,PVDL,1
MCL,PVM,1
MCL,PVQL,1
MCL,PVWL,1
MCL,PVWR,1
MCL,RIAR,1
MCL,RICL,1
MCL,RIFL,1
MCL,RIFR,1
MCL,RIVR,1
MCL,RMED,1
MCL,RMEL,1
MCL,RMER,1
MCL,RMGL,1
MCL,SAADL,1
MCL,SABD,1
MCL,SABVL,1
MCL,SABVR,1
MCL,SDQR,1
MCL,SMBDL,1
MCL,URXL,1
MCL,URXR,1
MCL,URYDR,1
MCL,URYVR,1
MCL,VD1,1
MCL,VD10,1
MCL,VD11,1
MCL,VD12,1
MCL,VD2,1
MCL,VD3,1
MCL,VD4,1
MCL,VD5,1
MCL,VD6,1
MCL,VD7,1
MCL,VD8,1
MCR,ADFL,1
MCR,ADLL,1
MCR,ADLR,1
MCR,AIAR,1
MCR,AIYL,1
MCR,AIZL,1
MCR,ALML,1
MCR,ALMR,1
MCR,AQR,1
MCR,AS2,1
MCR,ASEL,1
MCR,ASER,1
MCR,ASGL,1
MCR,ASGR,1
MCR,ASHL,1
MCR,ASIL,1
MCR,ASIR,1
MCR,ASJL,1
MCR,ASJR,1
MCR,ASKL,1
MCR,ASKR,1
MCR,AUAR,1
MCR,AVAR,1
MCR,AVDL,1
MCR,AVEL,1
MCR,AVFR,1
MCR,AVM,1
MCR,AWAR,1
MCR,BAGL,1
MCR,BAGR,1
MCR,BDUL,1
MCR,BDUR,1
MCR,DA9,1
MCR,DB2,1
MCR,DD1,1
MCR,DD2,1
MCR,DD3,1
MCR,DD5,1
MCR,DD6,1
MCR,DVA,1
MCR,FLPL,1
MCR,FLPR,1
MCR,HSNR,1
MCR,I1L,1
MCR,I1R,1
MCR,I2L,1
MCR,IL2DL,1
MCR,IL2R,1
MCR,IL2VR,1
MCR,OLLL,1
MCR,PHAL,1
MCR,PHAR,1
MCR,PHBL,1
MCR,PHBR,1
MCR,PLMR,1
MCR,PQR,1
MCR,PVCR,1
MCR,PVDR,1
MCR,PVM,1
MCR,PVWL,1
MCR,PVWR,1
MCR,RICL,1
MCR,RICR,1
MCR,RIFL,1
MCR,RIGL,1
MCR,RIVL,1
MCR,RMED,1
MCR,RMEL,1
MCR,RMEV,1
MCR,SABVL,1
MCR,SDQL,1
MCR,SDQR,1
MCR,URXL,1
MCR,URXR,1
MCR,URYDL,1
MCR,URYDR,1
MCR,URYVL,1
MCR,URYVR,1
MCR,VD1,1
MCR,VD10,1
MCR,VD11,1
MCR,VD12,1
MCR,VD13,1
MCR,VD2,1
MCR,VD4,1
MCR,VD9,1
NSML,ADFR,1
NSML,AIAL,1
NSML,AIAR,1
NSML,AIYL,1
NSML,AIZR,1
NSML,AS1,1
NSML,ASGL,1
NSML,ASHL,1
NSML,ASKR,1
NSML,DD1,1
NSML,DD3,1
NSML,DD4,1
NSML,FLPL,1
NSML,M3L,1
NSML,OLQDL,1
NSML,OLQDR,1
NSML,PHAR,1
NSML,PLMR,1
NSML,PQR,1
NSML,PVQL,1
NSML,RMGL,1
NSML,SAADR,1
NSML,SABVL,1
NSML,SDQR,1
NSML,URXL,1
NSML,URXR,1
NSMR,AIZL,1
NSMR,AIZR,1
NSMR,ASER,1
NSMR,ASGR,1
NSMR,ASHL,1
NSMR,AUAR,1
NSMR,AVDL,1
NSMR,AVFL,1
NSMR,AVFR,1
NSMR,BDUR,1
NSMR,DD1,1
NSMR,I1L,1
NSMR,OLLR,1
NSMR,PHBL,1
NSMR,PLMR,1
NSMR,RIAR,1
NSMR,RIFL,1
NSMR,RMED,1
NSMR,SAADR,1
NSMR,SABVL,1
NSMR,SABVR,1
NSMR,SDQR,1
NSMR,URXR,1
NSMR,URYDR,1
NSMR,URYVL,1
NSMR,VD7,1
PHAL,ADFR,1
PHAL,ADLR,1
PHAL,AIAL,1
PHAL,AIAR,1
PHAL,AIYR,1
PHAL,AIZR,1
PHAL,ALML,1
PHAL,ALMR,1
PHAL,ASEL,1
PHAL,ASGR,1
PHAL,ASHL,1
PHAL,ASHR,1
PHAL,ASIR,1
PHAL,ASJL,1
PHAL,ASKL,1
PHAL,ASKR,1
PHAL,AUAR,1
PHAL,AVAR,1
PHAL,AVDL,1
PHAL,AVER,1
PHAL,AVFL,1
PHAL,AVM,1
PHAL,AWAL,1
PHAL,AWAR,1
PHAL,AWBL,1
PHAL,AWBR,1
PHAL,BAGL,1
PHAL,BAGR,1
PHAL,DA1,1
PHAL,DA4,1
PHAL,DA6,1
PHAL,DA9,1
PHAL,DB6,1
PHAL,DD1,1
PHAL,DD2,1
PHAL,DD3,1
PHAL,DD4,1
PHAL,DD6,1
PHAL,DVA,1
PHAL,FLPR,1
PHAL,HSNL,1
PHAL,HSNR,1
PHAL,I1R,1
PHAL,I2L,1
PHAL,IL2DL,1
PHAL,IL2R,1
PHAL,IL2VR,1
PHAL,OLLL,1
PHAL,OLLR,1
PHAL,OLQDR,1
PHAL,OLQVL,1
PHAL,PHAR,1
PHAL,PHBR,1
PHAL,PLML,1
PHAL,PLMR,1
PHAL,PQR,1
PHAL,PVCL,1
PHAL,PVCR,1
PHAL,PVDL,1
PHAL,PVM,1
PHAL,PVQL,1
PHAL,PVR,1
PHAL,PVWL,1
PHAL,PVWR,1
PHAL,RIAL,1
PHAL,RIAR,1
PHAL,RICL,1
PHAL,RICR,1
PHAL,RIFL,1
PHAL,RIFR,1
PHAL,RIGL,1
PHAL,RIVL,1
PHAL,RMEL,1
PHAL,RMER,1
PHAL,RMEV,1
PHAL,RMGL,1
PHAL,SAADL,1
PHAL,SAADR,1
PHAL,SABD,1
PHAL,SABVL,1
PHAL,SABVR,1
PHAL,SDQL,1
PHAL,SMBDL,1
PHAL,URXL,1
PHAL,URXR,1
PHAL,URYDL,1
PHAL,URYDR,1
PHAL,VA12,1
PHAL,VA6,1
PHAL,VA9,1
PHAL,VB10,1
PHAL,VB11,1
PHAL,VB2,1
PHAL,VB6,1
PHAL,VD11,1
PHAL,VD12,1
PHAL,VD3,1
PHAL,VD5,1
PHAL,VD6,1
PHAL,VD8,1
PHAL,VD9,1
PHAR,ADFL,1
PHAR,ADLR,1
PHAR,AIAL,1
PHAR,AIAR,1
PHAR,AIYL,1
PHAR,AIYR,1
PHAR,AIZR,1
PHAR,AQR,1
PHAR,AS1,1
PHAR,AS2,1
PHAR,AS5,1
PHAR,AS6,1
PHAR,AS7,1
PHAR,AS8,1
PHAR,ASEL,1
PHAR,ASGR,1
PHAR,ASIR,1
PHAR,ASJL,1
PHAR,ASKR,1
PHAR,AUAL,1
PHAR,AUAR,1
PHAR,AVAR,1
PHAR,AVER,1
PHAR,AVFL,1
PHAR,AVM,1
PHAR,AWAL,1
PHAR,AWBL,1
PHAR,AWBR,1
PHAR,BAGL,1
PHAR,BAGR,1
PHAR,BDUL,1
PHAR,BDUR,1
PHAR,DA4,1
PHAR,DA6,1
PHAR,DA8,1
PHAR,DB1,1
PHAR,DB2,1
PHAR,DB6,1
PHAR,DD1,1
PHAR,DD2,1
PHAR,DD3,1
PHAR,DD5,1
PHAR,DD6,1
PHAR,FLPR,1
PHAR,I2L,1
PHAR,I2R,1
PHAR,IL2DL,1
PHAR,IL2DR,1
PHAR,IL2L,1
PHAR,IL2VL,1
PHAR,IL2VR,1
PHAR,M3L,1
PHAR,M3R,1
PHAR,OLLL,1
PHAR,OLLR,1
PHAR,OLQDL,1
PHAR,OLQVL,1
PHAR,PHAL,1
PHAR,PHBL,1
PHAR,PLML,1
PHAR,PQR,1
PHAR,PVCL,1
PHAR,PVCR,1
PHAR,PVDL,1
PHAR,PVDR,1
PHAR,PVM,1
PHAR,PVWL,1
PHAR,PVWR,1
PHAR,RICL,1
PHAR,RICR,1
PHAR,RIFR,1
PHAR,RIGL,1
PHAR,RIGR,1
PHAR,RIVL,1
PHAR,RIVR,1
PHAR,RMEL,1
PHAR,RMER,1
PHAR,RMEV,1
PHAR,RMGL,1
PHAR,RMGR,1
PHAR,SAADL,1
PHAR,SAADR,1
PHAR,SDQR,1
PHAR,URXL,1
PHAR,URXR,1
PHAR,URYDL,1
PHAR,URYDR,1
PHAR,URYVL,1
PHAR,URYVR,1
PHAR,VB10,1
PHAR,VB11,1
PHAR,VB9,1
PHAR,VD11,1
PHAR,VD12,1
PHAR,VD13,1
PHAR,VD4,1
PHAR,VD5,1
PHAR,VD6,1
PHAR,VD7,1
PHAR,VD8,1
PHAR,VD9,1
PHBL,ADLL,1
PHBL,ADLR,1
PHBL,AIAR,1
PHBL,AIYR,1
PHBL,AQR,1
PHBL,AS2,1
PHBL,ASHR,1
PHBL,ASIL,1
PHBL,ASJL,1
PHBL,AUAL,1
PHBL,AVAR,1
PHBL,AVFL,1
PHBL,AVM,1
PHBL,AWAR,1
PHBL,BAGL,1
PHBL,BDUR,1
PHBL,DA4,1
PHBL,DB1,1
PHBL,DD1,1
PHBL,DD2,1
PHBL,FLPR,1
PHBL,HSNL,1
PHBL,I1L,1
PHBL,IL2DR,1
PHBL,IL2L,1
PHBL,IL2VL,1
PHBL,OLLL,1
PHBL,OLQDL,1
PHBL,OLQDR,1
PHBL,PHAL,1
PHBL,PLML,1
PHBL,PQR,1
PHBL,PVCL,1
PHBL,PVDL,1
PHBL,PVM,1
PHBL,PVQL,1
PHBL,PVQR,1
PHBL,PVR,1
PHBL,PVWR,1
PHBL,RIAR,1
PHBL,RICR,1
PHBL,RIFL,1
PHBL,RIGL,1
PHBL,RIVL,1
PHBL,RMED,1
PHBL,RMER,1
PHBL,SAADR,1
PHBL,SMBDR,1
PHBL,URXR,1
PHBL,URYDR,1
PHBL,URYVL,1
PHBL,URYVR,1
PHBL,VB10,1
PHBL,VD1,1
PHBL,VD7,1
PHBL,VD9,1
PHBR,ADFR,1
PHBR,ADLL,1
PHBR,AIYL,1
PHBR,AQR,1
PHBR,AS10,1
PHBR,ASEL,1
PHBR,ASGR,1
PHBR,ASHL,1
PHBR,ASIR,1
PHBR,ASJL,1
PHBR,ASKL,1
PHBR,AVAR,1
PHBR,AVDL,1
PHBR,AVDR,1
PHBR,AVM,1
PHBR,AWAL,1
PHBR,AWBR,1
PHBR,BAGR,1
PHBR,DD1,1
PHBR,DD6,1
PHBR,FLPL,1
PHBR,FLPR,1
PHBR,HSNL,1
PHBR,I1L,1
PHBR,IL2DR,1
PHBR,IL2L,1
PHBR,OLQVR,1
PHBR,PHAR,1
PHBR,PHBL,1
PHBR,PLMR,1
PHBR,PQR,1
PHBR,PVDL,1
PHBR,PVPL,1
PHBR,PVQL,1
PHBR,PVWL,1
PHBR,RIAL,1
PHBR,RIAR,1
PHBR,RICR,1
PHBR,RIGL,1
PHBR,RIGR,1
PHBR,RIVL,1
PHBR,RMER,1
PHBR,RMEV,1
PHBR,SDQL,1
PHBR,SDQR,1
PHBR,URXL,1
PHBR,URYDR,1
PHBR,VA4,1
PHBR,VB4,1
PHBR,VB5,1
PHBR,VD1,1
PHBR,VD12,1
PHBR,VD3,1
PHBR,VD6,1
PHBR,VD7,1
PHBR,VD9,1
PQR,ADFL,1
PQR,AIZR,1
PQR,ALMR,1
PQR,AS2,1
PQR,AS9,1
PQR,ASEL,1
PQR,ASER,1
PQR,ASGL,1
PQR,ASHL,1
PQR,ASHR,1
PQR,ASIL,1
PQR,ASIR,1
PQR,AVFR,1
PQR,AVM,1
PQR,AWAL,1
PQR,AWAR,1
PQR,BAGL,1
PQR,BDUL,1
PQR,DA6,1
PQR,DB1,1
PQR,DB2,1
PQR,I2L,1
PQR,I2R,1
PQR,IL2L,1
PQR,M3L,1
PQR,OLLL,1
PQR,PVQR,1
PQR,PVR,1
PQR,PVWL,1
PQR,RIAL,1
PQR,RIAR,1
PQR,RIFL,1
PQR,RIGR,1
PQR,RIVL,1
PQR,RMGL,1
PQR,SAADR,1
PQR,SABVL,1
PQR,SABVR,1
PQR,SMBDR,1
PQR,URXR,1
PQR,URYDR,1
PQR,URYVR,1
PQR,VA12,1
PQR,VA7,1
PQR,VB1,1
PQR,VD10,1
PQR,VD13,1
PQR,VD3,1
PQR,VD6,1
PVDL,AIAL,1
PVDL,AIAR,1
PVDL,ASEL,1
PVDL,BDUL,1
PVDL,I2L,1
PVDL,IL2DL,1
PVDL,PLMR,1
PVDL,PVDR,1
PVDL,RMGR,1
PVDR,AIAL,1
PVDR,PHBL,1
PVDR,PHBR,1
PVDR,RICR,1
PVDR,SABVR,1
PVDR,VA2,1
PVDR,VD4,1
PVDR,VD5,1
PVDR,VD6,1
PVNL,ADFL,1
PVNL,ADLL,1
PVNL,AIYR,1
PVNL,ALML,1
PVNL,AQR,1
PVNL,ASEL,1
PVNL,ASJR,1
PVNL,AVAR,1
PVNL,AVFL,1
PVNL,AVM,1
PVNL,BDUL,1
PVNL,DB5,1
PVNL,DD2,1
PVNL,DD4,1
PVNL,DVA,1
PVNL,FLPL,1
PVNL,HSNR,1
PVNL,I1L,1
PVNL,I2R,1
PVNL,IL2L,1
PVNL,IL2VL,1
PVNL,IL2VR,1
PVNL,PHAR,1
PVNL,PVDL,1
PVNL,PVDR,1
PVNL,PVQR,1
PVNL,PVR,1
PVNL,PVWL,1
PVNL,RICL,1
PVNL,RIFR,1
PVNL,RIGL,1
PVNL,RIGR,1
PVNL,RIVL,1
PVNL,RMEL,1
PVNL,RMGL,1
PVNL,SABD,1
PVNL,SDQL,1
PVNL,VA10,1
PVNL,VD1,1
PVNL,VD11,1
PVNL,VD12,1
PVNL,VD2,1
PVNL,VD3,1
PVNL,VD7,1
PVNR,ADFL,1
PVNR,ADLL,1
PVNR,AIYR,1
PVNR,AIZR,1
PVNR,ASER,1
PVNR,ASGL,1
PVNR,ASGR,1
PVNR,ASHL,1
PVNR,ASHR,1
PVNR,ASIL,1
PVNR,ASIR,1
PVNR,AVAR,1
PVNR,AVER,1
PVNR,AVFR,1
PVNR,AVM,1
PVNR,AWAL,1
PVNR,BDUL,1
PVNR,BDUR,1
PVNR,DB3,1
PVNR,DB5,1
PVNR,DD6,1
PVNR,FLPL,1
PVNR,FLPR,1
PVNR,HSNL,1
PVNR,I1L,1
PVNR,I1R,1
PVNR,I2R,1
PVNR,M3R,1
PVNR,OLLL,1
PVNR,OLQDL,1
PVNR,OLQVL,1
PVNR,PHBL,1
PVNR,PVCR,1
PVNR,PVDR,1
PVNR,PVM,1
PVNR,RIGL,1
PVNR,RIVR,1
PVNR,RMEL,1
PVNR,RMER,1
PVNR,SAADR,1
PVNR,URYDL,1
PVNR,VA3,1
PVNR,VB11,1
PVNR,VD6,1
PVPL,ADFR,1
PVPL,ADLR,1
PVPL,AIAR,1
PVPL,AIYR,1
PVPL,AIZR,1
PVPL,ASEL,1
PVPL,ASER,1
PVPL,ASGL,1
PVPL,ASHL,1
PVPL,ASIL,1
PVPL,ASJL,1
PVPL,AUAL,1
PVPL,AVAL,1
PVPL,AVAR,1
PVPL,AVFR,1
PVPL,BDUL,1
PVPL,BDUR,1
PVPL,DA4,1
PVPL,DVA,1
PVPL,I2L,1
PVPL,IL2L,1
PVPL,IL2VR,1
PVPL,M3L,1
PVPL,OLLL,1
PVPL,OLQDL,1
PVPL,OLQDR,1
PVPL,PHAR,1
PVPL,PVDL,1
PVPL,PVR,1
PVPL,RICL,1
PVPL,RIFL,1
PVPL,RIVL,1
PVPL,RIVR,1
PVPL,RMEL,1
PVPL,RMER,1
PVPL,SAADL,1
PVPL,SMBDL,1
PVPL,SMBDR,1
PVPL,URXR,1
PVPL,URYVR,1
PVPL,VA8,1
PVPL,VD10,1
PVPL,VD6,1
PVPL,VD8,1
PVPR,ADFL,1
PVPR,ADLR,1
PVPR,AIAR,1
PVPR,AIYR,1
PVPR,ALMR,1
PVPR,ASER,1
PVPR,ASHL,1
PVPR,ASHR,1
PVPR,AVAR,1
PVPR,AVDR,1
PVPR,AVFL,1
PVPR,AVM,1
PVPR,BAGL,1
PVPR,BDUL,1
PVPR,BDUR,1
PVPR,DA9,1
PVPR,DB2,1
PVPR,DVA,1
PVPR,FLPL,1
PVPR,FLPR,1
PVPR,I1L,1
PVPR,I1R,1
PVPR,I2L,1
PVPR,IL2L,1
PVPR,IL2R,1
PVPR,OLQVL,1
PVPR,OLQVR,1
PVPR,PHAL,1
PVPR,PHAR,1
PVPR,PHBR,1
PVPR,PVDR,1
PVPR,PVR,1
PVPR,RIGL,1
PVPR,RIGR,1
PVPR,RIVR,1
PVPR,RMGL,1
PVPR,SAADL,1
PVPR,SMBDR,1
PVPR,URYVR,1
PVPR,VA3,1
PVPR,VD12,1
PVPR,VD4,1
PVPR,VD5,1
PVPR,VD6,1
PVR,AWAL,1
PVR,BAGR,1
PVR,PVDL,1
PVR,PVM,1
PVR,URXR,1
PVT,AIAL,1
PVT,AIZR,1
PVT,AQR,1
PVT,AS1,1
PVT,ASER,1
PVT,ASGL,1
PVT,ASHL,1
PVT,ASHR,1
PVT,ASIL,1
PVT,ASJR,1
PVT,ASKL,1
PVT,ASKR,1
PVT,AUAL,1
PVT,AVEL,1
PVT,AWBL,1
PVT,BAGL,1
PVT,BAGR,1
PVT,BDUR,1
PVT,DB3,1
PVT,DD2,1
PVT,DD4,1
PVT,I1L,1
PVT,IL2VR,1
PVT,M3L,1
PVT,M3R,1
PVT,OLLR,1
PVT,OLQDR,1
PVT,PHAR,1
PVT,PHBL,1
PVT,PHBR,1
PVT,PLMR,1
PVT,PQR,1
PVT,PVCR,1
PVT,PVDL,1
PVT,PVM,1
PVT,PVQL,1
PVT,PVR,1
PVT,RIAR,1
PVT,RICR,1
PVT,RMGL,1
PVT,SMBDL,1
PVT,URXL,1
PVT,URXR,1
PVT,URYVL,1
PVT,VA12,1
PVT,VD10,1
PVT,VD8,1
PVT,VD9,1
RICL,ADFL,1
RICL,AIZL,1
RICL,AS2,1
RICL,ASER,1
RICL,ASGL,1
RICL,ASIL,1
RICL,ASKL,1
RICL,AVAR,1
RICL,AVER,1
RICL,AVFL,1
RICL,DD3,1
RICL,DD4,1
RICL,M3R,1
RICL,OLQDR,1
RICL,RIFL,1
RICL,RIFR,1
RICL,RMEV,1
RICL,URXL,1
RICL,URYVR,1
RICL,VA2,1
RICR,ADFR,1
RICR,AIAL,1
RICR,AIYR,1
RICR,ASGR,1
RICR,ASJL,1
RICR,ASJR,1
RICR,AVDR,1
RICR,AWAL,1
RICR,AWAR,1
RICR,AWBL,1
RICR,DD4,1
RICR,DD6,1
RICR,DVA,1
RICR,I2L,1
RICR,M3R,1
RICR,PVM,1
RICR,RMED,1
RICR,RMGL,1
RICR,SMBDR,1
RICR,VD4,1
RID,ADFR,1
RID,AIAL,1
RID,AIYL,1
RID,AIZL,1
RID,AS5,1
RID,ASER,1
RID,ASHL,1
RID,ASHR,1
RID,ASJR,1
RID,ASKL,1
RID,ASKR,1
RID,AVDL,1
RID,AVFL,1
RID,AWBL,1
RID,AWBR,1
RID,BAGR,1
RID,DD3,1
RID,FLPL,1
RID,I1L,1
RID,I1R,1
RID,I2L,1
RID,I2R,1
RID,IL2DL,1
RID,IL2DR,1
RID,OLLL,1
RID,OLQDL,1
RID,OLQVR,1
RID,PHAL,1
RID,PHBL,1
RID,PLMR,1
RID,PQR,1
RID,PVWR,1
RID,RIAL,1
RID,RICL,1
RID,RIVL,1
RID,RMER,1
RID,RMGR,1
RID,SMBDL,1
RID,URYVL,1
RID,VA10,1
RID,VB5,1
RID,VD10,1
RID,VD5,1
RID,VD6,1
RIGL,ADFL,1
RIGL,ADFR,1
RIGL,ADLL,1
RIGL,AIAL,1
RIGL,AIYR,1
RIGL,AIZL,1
RIGL,AIZR,1
RIGL,ALML,1
RIGL,ALMR,1
RIGL,AS1,1
RIGL,AS10,1
RIGL,AS11,1
RIGL,AS7,1
RIGL,ASEL,1
RIGL,ASER,1
RIGL,ASGL,1
RIGL,ASGR,1
RIGL,ASHR,1
RIGL,ASIL,1
RIGL,ASKL,1
RIGL,ASKR,1
RIGL,AUAR,1
RIGL,AVAR,1
RIGL,AVEL,1
RIGL,AVFR,1
RIGL,AWBL,1
RIGL,AWBR,1
RIGL,BAGL,1
RIGL,BDUR,1
RIGL,DA6,1
RIGL,DA7,1
RIGL,DA9,1
RIGL,DB6,1
RIGL,DD2,1
RIGL,DD3,1
RIGL,DD6,1
RIGL,DVA,1
RIGL,I1L,1
RIGL,I2L,1
RIGL,I2R,1
RIGL,IL2DR,1
RIGL,IL2R,1
RIGL,IL2VL,1
RIGL,IL2VR,1
RIGL,M3L,1
RIGL,M3R,1
RIGL,OLLL,1
RIGL,OLLR,1
RIGL,OLQDR,1
RIGL,PLML,1
RIGL,PQR,1
RIGL,PVCL,1
RIGL,PVCR,1
RIGL,PVDL,1
RIGL,PVQL,1
RIGL,PVQR,1
RIGL,PVWR,1
RIGL,RICR,1
RIGL,RIFL,1
RIGL,RIGR,1
RIGL,RIVL,1
RIGL,RIVR,1
RIGL,RMEL,1
RIGL,RMGL,1
RIGL,RMGR,1
RIGL,SABD,1
RIGL,SABVL,1
RIGL,SDQL,1
RIGL,SMBDL,1
RIGL,SMBDR,1
RIGL,URXR,1
RIGL,URYVL,1
RIGL,VA6,1
RIGL,VB2,1
RIGL,VB9,1
RIGL,VD1,1
RIGL,VD12,1
RIGL,VD2,1
RIGL,VD4,1
RIGL,VD7,1
RIGL,VD9,1
RIGR,ADFR,1
RIGR,ADLL,1
RIGR,ADLR,1
RIGR,AIYL,1
RIGR,AIZR,1
RIGR,AQR,1
RIGR,AS5,1
RIGR,ASEL,1
RIGR,ASER,1
RIGR,ASGL,1
RIGR,ASGR,1
RIGR,ASIL,1
RIGR,ASJL,1
RIGR,ASKL,1
RIGR,ASKR,1
RIGR,AUAL,1
RIGR,AVAL,1
RIGR,AVDL,1
RIGR,AVER,1
RIGR,AVFL,1
RIGR,AWAL,1
RIGR,AWAR,1
RIGR,AWBL,1
RIGR,BAGR,1
RIGR,BDUL,1
RIGR,DB5,1
RIGR,DD2,1
RIGR,DD3,1
RIGR,DD5,1
RIGR,DD6,1
RIGR,FLPR,1
RIGR,HSNL,1
RIGR,I2R,1
RIGR,IL2DR,1
RIGR,IL2L,1
RIGR,IL2R,1
RIGR,IL2VR,1
RIGR,OLLR,1
RIGR,OLQDR,1
RIGR,OLQVL,1
RIGR,OLQVR,1
RIGR,PHAR,1
RIGR,PHBL,1
RIGR,PVCL,1
RIGR,PVCR,1
RIGR,PVDR,1
RIGR,PVM,1
RIGR,PVQL,1
RIGR,PVR,1
RIGR,PVWR,1
RIGR,RICL,1
RIGR,RICR,1
RIGR,RIFL,1
RIGR,RIFR,1
RIGR,RIVL,1
RIGR,RIVR,1
RIGR,RMER,1
RIGR,RMGR,1
RIGR,SAADL,1
RIGR,SABVL,1
RIGR,SABVR,1
RIGR,SMBDL,1
RIGR,URXL,1
RIGR,URYDL,1
RIGR,URYDR,1
RIGR,VA12,1
RIGR,VA2,1
RIGR,VA4,1
RIGR,VA5,1
RIGR,VA6,1
RIGR,VB6,1
RIGR,VB9,1
RIGR,VD1,1
RIGR,VD10,1
RIGR,VD12,1
RIGR,VD13,1
RIGR,VD3,1
RIGR,VD4,1
RIGR,VD5,1
RIGR,VD6,1
RIGR,VD8,1
RIML,ADFL,1
RIML,ADFR,1
RIML,ADLR,1
RIML,AIAR,1
RIML,AIYL,1
RIML,AIYR,1
RIML,ALML,1
RIML,ALMR,1
RIML,AQR,1
RIML,AS1,1
RIML,ASEL,1
RIML,ASER,1
RIML,ASGL,1
RIML,ASHL,1
RIML,ASHR,1
RIML,ASIR,1
RIML,ASJL,1
RIML,ASJR,1
RIML,ASKL,1
RIML,ASKR,1
RIML,AUAL,1
RIML,AVER,1
RIML,AVFL,1
RIML,AVFR,1
RIML,AVG,1
RIML,AVM,1
RIML,AWAL,1
RIML,AWAR,1
RIML,AWBL,1
RIML,AWBR,1
RIML,BAGL,1
RIML,BAGR,1
RIML,BDUL,1
RIML,BDUR,1
RIML,DA6,1
RIML,DA8,1
RIML,DA9,1
RIML,DB2,1
RIML,DB7,1
RIML,DD1,1
RIML,DD3,1
RIML,DD4,1
RIML,DD5,1
RIML,DVA,1
RIML,FLPL,1
RIML,FLPR,1
RIML,I1L,1
RIML,I1R,1
RIML,I2L,1
RIML,I2R,1
RIML,IL2DL,1
RIML,IL2DR,1
RIML,IL2L,1
RIML,IL2VL,1
RIML,M3L,1
RIML,M3R,1
RIML,OLLL,1
RIML,OLQDR,1
RIML,OLQVL,1
RIML,OLQVR,1
RIML,PHAL,1
RIML,PHAR,1
RIML,PHBL,1
RIML,PHBR,1
RIML,PLML,1
RIML,PLMR,1
RIML,PQR,1
RIML,PVCL,1
RIML,PVM,1
RIML,PVPL,1
RIML,PVPR,1
RIML,PVQL,1
RIML,PVQR,1
RIML,PVR,1
RIML,RIAL,1
RIML,RIAR,1
RIML,RICL,1
RIML,RICR,1
RIML,RIFL,1
RIML,RIFR,1
RIML,RIGL,1
RIML,RIGR,1
RIML,RIVL,1
RIML,RMEL,1
RIML,RMER,1
RIML,RMEV,1
RIML,RMGL,1
RIML,SAADL,1
RIML,SAADR,1
RIML,SABD,1
RIML,SABVL,1
RIML,SDQL,1
RIML,SDQR,1
RIML,SMBDL,1
RIML,SMBDR,1
RIML,URXL,1
RIML,URXR,1
RIML,URYDR,1
RIML,URYVR,1
RIML,VA1,1
RIML,VA10,1
RIML,VA11,1
RIML,VA12,1
RIML,VA5,1
RIML,VA8,1
RIML,VB10,1
RIML,VB2,1
RIML,VB3,1
RIML,VD11,1
RIML,VD13,1
RIML,VD2,1
RIML,VD4,1
RIML,VD6,1
RIML,VD9,1
RIMR,ADFL,1
RIMR,ADLR,1
RIMR,AIAL,1
RIMR,AIAR,1
RIMR,AIYL,1
RIMR,AIYR,1
RIMR,AIZR,1
RIMR,ALML,1
RIMR,ALMR,1
RIMR,AQR,1
RIMR,AS10,1
RIMR,AS2,1
RIMR,AS3,1
RIMR,ASER,1
RIMR,ASHR,1
RIMR,ASIL,1
RIMR,ASIR,1
RIMR,ASKL,1
RIMR,AUAL,1
RIMR,AVAL,1
RIMR,AVAR,1
RIMR,AVDR,1
RIMR,AVEL,1
RIMR,AVER,1
RIMR,AVFL,1
RIMR,AVM,1
RIMR,AWAL,1
RIMR,AWAR,1
RIMR,AWBR,1
RIMR,BDUL,1
RIMR,DA3,1
RIMR,DA4,1
RIMR,DA6,1
RIMR,DA8,1
RIMR,DA9,1
RIMR,DB2,1
RIMR,DB5,1
RIMR,DB6,1
RIMR,DD2,1
RIMR,DD3,1
RIMR,DD4,1
RIMR,DD5,1
RIMR,DD6,1
RIMR,DVA,1
RIMR,FLPL,1
RIMR,FLPR,1
RIMR,HSNL,1
RIMR,HSNR,1
RIMR,I1L,1
RIMR,I1R,1
RIMR,I2L,1
RIMR,IL2L,1
RIMR,IL2R,1
RIMR,IL2VL,1
RIMR,IL2VR,1
RIMR,M3L,1
RIMR,M3R,1
RIMR,OLLL,1
RIMR,OLLR,1
RIMR,OLQDL,1
RIMR,OLQDR,1
RIMR,OLQVL,1
RIMR,PHAL,1
RIMR,PHAR,1
RIMR,PHBL,1
RIMR,PHBR,1
RIMR,PLML,1
RIMR,PQR,1
RIMR,PVCL,1
RIMR,PVCR,1
RIMR,PVDL,1
RIMR,PVM,1
RIMR,PVPL,1
RIMR,PVQL,1
RIMR,PVQR,1
RIMR,PVR,1
RIMR,PVWL,1
RIMR,PVWR,1
RIMR,RIAL,1
RIMR,RICR,1
RIMR,RIFL,1
RIMR,RIGL,1
RIMR,RIGR,1
RIMR,RIVR,1
RIMR,RMEL,1
RIMR,RMER,1
RIMR,RMEV,1
RIMR,RMGL,1
RIMR,RMGR,1
RIMR,SAADL,1
RIMR,SAADR,1
RIMR,SABD,1
RIMR,SABVL,1
RIMR,SABVR,1
RIMR,SDQL,1
RIMR,SDQR,1
RIMR,SMBDL,1
RIMR,SMBDR,1
RIMR,URXR,1
RIMR,URYDL,1
RIMR,URYDR,1
RIMR,URYVR,1
RIMR,VA12,1
RIMR,VD1,1
RIMR,VD10,1
RIMR,VD11,1
RIMR,VD12,1
RIMR,VD13,1
RIMR,VD3,1
RIMR,VD4,1
RIMR,VD5,1
RIMR,VD6,1
RIMR,VD7,1
RIMR,VD9,1
RIS,ADFL,1
RIS,ADLR,1
RIS,AIAL,1
RIS,AIAR,1
RIS,AIYR,1
RIS,ALMR,1
RIS,ASEL,1
RIS,ASER,1
RIS,ASHR,1
RIS,ASJL,1
RIS,ASJR,1
RIS,ASKL,1
RIS,ASKR,1
RIS,AUAL,1
RIS,AWAL,1
RIS,BDUL,1
RIS,BDUR,1
RIS,DA6,1
RIS,DB6,1
RIS,DD5,1
RIS,IL2VR,1
RIS,M3L,1
RIS,M3R,1
RIS,PHAL,1
RIS,PHAR,1
RIS,PHBL,1
RIS,PVCR,1
RIS,PVDL,1
RIS,PVR,1
RIS,PVWL,1
RIS,RICR,1
RIS,RIFR,1
RIS,RIVL,1
RIS,RIVR,1
RIS,RMEL,1
RIS,RMGL,1
RIS,SDQL,1
RIS,SDQR,1
RIS,URXL,1
RIS,VD1,1
RIS,VD12,1
RIS,VD13,1
RIS,VD4,1
RIS,VD7,1
RMED,ADFL,1
RMED,AIAL,1
RMED,AIAR,1
RMED,AIZL,1
RMED,AS1,1
RMED,AS5,1
RMED,ASHR,1
RMED,ASIR,1
RMED,AVAL,1
RMED,AVDL,1
RMED,AVDR,1
RMED,AVER,1
RMED,AVM,1
RMED,AWAR,1
RMED,AWBL,1
RMED,BAGL,1
RMED,BAGR,1
RMED,BDUL,1
RMED,DA9,1
RMED,DD1,1
RMED,DVA,1
RMED,I1L,1
RMED,I2L,1
RMED,IL2DL,1
RMED,IL2L,1
RMED,IL2R,1
RMED,IL2VR,1
RMED,M3R,1
RMED,OLLR,1
RMED,OLQVL,1
RMED,PLML,1
RMED,PVCR,1
RMED,PVPR,1
RMED,RICL,1
RMED,RICR,1
RMED,RIGL,1
RMED,RIVL,1
RMED,RMEL,1
RMED,RMER,1
RMED,RMGR,1
RMED,SAADL,1
RMED,URYDL,1
RMED,URYVL,1
RMED,VD7,1
RMEL,ADFR,1
RMEL,AIAR,1
RMEL,AIZL,1
RMEL,AQR,1
RMEL,AS10,1
RMEL,AS7,1
RMEL,ASEL,1
RMEL,ASER,1
RMEL,ASJL,1
RMEL,AVDL,1
RMEL,AWAR,1
RMEL,BAGR,1
RMEL,BDUL,1
RMEL,DA4,1
RMEL,DA7,1
RMEL,DB2,1
RMEL,DB6,1
RMEL,DB7,1
RMEL,DD2,1
RMEL,FLPR,1
RMEL,I1R,1
RMEL,M3L,1
RMEL,OLQDL,1
RMEL,OLQDR,1
RMEL,OLQVL,1
RMEL,PHAL,1
RMEL,PHAR,1
RMEL,PLML,1
RMEL,PVCL,1
RMEL,PVDR,1
RMEL,PVR,1
RMEL,RIAL,1
RMEL,RICL,1
RMEL,RICR,1
RMEL,RMEV,1
RMEL,RMGL,1
RMEL,SABVL,1
RMEL,SABVR,1
RMEL,SDQR,1
RMEL,VA12,1
RMEL,VA4,1
RMEL,VB3,1
RMEL,VD2,1
RMEL,VD3,1
RMER,AIAR,1
RMER,ALML,1
RMER,AQR,1
RMER,AS1,1
RMER,AS10,1
RMER,AS2,1
RMER,AS3,1
RMER,ASGR,1
RMER,ASHL,1
RMER,ASKL,1
RMER,AVFL,1
RMER,AWAL,1
RMER,BDUL,1
RMER,DB5,1
RMER,DD1,1
RMER,DD3,1
RMER,HSNL,1
RMER,I1L,1
RMER,I2L,1
RMER,IL2DL,1
RMER,IL2R,1
RMER,OLQDR,1
RMER,PHAL,1
RMER,PLML,1
RMER,PVM,1
RMER,PVQL,1
RMER,PVQR,1
RMER,PVR,1
RMER,PVWL,1
RMER,RIVL,1
RMER,RMED,1
RMER,RMEL,1
RMER,RMEV,1
RMER,RMGR,1
RMER,SAADL,1
RMER,SABD,1
RMER,SDQL,1
RMER,SDQR,1
RMER,SMBDL,1
RMER,URXR,1
RMER,URYVR,1
RMER,VB9,1
RMER,VD6,1
RMER,VD7,1
RMEV,ADFR,1
RMEV,ADLL,1
RMEV,AIYR,1
RMEV,AIZR,1
RMEV,ASGR,1
RMEV,ASIL,1
RMEV,ASIR,1
RMEV,ASJL,1
RMEV,AUAR,1
RMEV,AVDL,1
RMEV,AVDR,1
RMEV,AVFR,1
RMEV,AVM,1
RMEV,DA6,1
RMEV,DD1,1
RMEV,DD2,1
RMEV,DD5,1
RMEV,DD6,1
RMEV,HSNR,1
RMEV,I2L,1
RMEV,OLLR,1
RMEV,OLQDR,1
RMEV,PHAL,1
RMEV,PHBR,1
RMEV,PQR,1
RMEV,PVDR,1
RMEV,PVM,1
RMEV,PVQR,1
RMEV,PVR,1
RMEV,PVWR,1
RMEV,RIAR,1
RMEV,RICR,1
RMEV,RMED,1
RMEV,RMGL,1
RMEV,SAADL,1
RMEV,SDQL,1
RMEV,URXR,1
RMEV,URYVL,1
RMEV,VA12,1
RMEV,VA5,1
RMEV,VB11,1
RMEV,VD13,1
RMEV,VD4,1
RMEV,VD5,1
RMGL,ADFL,1
RMGL,ADFR,1
RMGL,AIAL,1
RMGL,AIYL,1
RMGL,AIZL,1
RMGL,AIZR,1
RMGL,ALML,1
RMGL,ALMR,1
RMGL,AS1,1
RMGL,AS10,1
RMGL,AS2,1
RMGL,AS7,1
RMGL,AS8,1
RMGL,AS9,1
RMGL,ASEL,1
RMGL,ASER,1
RMGL,ASGL,1
RMGL,ASGR,1
RMGL,ASHL,1
RMGL,ASIL,1
RMGL,ASIR,1
RMGL,ASJR,1
RMGL,ASKL,1
RMGL,ASKR,1
RMGL,AUAL,1
RMGL,AUAR,1
RMGL,AVAR,1
RMGL,AVDL,1
RMGL,AVEL,1
RMGL,AVER,1
RMGL,AVFL,1
RMGL,AVFR,1
RMGL,AVM,1
RMGL,AWAL,1
RMGL,AWAR,1
RMGL,AWBL,1
RMGL,BAGL,1
RMGL,BAGR,1
RMGL,BDUL,1
RMGL,BDUR,1
RMGL,DA7,1
RMGL,DA9,1
RMGL,DB2,1
RMGL,DB4,1
RMGL,DB5,1
RMGL,DB6,1
RMGL,DD1,1
RMGL,DD3,1
RMGL,DVA,1
RMGL,FLPL,1
RMGL,HSNL,1
RMGL,HSNR,1
RMGL,I1R,1
RMGL,I2L,1
RMGL,I2R,1
RMGL,IL2DL,1
RMGL,IL2R,1
RMGL,IL2VL,1
RMGL,IL2VR,1
RMGL,M3L,1
RMGL,M3R,1
RMGL,OLLL,1
RMGL,OLQDR,1
RMGL,OLQVL,1
RMGL,OLQVR,1
RMGL,PHAL,1
RMGL,PHAR,1
RMGL,PLMR,1
RMGL,PQR,1
RMGL,PVCL,1
RMGL,PVCR,1
RMGL,PVDL,1
RMGL,PVDR,1
RMGL,PVM,1
RMGL,PVQL,1
RMGL,PVQR,1
RMGL,PVR,1
RMGL,PVWL,1
RMGL,PVWR,1
RMGL,RIAL,1
RMGL,RIAR,1
RMGL,RICL,1
RMGL,RICR,1
RMGL,RIFL,1
RMGL,RIFR,1
RMGL,RIGL,1
RMGL,RIGR,1
RMGL,RIVL,1
RMGL,RIVR,1
RMGL,RMED,1
RMGL,RMEL,1
RMGL,RMER,1
RMGL,RMEV,1
RMGL,RMGR,1
RMGL,SAADL,1
RMGL,SAADR,1
RMGL,SABVL,1
RMGL,SABVR,1
RMGL,SDQL,1
RMGL,SDQR,1
RMGL,SMBDL,1
RMGL,URXL,1
RMGL,URXR,1
RMGL,URYDR,1
RMGL,URYVL,1
RMGL,VA12,1
RMGL,VA4,1
RMGL,VA6,1
RMGL,VB10,1
RMGL,VB11,1
RMGL,VB4,1
RMGL,VB6,1
RMGL,VB9,1
RMGL,VD1,1
RMGL,VD10,1
RMGL,VD11,1
RMGL,VD12,1
RMGL,VD13,1
RMGL,VD3,1
RMGL,VD4,1
RMGL,VD6,1
RMGR,ADFL,1
RMGR,ADFR,1
RMGR,ADLL,1
RMGR,ADLR,1
RMGR,AIAL,1
RMGR,AIAR,1
RMGR,AIYL,1
RMGR,AIYR,1
RMGR,AIZL,1
RMGR,ALML,1
RMGR,ALMR,1
RMGR,AQR,1
RMGR,AS1,1
RMGR,AS2,1
RMGR,AS3,1
RMGR,AS5,1
RMGR,AS7,1
RMGR,AS9,1
RMGR,ASEL,1
RMGR,ASER,1
RMGR,ASGR,1
RMGR,ASHL,1
RMGR,ASHR,1
RMGR,ASIL,1
RMGR,ASIR,1
RMGR,ASJL,1
RMGR,ASKR,1
RMGR,AUAL,1
RMGR,AUAR,1
RMGR,AVAL,1
RMGR,AVAR,1
RMGR,AVDL,1
RMGR,AVDR,1
RMGR,AVER,1
RMGR,AVFR,1
RMGR,AVM,1
RMGR,AWAL,1
RMGR,AWBL,1
RMGR,AWBR,1
RMGR,BAGL,1
RMGR,DA4,1
RMGR,DA6,1
RMGR,DA7,1
RMGR,DB6,1
RMGR,DD1,1
RMGR,DD2,1
RMGR,DD3,1
RMGR,DD4,1
RMGR,DD5,1
RMGR,DD6,1
RMGR,FLPL,1
RMGR,FLPR,1
RMGR,HSNL,1
RMGR,HSNR,1
RMGR,I1L,1
RMGR,I2L,1
RMGR,I2R,1
RMGR,IL2DL,1
RMGR,IL2L,1
RMGR,IL2R,1
RMGR,IL2VL,1
RMGR,IL2VR,1
RMGR,M3L,1
RMGR,M3R,1
RMGR,OLLL,1
RMGR,OLLR,1
RMGR,OLQDR,1
RMGR,OLQVL,1
RMGR,OLQVR,1
RMGR,PHAL,1
RMGR,PHBL,1
RMGR,PLML,1
RMGR,PVCL,1
RMGR,PVCR,1
RMGR,PVDL,1
RMGR,PVDR,1
RMGR,PVM,1
RMGR,PVPL,1
RMGR,PVQL,1
RMGR,PVQR,1
RMGR,PVWL,1
RMGR,RIAL,1
RMGR,RIAR,1
RMGR,RICL,1
RMGR,RICR,1
RMGR,RIFR,1
RMGR,RIGL,1
RMGR,RIGR,1
RMGR,RIVL,1
RMGR,RMED,1
RMGR,RMEL,1
RMGR,RMEV,1
RMGR,SAADL,1
RMGR,SAADR,1
RMGR,SABD,1
RMGR,SABVL,1
RMGR,SABVR,1
RMGR,SDQL,1
RMGR,SDQR,1
RMGR,SMBDL,1
RMGR,URXL,1
RMGR,URYDL,1
RMGR,URYDR,1
RMGR,URYVL,1
RMGR,URYVR,1
RMGR,VA12,1
RMGR,VA6,1
RMGR,VA7,1
RMGR,VB1,1
RMGR,VB11,1
RMGR,VB2,1
RMGR,VB4,1
RMGR,VB6,1
RMGR,VB9,1
RMGR,VD1,1
RMGR,VD10,1
RMGR,VD2,1
RMGR,VD5,1
RMGR,VD6,1
RMGR,VD7,1
RMGR,VD9,1
SAADL,ADLL,1
SAADL,ADLR,1
SAADL,AIAL,1
SAADL,AS2,1
SAADL,ASEL,1
SAADL,ASIL,1
SAADL,ASJR,1
SAADL,ASKL,1
SAADL,AVAL,1
SAADL,AVDL,1
SAADL,AVEL,1
SAADL,AVFL,1
SAADL,AWBR,1
SAADL,DD1,1
SAADL,DD3,1
SAADL,DD4,1
SAADL,I2L,1
SAADL,IL2L,1
SAADL,IL2R,1
SAADL,IL2VR,1
SAADL,M3R,1
SAADL,OLLL,1
SAADL,OLQVL,1
SAADL,PVCL,1
SAADL,PVCR,1
SAADL,PVDR,1
SAADL,PVQL,1
SAADL,PVWL,1
SAADL,RICL,1
SAADL,RICR,1
SAADL,RIFL,1
SAADL,SAADR,1
SAADL,URYDL,1
SAADL,URYDR,1
SAADL,URYVL,1
SAADL,URYVR,1
SAADL,VA5,1
SAADL,VD10,1
SAADL,VD12,1
SAADL,VD3,1
SAADL,VD4,1
SAADL,VD6,1
SAADL,VD7,1
SAADL,VD8,1
SAADR,ADFL,1
SAADR,AIAL,1
SAADR,AIYR,1
SAADR,ALML,1
SAADR,AQR,1
SAADR,ASEL,1
SAADR,ASKL,1
SAADR,AVDL,1
SAADR,AVFL,1
SAADR,AVFR,1
SAADR,AWAL,1
SAADR,AWBL,1
SAADR,AWBR,1
SAADR,BAGR,1
SAADR,DA6,1
SAADR,I2R,1
SAADR,IL2DR,1
SAADR,M3L,1
SAADR,M3R,1
SAADR,OLQDR,1
SAADR,PLMR,1
SAADR,PQR,1
SAADR,PVDL,1
SAADR,PVM,1
SAADR,RICL,1
SAADR,RIFL,1
SAADR,RMEL,1
SAADR,RMER,1
SAADR,RMEV,1
SAADR,SAADL,1
SAADR,SDQR,1
SAADR,SMBDL,1
SAADR,SMBDR,1
SAADR,URYVR,1
SAADR,VA6,1
SAADR,VB11,1
SAADR,VD11,1
SAADR,VD12,1
SAADR,VD13,1
SAADR,VD2,1
SAADR,VD5,1
SAADR,VD7,1
SAADR,VD8,1
SAADR,VD9,1
SAAVL,ADFL,1
SAAVL,ADLR,1
SAAVL,AIZL,1
SAAVL,AQR,1
SAAVL,ASEL,1
SAAVL,ASHR,1
SAAVL,ASKR,1
SAAVL,AUAR,1
SAAVL,AVEL,1
SAAVL,AVER,1
SAAVL,AVFL,1
SAAVL,BAGR,1
SAAVL,BDUL,1
SAAVL,DD1,1
SAAVL,DVA,1
SAAVL,I1L,1
SAAVL,I1R,1
SAAVL,I2L,1
SAAVL,IL2DL,1
SAAVL,IL2L,1
SAAVL,IL2VR,1
SAAVL,PHAR,1
SAAVL,PQR,1
SAAVL,PVCL,1
SAAVL,PVDL,1
SAAVL,PVDR,1
SAAVL,RICR,1
SAAVL,RIVL,1
SAAVL,RIVR,1
SAAVL,RMEV,1
SAAVL,RMGL,1
SAAVL,RMGR,1
SAAVL,SAADL,1
SAAVL,SABVL,1
SAAVL,SDQL,1
SAAVL,URXL,1
SAAVL,VA12,1
SAAVL,VA2,1
SAAVL,VA7,1
SAAVL,VD1,1
SAAVL,VD10,1
SAAVL,VD11,1
SAAVL,VD2,1
SAAVL,VD7,1
SAAVR,ADLL,1
SAAVR,AIAL,1
SAAVR,AIYL,1
SAAVR,AQR,1
SAAVR,AS2,1
SAAVR,ASER,1
SAAVR,ASGR,1
SAAVR,ASJL,1
SAAVR,AUAL,1
SAAVR,AVAL,1
SAAVR,AVAR,1
SAAVR,AWAL,1
SAAVR,AWBR,1
SAAVR,BDUL,1
SAAVR,DA5,1
SAAVR,DA9,1
SAAVR,DB2,1
SAAVR,DB3,1
SAAVR,DD2,1
SAAVR,DD6,1
SAAVR,I1R,1
SAAVR,IL2DR,1
SAAVR,IL2L,1
SAAVR,IL2VL,1
SAAVR,M3L,1
SAAVR,OLQVR,1
SAAVR,PHBL,1
SAAVR,PLML,1
SAAVR,PVDL,1
SAAVR,PVDR,1
SAAVR,PVWL,1
SAAVR,PVWR,1
SAAVR,RIAR,1
SAAVR,RICR,1
SAAVR,RIGL,1
SAAVR,RMER,1
SAAVR,SAADL,1
SAAVR,SMBDL,1
SAAVR,VB4,1
SAAVR,VD1,1
SAAVR,VD10,1
SAAVR,VD2,1
SAAVR,VD4,1
SAAVR,VD5,1
SIADL,ADFL,1
SIADL,ADFR,1
SIADL,ADLL,1
SIADL,AIYR,1
SIADL,AIZL,1
SIADL,ALMR,1
SIADL,AS2,1
SIADL,ASEL,1
SIADL,ASER,1
SIADL,ASGR,1
SIADL,ASHL,1
SIADL,ASHR,1
SIADL,ASIL,1
SIADL,ASJL,1
SIADL,ASJR,1
SIADL,AVAL,1
SIADL,AVFL,1
SIADL,BAGR,1
SIADL,BDUL,1
SIADL,DA4,1
SIADL,DB2,1
SIADL,DB3,1
SIADL,DD4,1
SIADL,FLPL,1
SIADL,I1R,1
SIADL,I2L,1
SIADL,M3R,1
SIADL,OLQDR,1
SIADL,OLQVL,1
SIADL,PHBR,1
SIADL,PLML,1
SIADL,PVDL,1
SIADL,PVM,1
SIADL,PVQL,1
SIADL,RIGL,1
SIADL,RIVL,1
SIADL,RMED,1
SIADL,RMEL,1
SIADL,RMER,1
SIADL,SAADL,1
SIADL,SABVR,1
SIADL,URXR,1
SIADL,URYDL,1
SIADL,VD11,1
SIADR,ADFL,1
SIADR,ADLL,1
SIADR,AIYR,1
SIADR,AQR,1
SIADR,AS1,1
SIADR,ASEL,1
SIADR,ASHL,1
SIADR,ASHR,1
SIADR,ASJL,1
SIADR,ASKR,1
SIADR,AUAL,1
SIADR,AVAR,1
SIADR,AVDL,1
SIADR,AVDR,1
SIADR,AVER,1
SIADR,AWAR,1
SIADR,BAGL,1
SIADR,BAGR,1
SIADR,DA8,1
SIADR,DD1,1
SIADR,DD3,1
SIADR,DD6,1
SIADR,FLPL,1
SIADR,I1R,1
SIADR,IL2DL,1
SIADR,IL2R,1
SIADR,M3L,1
SIADR,M3R,1
SIADR,OLLR,1
SIADR,PHAL,1
SIADR,PHBR,1
SIADR,PVDR,1
SIADR,PVWR,1
SIADR,RICL,1
SIADR,RIVL,1
SIADR,RIVR,1
SIADR,RMEL,1
SIADR,SABVL,1
SIADR,SDQL,1
SIADR,VA9,1
SIADR,VD10,1
SIADR,VD11,1
SIADR,VD13,1
SIADR,VD6,1
SIAVL,ADFL,1
SIAVL,ADFR,1
SIAVL,ADLR,1
SIAVL,AIAR,1
SIAVL,AIYR,1
SIAVL,ALML,1
SIAVL,ASEL,1
SIAVL,AUAL,1
SIAVL,AUAR,1
SIAVL,AVAR,1
SIAVL,AVFR,1
SIAVL,AWAL,1
SIAVL,AWBL,1
SIAVL,BAGR,1
SIAVL,BDUR,1
SIAVL,DD3,1
SIAVL,FLPL,1
SIAVL,FLPR,1
SIAVL,I1R,1
SIAVL,I2R,1
SIAVL,M3L,1
SIAVL,M3R,1
SIAVL,OLLR,1
SIAVL,PLMR,1
SIAVL,PVCL,1
SIAVL,PVDL,1
SIAVL,PVM,1
SIAVL,PVQL,1
SIAVL,PVR,1
SIAVL,RIFR,1
SIAVL,RIVL,1
SIAVL,RIVR,1
SIAVL,RMER,1
SIAVL,RMGL,1
SIAVL,SABVL,1
SIAVL,SDQL,1
SIAVL,SMBDR,1
SIAVL,URYDL,1
SIAVL,URYDR,1
SIAVL,URYVR,1
SIAVL,VD1,1
SIAVL,VD2,1
SIAVL,VD7,1
SIAVL,VD9,1
SIAVR,ADLL,1
SIAVR,ADLR,1
SIAVR,AIAL,1
SIAVR,ASEL,1
SIAVR,ASGL,1
SIAVR,ASHL,1
SIAVR,ASHR,1
SIAVR,ASKL,1
SIAVR,ASKR,1
SIAVR,AUAR,1
SIAVR,AVAR,1
SIAVR,AVDR,1
SIAVR,AVEL,1
SIAVR,AVFR,1
SIAVR,AVM,1
SIAVR,AWAR,1
SIAVR,BAGL,1
SIAVR,BDUL,1
SIAVR,DD1,1
SIAVR,I1L,1
SIAVR,I2L,1
SIAVR,I2R,1
SIAVR,IL2DL,1
SIAVR,M3L,1
SIAVR,OLLL,1
SIAVR,OLQDL,1
SIAVR,PLMR,1
SIAVR,PQR,1
SIAVR,PVCL,1
SIAVR,PVCR,1
SIAVR,PVDR,1
SIAVR,PVQL,1
SIAVR,PVR,1
SIAVR,PVWL,1
SIAVR,RICL,1
SIAVR,RICR,1
SIAVR,RIFL,1
SIAVR,RMED,1
SIAVR,RMEL,1
SIAVR,RMER,1
SIAVR,RMGL,1
SIAVR,VA4,1
SIAVR,VA8,1
SIAVR,VD2,1
URADL,ADFL,1
URADL,ADFR,1
URADL,ADLL,1
URADL,ADLR,1
URADL,AIYL,1
URADL,AIYR,1
URADL,ALML,1
URADL,ALMR,1
URADL,AS2,1
URADL,AS4,1
URADL,ASGL,1
URADL,ASHL,1
URADL,ASIL,1
URADL,ASIR,1
URADL,ASJL,1
URADL,ASKR,1
URADL,AUAL,1
URADL,AVAL,1
URADL,AVDL,1
URADL,AVER,1
URADL,AVFL,1
URADL,AVFR,1
URADL,AVM,1
URADL,AWBL,1
URADL,BAGL,1
URADL,BDUL,1
URADL,DB6,1
URADL,DD2,1
URADL,DD4,1
URADL,DD6,1
URADL,DVA,1
URADL,HSNL,1
URADL,I1R,1
URADL,I2L,1
URADL,IL2DL,1
URADL,IL2DR,1
URADL,IL2L,1
URADL,IL2VL,1
URADL,IL2VR,1
URADL,M3R,1
URADL,OLLL,1
URADL,OLQDL,1
URADL,OLQDR,1
URADL,OLQVL,1
URADL,OLQVR,1
URADL,PHAL,1
URADL,PHAR,1
URADL,PHBL,1
URADL,PLML,1
URADL,PLMR,1
URADL,PQR,1
URADL,PVCR,1
URADL,PVDR,1
URADL,PVM,1
URADL,PVPR,1
URADL,PVQL,1
URADL,PVQR,1
URADL,PVWL,1
URADL,PVWR,1
URADL,RIAL,1
URADL,RICL,1
URADL,RICR,1
URADL,RIFL,1
URADL,RIFR,1
URADL,RIGL,1
URADL,RIVL,1
URADL,RMED,1
URADL,RMEL,1
URADL,RMER,1
URADL,RMEV,1
URADL,RMGR,1
URADL,SAADL,1
URADL,SABVR,1
URADL,SDQL,1
URADL,SMBDR,1
URADL,URXR,1
URADL,URYDL,1
URADL,VA3,1
URADL,VB11,1
URADL,VD1,1
URADL,VD10,1
URADL,VD12,1
URADL,VD13,1
URADL,VD3,1
URADL,VD4,1
URADL,VD8,1
URADR,ADFL,1
URADR,ADLR,1
URADR,AIYR,1
URADR,AIZR,1
URADR,ALMR,1
URADR,AS4,1
URADR,AS7,1
URADR,ASEL,1
URADR,ASER,1
URADR,ASHL,1
URADR,ASHR,1
URADR,ASIR,1
URADR,ASJL,1
URADR,ASJR,1
URADR,ASKL,1
URADR,ASKR,1
URADR,AUAR,1
URADR,AVAL,1
URADR,AVAR,1
URADR,AVDL,1
URADR,AVEL,1
URADR,AVFL,1
URADR,AVFR,1
URADR,AVM,1
URADR,AWAL,1
URADR,AWAR,1
URADR,AWBR,1
URADR,BAGL,1
URADR,BAGR,1
URADR,BDUL,1
URADR,DA6,1
URADR,DD1,1
URADR,DD2,1
URADR,DD4,1
URADR,DD5,1
URADR,DVA,1
URADR,FLPR,1
URADR,HSNL,1
URADR,I1R,1
URADR,I2R,1
URADR,IL2DR,1
URADR,IL2L,1
URADR,OLLL,1
URADR,OLLR,1
URADR,OLQDL,1
URADR,OLQVL,1
URADR,OLQVR,1
URADR,PHAL,1
URADR,PHBL,1
URADR,PHBR,1
URADR,PLML,1
URADR,PLMR,1
URADR,PVCL,1
URADR,PVDR,1
URADR,PVQL,1
URADR,PVQR,1
URADR,PVR,1
URADR,PVWR,1
URADR,RIAL,1
URADR,RICR,1
URADR,RIFL,1
URADR,RIFR,1
URADR,RIGL,1
URADR,RIGR,1
URADR,RIVR,1
URADR,RMEV,1
URADR,SAADL,1
URADR,SAADR,1
URADR,SABVL,1
URADR,SABVR,1
URADR,SDQL,1
URADR,SDQR,1
URADR,SMBDL,1
URADR,URXL,1
URADR,URXR,1
URADR,URYDL,1
URADR,URYDR,1
URADR,URYVL,1
URADR,URYVR,1
URADR,VA6,1
URADR,VD1,1
URADR,VD11,1
URADR,VD3,1
URADR,VD5,1
URADR,VD7,1
URADR,VD9,1
URAVL,ADFL,1
URAVL,ADFR,1
URAVL,ADLR,1
URAVL,AIAL,1
URAVL,ALMR,1
URAVL,AS10,1
URAVL,AS4,1
URAVL,AS9,1
URAVL,ASEL,1
URAVL,ASER,1
URAVL,ASHL,1
URAVL,ASHR,1
URAVL,ASJL,1
URAVL,ASJR,1
URAVL,AUAL,1
URAVL,AVAL,1
URAVL,AVDR,1
URAVL,AVFR,1
URAVL,AVM,1
URAVL,BAGR,1
URAVL,BDUL,1
URAVL,BDUR,1
URAVL,DA7,1
URAVL,DA8,1
URAVL,DB2,1
URAVL,DB5,1
URAVL,DD1,1
URAVL,DD2,1
URAVL,DD3,1
URAVL,DD5,1
URAVL,DD6,1
URAVL,DVA,1
URAVL,FLPL,1
URAVL,I1L,1
URAVL,I1R,1
URAVL,I2L,1
URAVL,IL2DL,1
URAVL,IL2DR,1
URAVL,IL2L,1
URAVL,IL2VL,1
URAVL,M3L,1
URAVL,OLLR,1
URAVL,OLQDR,1
URAVL,OLQVL,1
URAVL,OLQVR,1
URAVL,PHAL,1
URAVL,PHAR,1
URAVL,PLML,1
URAVL,PLMR,1
URAVL,PQR,1
URAVL,PVCL,1
URAVL,PVDL,1
URAVL,PVM,1
URAVL,PVR,1
URAVL,PVWL,1
URAVL,PVWR,1
URAVL,RICL,1
URAVL,RICR,1
URAVL,RIFL,1
URAVL,RIGL,1
URAVL,RIGR,1
URAVL,RMED,1
URAVL,RMEL,1
URAVL,RMER,1
URAVL,RMEV,1
URAVL,RMGL,1
URAVL,SAADL,1
URAVL,SABVL,1
URAVL,SDQL,1
URAVL,URXL,1
URAVL,URYDL,1
URAVL,URYDR,1
URAVL,URYVL,1
URAVL,URYVR,1
URAVL,VA2,1
URAVL,VB1,1
URAVL,VB11,1
URAVL,VB2,1
URAVL,VD1,1
URAVL,VD11,1
URAVL,VD13,1
URAVL,VD3,1
URAVL,VD4,1
URAVL,VD7,1
URAVL,VD8,1
URAVL,VD9,1
URAVR,ADFL,1
URAVR,AIAL,1
URAVR,AIAR,1
URAVR,AIYL,1
URAVR,AIZL,1
URAVR,AIZR,1
URAVR,ALML,1
URAVR,ALMR,1
URAVR,AS10,1
URAVR,AS2,1
URAVR,AS7,1
URAVR,ASEL,1
URAVR,ASER,1
URAVR,ASGR,1
URAVR,ASHL,1
URAVR,ASHR,1
URAVR,ASIL,1
URAVR,ASJR,1
URAVR,ASKR,1
URAVR,AUAL,1
URAVR,AUAR,1
URAVR,AVAR,1
URAVR,AVDL,1
URAVR,AVDR,1
URAVR,AVFL,1
URAVR,AVFR,1
URAVR,AVM,1
URAVR,AWBR,1
URAVR,BAGR,1
URAVR,BDUL,1
URAVR,BDUR,1
URAVR,DD1,1
URAVR,DD2,1
URAVR,DD3,1
URAVR,DD4,1
URAVR,DVA,1
URAVR,HSNR,1
URAVR,I1L,1
URAVR,I1R,1
URAVR,I2R,1
URAVR,IL2DL,1
URAVR,IL2DR,1
URAVR,IL2VL,1
URAVR,IL2VR,1
URAVR,M3R,1
URAVR,OLLL,1
URAVR,OLLR,1
URAVR,OLQDL,1
URAVR,OLQDR,1
URAVR,OLQVL,1
URAVR,OLQVR,1
URAVR,PHAL,1
URAVR,PHBL,1
URAVR,PHBR,1
URAVR,PLML,1
URAVR,PLMR,1
URAVR,PQR,1
URAVR,PVCL,1
URAVR,PVDL,1
URAVR,PVM,1
URAVR,PVQL,1
URAVR,PVQR,1
URAVR,PVR,1
URAVR,RICL,1
URAVR,RIFR,1
URAVR,RIGL,1
URAVR,RIGR,1
URAVR,RMEL,1
URAVR,RMER,1
URAVR,RMGL,1
URAVR,RMGR,1
URAVR,SAADL,1
URAVR,SDQL,1
URAVR,SMBDL,1
URAVR,URXL,1
URAVR,URYDR,1
URAVR,URYVL,1
URAVR,URYVR,1
URAVR,VA7,1
URAVR,VD12,1
URAVR,VD13,1
URAVR,VD3,1
URAVR,VD4,1
URAVR,VD5,1
URAVR,VD6,1
URAVR,VD9,1
URXL,ADFL,1
URXL,ADLL,1
URXL,ADLR,1
URXL,AIAL,1
URXL,AIYL,1
URXL,AIYR,1
URXL,AIZL,1
URXL,AIZR,1
URXL,ALML,1
URXL,ALMR,1
URXL,AS1,1
URXL,AS3,1
URXL,AS5,1
URXL,ASEL,1
URXL,ASGR,1
URXL,ASHL,1
URXL,ASJR,1
URXL,ASKL,1
URXL,ASKR,1
URXL,AVAL,1
URXL,AVAR,1
URXL,AVDL,1
URXL,AVDR,1
URXL,AVEL,1
URXL,AVFR,1
URXL,AVM,1
URXL,AWAR,1
URXL,AWBL,1
URXL,AWBR,1
URXL,BAGL,1
URXL,BDUL,1
URXL,DA4,1
URXL,DB2,1
URXL,DB6,1
URXL,DD1,1
URXL,DD2,1
URXL,DD3,1
URXL,HSNL,1
URXL,HSNR,1
URXL,I1L,1
URXL,I1R,1
URXL,IL2DL,1
URXL,IL2DR,1
URXL,IL2R,1
URXL,IL2VL,1
URXL,M3L,1
URXL,M3R,1
URXL,OLLR,1
URXL,OLQDL,1
URXL,OLQDR,1
URXL,PLML,1
URXL,PQR,1
URXL,PVCL,1
URXL,PVDL,1
URXL,PVM,1
URXL,PVWL,1
URXL,RIAL,1
URXL,RIAR,1
URXL,RICR,1
URXL,RIGL,1
URXL,RIVR,1
URXL,RMED,1
URXL,RMER,1
URXL,RMGL,1
URXL,RMGR,1
URXL,SABD,1
URXL,SABVL,1
URXL,SABVR,1
URXL,URXR,1
URXL,URYDL,1
URXL,URYDR,1
URXL,URYVL,1
URXL,URYVR,1
URXL,VA1,1
URXL,VA6,1
URXL,VB11,1
URXL,VB7,1
URXL,VB9,1
URXL,VD1,1
URXL,VD10,1
URXL,VD11,1
URXL,VD12,1
URXL,VD3,1
URXL,VD4,1
URXL,VD5,1
URXL,VD6,1
URXL,VD7,1
URXL,VD8,1
URXL,VD9,1
URXR,ADLR,1
URXR,AIAR,1
URXR,AIYL,1
URXR,ALML,1
URXR,ALMR,1
URXR,AS2,1
URXR,AS9,1
URXR,ASEL,1
URXR,ASGL,1
URXR,ASHL,1
URXR,ASHR,1
URXR,ASIR,1
URXR,ASJL,1
URXR,AUAL,1
URXR,AUAR,1
URXR,AVAR,1
URXR,AVDL,1
URXR,AVEL,1
URXR,AVER,1
URXR,AVG,1
URXR,AVM,1
URXR,AWAL,1
URXR,AWAR,1
URXR,AWBL,1
URXR,BAGL,1
URXR,BDUR,1
URXR,DA4,1
URXR,DA6,1
URXR,DA7,1
URXR,DA9,1
URXR,DB2,1
URXR,DB3,1
URXR,DB5,1
URXR,DD1,1
URXR,DD2,1
URXR,DD3,1
URXR,DD4,1
URXR,FLPL,1
URXR,FLPR,1
URXR,HSNR,1
URXR,I2R,1
URXR,IL2DL,1
URXR,IL2R,1
URXR,IL2VL,1
URXR,IL2VR,1
URXR,OLLR,1
URXR,OLQDL,1
URXR,OLQDR,1
URXR,OLQVR,1
URXR,PHAR,1
URXR,PHBL,1
URXR,PHBR,1
URXR,PLMR,1
URXR,PQR,1
URXR,PVCL,1
URXR,PVDL,1
URXR,PVDR,1
URXR,PVM,1
URXR,PVPL,1
URXR,PVQL,1
URXR,PVR,1
URXR,RIAR,1
URXR,RICR,1
URXR,RIFR,1
URXR,RIGR,1
URXR,RIVR,1
URXR,RMEL,1
URXR,RMGL,1
URXR,RMGR,1
URXR,SAADR,1
URXR,SABVR,1
URXR,SDQR,1
URXR,SMBDL,1
URXR,URXL,1
URXR,URYDR,1
URXR,VA10,1
URXR,VA12,1
URXR,VA6,1
URXR,VB2,1
URXR,VB9,1
URXR,VD10,1
URXR,VD11,1
URXR,VD13,1
URXR,VD2,1
URXR,VD4,1
URXR,VD5,1
URXR,VD6,1
URXR,VD7,1
URXR,VD8,1
VC1,ADFR,1
VC1,ADLL,1
VC1,ADLR,1
VC1,AIAL,1
VC1,AIAR,1
VC1,ASER,1
VC1,ASHR,1
VC1,ASIR,1
VC1,AVDL,1
VC1,DB3,1
VC1,I2L,1
VC1,OLQDL,1
VC1,OLQVR,1
VC1,PLMR,1
VC1,PVM,1
VC1,RMGR,1
VC1,SABVR,1
VC1,VD10,1
VC1,VD12,1
VC1,VD4,1
VC2,ADFL,1
VC2,AQR,1
VC2,ASJR,1
VC2,AVDL,1
VC2,AVM,1
VC2,BAGL,1
VC2,BDUR,1
VC2,DB2,1
VC2,I1L,1
VC2,I1R,1
VC2,IL2VR,1
VC2,M3L,1
VC2,OLLL,1
VC2,PHAR,1
VC2,PQR,1
VC2,PVWR,1
VC2,RICR,1
VC2,RMEL,1
VC2,VD11,1
VC2,VD9,1
VC3,AIYR,1
VC3,AIZL,1
VC3,AVER,1
VC3,AVFL,1
VC3,AVM,1
VC3,DD5,1
VC3,FLPR,1
VC3,HSNR,1
VC3,I1L,1
VC3,OLQDL,1
VC3,OLQVR,1
VC3,PVWL,1
VC3,RIFR,1
VC3,RIVR,1
VC3,URYVL,1
VC3,VA5,1
VC3,VD1,1
VC3,VD12,1
VC3,VD6,1
VC3,VD8,1
VC4,AIYR,1
VC4,ASEL,1
VC4,AVM,1
VC4,DD2,1
VC4,DD4,1
VC4,FLPR,1
VC4,I1R,1
VC4,IL2VL,1
VC4,OLQDR,1
VC4,OLQVL,1
VC4,PHAL,1
VC4,PHAR,1
VC4,PLMR,1
VC4,RIVL,1
VC4,SMBDR,1
VC4,URYVR,1
VC4,VD2,1
VC4,VD4,1
VC4,VD6,1
VC4,VD8,1
VC5,ADFL,1
VC5,ADLL,1
VC5,AQR,1
VC5,ASJL,1
VC5,AWBR,1
VC5,DD1,1
VC5,FLPR,1
VC5,I1R,1
VC5,IL2DL,1
VC5,IL2L,1
VC5,M3L,1
VC5,PHBL,1
VC5,PHBR,1
VC5,PQR,1
VC5,PVCL,1
VC5,PVWR,1
VC5,RMER,1
VC5,URYDL,1
VC5,VD5,1
VC5,VD8,1
VC6,ASHR,1
VC6,AUAL,1
VC6,AVFL,1
VC6,AVG,1
VC6,BDUL,1
VC6,IL2L,1
VC6,IL2R,1
VC6,OLQDR,1
VC6,PVM,1
VC6,PVR,1
VC6,RICR,1
VC6,RIFL,1
VC6,RIGR,1
VC6,RIVR,1
VC6,RMEV,1
VC6,SAADL,1
VC6,SMBDL,1
VC6,URXR,1
VC6,VD10,1
VC6,VD2,1
VD1,ALMR,1
VD1,AQR,1
VD1,AS11,1
VD1,ASER,1
VD1,ASHL,1
VD1,ASHR,1
VD1,ASIL,1
VD1,ASJL,1
VD1,AWAR,1
VD1,I2R,1
VD1,OLLR,1
VD1,PVDR,1
VD1,PVM,1
VD1,PVWR,1
VD1,RIAR,1
VD1,SAADR,1
VD1,SABVL,1
VD1,URYDL,1
VD1,URYVR,1
VD1,VD9,1
VD10,ADFR,1
VD10,ASGL,1
VD10,AVFL,1
VD10,FLPR,1
VD10,HSNL,1
VD10,IL2L,1
VD10,M3R,1
VD10,PHAR,1
VD10,PHBR,1
VD10,PLMR,1
VD10,PVCR,1
VD10,PVDL,1
VD10,PVWR,1
VD10,RICR,1
VD10,RMER,1
VD10,RMGL,1
VD10,URYDL,1
VD10,VA5,1
VD10,VD2,1
VD10,VD9,1
VD11,AIYR,1
VD11,AS2,1
VD11,ASJR,1
VD11,AVAR,1
VD11,AVER,1
VD11,AWBR,1
VD11,BAGR,1
VD11,DB6,1
VD11,I1L,1
VD11,IL2DL,1
VD11,IL2R,1
VD11,OLLR,1
VD11,OLQDL,1
VD11,OLQVL,1
VD11,PHAL,1
VD11,PQR,1
VD11,RICL,1
VD11,RIFL,1
VD11,VB9,1
VD11,VD13,1
VD12,AIAR,1
VD12,AIZL,1
VD12,AS2,1
VD12,ASHR,1
VD12,ASKR,1
VD12,AWBR,1
VD12,BAGL,1
VD12,DA6,1
VD12,DA7,1
VD12,DD5,1
VD12,I1L,1
VD12,I2L,1
VD12,OLLR,1
VD12,OLQVL,1
VD12,RICL,1
VD12,RIFL,1
VD12,RIGL,1
VD12,SABVR,1
VD12,VD1,1
VD12,VD4,1
VD13,ADFL,1
VD13,AIZL,1
VD13,ALMR,1
VD13,ASEL,1
VD13,AVFR,1
VD13,AWAL,1
VD13,BAGL,1
VD13,DD3,1
VD13,M3L,1
VD13,OLLL,1
VD13,OLQVL,1
VD13,PLML,1
VD13,PQR,1
VD13,PVCL,1
VD13,PVDL,1
VD13,RMED,1
VD13,RMGL,1
VD13,URYDL,1
VD13,URYVL,1
VD13,VD8,1
VD2,AS2,1
VD2,AS5,1
VD2,ASJR,1
VD2,DA6,1
VD2,DB5,1
VD2,DD5,1
VD2,FLPL,1
VD2,M3L,1
VD2,M3R,1
VD2,OLLR,1
VD2,OLQDL,1
VD2,PHAR,1
VD2,PVCL,1
VD2,PVWL,1
VD2,RIAR,1
VD2,RICR,1
VD2,SAADR,1
VD2,VA7,1
VD2,VD4,1
VD2,VD6,1
VD3,ADFL,1
VD3,ALML,1
VD3,AQR,1
VD3,AS8,1
VD3,ASJL,1
VD3,ASKR,1
VD3,AVAL,1
VD3,AVDR,1
VD3,DA7,1
VD3,DD6,1
VD3,DVA,1
VD3,I1L,1
VD3,IL2DR,1
VD3,OLQVR,1
VD3,PLMR,1
VD3,PVCR,1
VD3,RMEL,1
VD3,RMGL,1
VD3,SAADR,1
VD3,SMBDR,1
VD4,ASGL,1
VD4,ASKR,1
VD4,AVDL,1
VD4,BAGR,1
VD4,DB5,1
VD4,DD1,1
VD4,I1L,1
VD4,I2L,1
VD4,IL2DR,1
VD4,OLQDR,1
VD4,PVM,1
VD4,PVWL,1
VD4,RIAL,1
VD4,RICL,1
VD4,RMED,1
VD4,RMER,1
VD4,URXL,1
VD4,URYDR,1
VD4,VD6,1
VD4,VD8,1
VD5,AIYR,1
VD5,AIZL,1
VD5,AS2,1
VD5,ASEL,1
VD5,ASIL,1
VD5,ASIR,1
VD5,ASJL,1
VD5,ASJR,1
VD5,ASKL,1
VD5,AVDL,1
VD5,DA6,1
VD5,DD4,1
VD5,IL2R,1
VD5,OLQDR,1
VD5,OLQVL,1
VD5,PLMR,1
VD5,RMER,1
VD5,SMBDL,1
VD5,URYVL,1
VD5,VD13,1
VD6,AIZR,1
VD6,ALML,1
VD6,ASIL,1
VD6,AVFL,1
VD6,AVFR,1
VD6,AVM,1
VD6,AWBL,1
VD6,BAGL,1
VD6,BDUR,1
VD6,DD5,1
VD6,DD6,1
VD6,IL2DL,1
VD6,OLLR,1
VD6,OLQVR,1
VD6,PHAR,1
VD6,RIAR,1
VD6,SAADR,1
VD6,VD10,1
VD6,VD12,1
VD6,VD9,1
VD7,ADFL,1
VD7,ASEL,1
VD7,ASHR,1
VD7,ASKR,1
VD7,AUAL,1
VD7,BAGR,1
VD7,DB2,1
VD7,DB6,1
VD7,DD5,1
VD7,FLPL,1
VD7,OLQVR,1
VD7,PLMR,1
VD7,PVWR,1
VD7,RIGR,1
VD7,RMGR,1
VD7,SAADL,1
VD7,SABVR,1
VD7,SMBDR,1
VD7,VD11,1
VD7,VD6,1
VD8,ASJL,1
VD8,ASJR,1
VD8,DB2,1
VD8,DD4,1
VD8,I1L,1
VD8,I2R,1
VD8,IL2VL,1
VD8,IL2VR,1
VD8,OLQDL,1
VD8,OLQVL,1
VD8,PLML,1
VD8,PVQL,1
VD8,PVWR,1
VD8,RICR,1
VD8,RIGR,1
VD8,RIVL,1
VD8,RMER,1
VD8,SMBDL,1
VD8,VD5,1
VD8,VD7,1
VD9,AIAL,1
VD9,AIYR,1
VD9,ALML,1
VD9,ASER,1
VD9,ASKR,1
VD9,AVFL,1
VD9,HSNL,1
VD9,I1L,1
VD9,I1R,1
VD9,OLQDR,1
VD9,PLML,1
VD9,PVCL,1
VD9,RIAL,1
VD9,RMEL,1
VD9,SDQL,1
VD9,URYVR,1
VD9,VB1,1
VD9,VD2,1
VD9,VD4,1
VD9,VD5,1
