ADAL,ADER
ADAL,AIML
ADAL,AS3
ADAL,AVDL
ADAL,AVDR
ADAL,AVEL
ADAL,AVJL
ADAL,AWCL
ADAL,CEPDL
ADAL,CEPVL
ADAL,DA3
ADAL,NSML
ADAL,PDEL
ADAL,PDER
ADAL,PVPR
ADAL,RIBL
ADAL,RIMR
ADAL,RIS
ADAL,RMFL
ADAL,SABVL
ADAL,SIAVR
ADAL,VC2
ADAL,VD1
ADAL,VD3
ADAL,VD5
ADAR,AS10
ADAR,AS4
ADAR,AVBL
ADAR,AWBL
ADAR,CEPDL
ADAR,CEPVL
ADAR,DB1
ADAR,HSNR
ADAR,PDEL
ADAR,PDER
ADAR,PHAR
ADAR,PVM
ADAR,PVQL
ADAR,PVT
ADAR,RMGL
ADAR,SDQR
ADAR,SIBVL
ADAR,SMBDR
ADAR,SMDDL
ADAR,VA4
ADAR,VB1
ADAR,VD13
ADEL,ADEL
ADEL,ADER
ADEL,ADFL
ADEL,ADFR
ADEL,ADLL
ADEL,ADLR
ADEL,AIAR
ADEL,AIBL
ADEL,AIML
ADEL,AIMR
ADEL,AINR
ADEL,AIYL
ADEL,AIZL
ADEL,AIZR
ADEL,ALML
ADEL,ALNL
ADEL,AQR
ADEL,AS1
ADEL,AS10
ADEL,AS3
ADEL,AS6
ADEL,ASEL
ADEL,ASER
ADEL,ASGL
ADEL,ASHL
ADEL,ASHR
ADEL,ASJL
ADEL,ASKL
ADEL,AUAL
ADEL,AUAR
ADEL,AVAL
ADEL,AVAR
ADEL,AVBL
ADEL,AVBR
ADEL,AVDL
ADEL,AVDR
ADEL,AVEL
ADEL,AVFR
ADEL,AVG
ADEL,AVHL
ADEL,AVJR
ADEL,AVL
ADEL,AWAR
ADEL,AWBL
ADEL,AWCL
ADEL,BAGR
ADEL,BDUL
ADEL,BDUR
ADEL,CEPDL
ADEL,CEPDR
ADEL,CEPVL
ADEL,CEPVR
ADEL,DA1
ADEL,DA3
ADEL,DA5
ADEL,DA6
ADEL,DA7
ADEL,DA8
ADEL,DB2
ADEL,DB3
ADEL,DB5
ADEL,DB6
ADEL,DD1
ADEL,DD4
ADEL,DVA
ADEL,DVC
ADEL,FLPR
ADEL,HSNL
ADEL,HSNR
ADEL,I1R
ADEL,IL1L
ADEL,IL2DL
ADEL,IL2DR
ADEL,IL2L
ADEL,IL2R
ADEL,IL2VL
ADEL,IL2VR
ADEL,M1
ADEL,M2R
ADEL,NSML
ADEL,NSMR
ADEL,OLLR
ADEL,OLQDL
ADEL,OLQDR
ADEL,OLQVR
ADEL,PDEL
ADEL,PDER
ADEL,PHAL
ADEL,PHAR
ADEL,PLNL
ADEL,PQR
ADEL,PVCL
ADEL,PVCR
ADEL,PVDL
ADEL,PVNR
ADEL,PVPL
ADEL,PVPR
ADEL,PVQL
ADEL,PVQR
ADEL,PVR
ADEL,PVT
ADEL,PVWR
ADEL,RIAL
ADEL,RIAR
ADEL,RIBL
ADEL,RIBR
ADEL,RICR
ADEL,RIFL
ADEL,RIFR
ADEL,RIGL
ADEL,RIGR
ADEL,RIH
ADEL,RIML
ADEL,RIMR
ADEL,RIPL
ADEL,RIPR
ADEL,RIR
ADEL,RIS
ADEL,RIVR
ADEL,RMDDL
ADEL,RMDL
ADEL,RMDR
ADEL,RMDVL
ADEL,RMDVR
ADEL,RMED
ADEL,RMER
ADEL,RMFL
ADEL,RMGR
ADEL,RMHR
ADEL,SAADL
ADEL,SAADR
ADEL,SAAVR
ADEL,SABD
ADEL,SABVL
ADEL,SABVR
ADEL,SDQL
ADEL,SDQR
ADEL,SIADR
ADEL,SIAVL
ADEL,SIAVR
ADEL,SIBDL
ADEL,SMBDR
ADEL,SMDDR
ADEL,URBL
ADEL,URXL
ADEL,URXR
ADEL,URYDL
ADEL,URYDR
ADEL,VA12
ADEL,VA2
ADEL,VA6
ADEL,VA7
ADEL,VA9
ADEL,VB11
ADEL,VB4
ADEL,VB5
ADEL,VB7
ADEL,VC1
ADEL,VD1
ADEL,VD11
ADEL,VD12
ADEL,VD13
ADEL,VD2
ADEL,VD3
ADEL,VD5
ADEL,VD7
ADEL,VD8
ADEL,VD9
ADER,ADFL
ADER,ADFR
ADER,ADLL
ADER,AFDR
ADER,AIAL
ADER,AIAR
ADER,AIBL
ADER,AIBR
ADER,AIMR
ADER,AIYL
ADER,AIYR
ADER,AIZL
ADER,ALA
ADER,ALML
ADER,ALMR
ADER,ALNR
ADER,AQR
ADER,AS4
ADER,AS8
ADER,AS9
ADER,ASEL
ADER,ASER
ADER,ASGR
ADER,ASHR
ADER,ASIR
ADER,ASKL
ADER,AUAL
ADER,AVAL
ADER,AVAR
ADER,AVBL
ADER,AVBR
ADER,AVDL
ADER,AVDR
ADER,AVEL
ADER,AVER
ADER,AVFR
ADER,AVHR
ADER,AVJL
ADER,AVJR
ADER,AVL
ADER,AVM
ADER,AWBR
ADER,BDUL
ADER,BDUR
ADER,CANL
ADER,CANR
ADER,CEPDL
ADER,CEPDR
ADER,CEPVL
ADER,CEPVR
ADER,DA1
ADER,DA2
ADER,DA4
ADER,DA6
ADER,DA8
ADER,DA9
ADER,DB1
ADER,DB3
ADER,DB4
ADER,DB6
ADER,DD1
ADER,DD3
ADER,DD6
ADER,DVA
ADER,FLPR
ADER,HSNL
ADER,HSNR
ADER,I1R
ADER,I2L
ADER,I2R
ADER,I4
ADER,I5
ADER,IL1R
ADER,IL1VL
ADER,IL2R
ADER,IL2VL
ADER,IL2VR
ADER,LUAR
ADER,M2R
ADER,M3L
ADER,M3R
ADER,M4
ADER,M5
ADER,MCL
ADER,OLLL
ADER,OLQVL
ADER,OLQVR
ADER,PDEL
ADER,PDER
ADER,PHBR
ADER,PLML
ADER,PLMR
ADER,PLNR
ADER,PQR
ADER,PVCL
ADER,PVCR
ADER,PVDL
ADER,PVM
ADER,PVNR
ADER,PVPL
ADER,PVQL
ADER,PVQR
ADER,PVT
ADER,RIAL
ADER,RIAR
ADER,RIBL
ADER,RIBR
ADER,RICL
ADER,RID
ADER,RIFL
ADER,RIGL
ADER,RIML
ADER,RIMR
ADER,RIR
ADER,RIS
ADER,RIVL
ADER,RIVR
ADER,RMDDL
ADER,RMDDR
ADER,RMDL
ADER,RMDR
ADER,RMDVL
ADER,RMEL
ADER,RMER
ADER,RMFL
ADER,RMGL
ADER,RMHR
ADER,SAAVR
ADER,SABD
ADER,SABVR
ADER,SIADR
ADER,SIAVL
ADER,SMBDR
ADER,SMBVL
ADER,SMBVR
ADER,SMDDR
ADER,SMDVL
ADER,URBL
ADER,URBR
ADER,URYDL
ADER,URYDR
ADER,URYVL
ADER,VA3
ADER,VA6
ADER,VA8
ADER,VA9
ADER,VB11
ADER,VB5
ADER,VC1
ADER,VC2
ADER,VC3
ADER,VC4
ADER,VC5
ADER,VD1
ADER,VD10
ADER,VD11
ADER,VD12
ADER,VD13
ADER,VD3
ADER,VD4
ADER,VD5
ADER,VD6
ADER,VD7
ADFL,ADFR
ADFL,ADLL
ADFL,AIZL
ADFL,ALA
ADFL,ALNR
ADFL,AS10
ADFL,AS3
ADFL,ASGL
ADFL,ASJR
ADFL,AUAL
ADFL,AUAR
ADFL,AVAL
ADFL,AVAR
ADFL,AVBL
ADFL,AVBR
ADFL,AVDL
ADFL,AVDR
ADFL,AVEL
ADFL,AVER
ADFL,AVHL
ADFL,AVJL
ADFL,AVKR
ADFL,BDUL
ADFL,CANR
ADFL,CEPDL
ADFL,CEPVL
ADFL,CEPVR
ADFL,DA1
ADFL,DA4
ADFL,DA9
ADFL,DB2
ADFL,DB3
ADFL,DB4
ADFL,DD4
ADFL,DD6
ADFL,DVB
ADFL,HSNL
ADFL,HSNR
ADFL,I1L
ADFL,I2L
ADFL,I4
ADFL,I5
ADFL,IL1VL
ADFL,IL2R
ADFL,IL2VR
ADFL,M2R
ADFL,M3R
ADFL,NSML
ADFL,NSMR
ADFL,OLQDL
ADFL,OLQDR
ADFL,PDEL
ADFL,PDER
ADFL,PHAR
ADFL,PLMR
ADFL,PVDR
ADFL,PVNL
ADFL,PVNR
ADFL,PVQR
ADFL,RIBL
ADFL,RICL
ADFL,RICR
ADFL,RID
ADFL,RIGL
ADFL,RIH
ADFL,RIML
ADFL,RIS
ADFL,RMEL
ADFL,RMER
ADFL,RMEV
ADFL,SAADR
ADFL,SIBVR
ADFL,SMDDL
ADFL,SMDDR
ADFL,SMDVR
ADFL,URBR
ADFL,URYVL
ADFL,VA11
ADFL,VA12
ADFL,VA8
ADFL,VB8
ADFL,VC3
ADFL,VC4
ADFL,VD1
ADFL,VD6
ADFL,VD7
ADFR,AIAL
ADFR,AIAR
ADFR,AIYL
ADFR,AIZL
ADFR,AIZR
ADFR,ALML
ADFR,ALNL
ADFR,ALNR
ADFR,AS10
ADFR,AS5
ADFR,AS8
ADFR,ASEL
ADFR,ASER
ADFR,ASHL
ADFR,ASHR
ADFR,AVAL
ADFR,AVAR
ADFR,AVDL
ADFR,AVEL
ADFR,AVFL
ADFR,AVFR
ADFR,AVHL
ADFR,AVM
ADFR,CEPDL
ADFR,CEPDR
ADFR,CEPVL
ADFR,CEPVR
ADFR,DA1
ADFR,DA3
ADFR,DA9
ADFR,DB1
ADFR,DB4
ADFR,DD1
ADFR,DD4
ADFR,DVA
ADFR,DVB
ADFR,DVC
ADFR,HSNL
ADFR,HSNR
ADFR,I1L
ADFR,I2L
ADFR,I3
ADFR,IL1DR
ADFR,IL1VR
ADFR,IL2DR
ADFR,M1
ADFR,M2L
ADFR,MCL
ADFR,MI
ADFR,NSML
ADFR,OLQVL
ADFR,PDEL
ADFR,PDER
ADFR,PHBL
ADFR,PVCL
ADFR,PVNL
ADFR,PVPL
ADFR,PVPR
ADFR,PVQR
ADFR,PVWR
ADFR,RIAL
ADFR,RIBR
ADFR,RICR
ADFR,RID
ADFR,RIFR
ADFR,RIGL
ADFR,RIH
ADFR,RIML
ADFR,RIMR
ADFR,RMDDL
ADFR,RMDL
ADFR,RMDR
ADFR,RMDVR
ADFR,RMED
ADFR,SAADL
ADFR,SABVL
ADFR,SIAVR
ADFR,SIBDL
ADFR,SIBDR
ADFR,SIBVL
ADFR,SMDDL
ADFR,URADR
ADFR,URAVR
ADFR,VA12
ADFR,VA3
ADFR,VB11
ADFR,VB5
ADFR,VB8
ADFR,VD11
ADFR,VD13
ADFR,VD6
ADLL,AVAR
ADLL,AVKL
ADLL,AVKR
ADLL,CEPDL
ADLL,CEPDR
ADLL,CEPVR
ADLL,DA2
ADLL,DA3
ADLL,DD5
ADLL,HSNR
ADLL,NSML
ADLL,NSMR
ADLL,PDEL
ADLL,PDER
ADLL,PVPL
ADLL,PVQL
ADLL,RIMR
ADLL,RMDVL
ADLL,VA1
ADLL,VA12
ADLL,VB4
ADLL,VD10
ADLR,ASHL
ADLR,AVDL
ADLR,BAGL
ADLR,CEPDL
ADLR,CEPDR
ADLR,CEPVL
ADLR,CEPVR
ADLR,DA8
ADLR,HSNR
ADLR,NSMR
ADLR,PVDR
ADLR,RIBR
ADLR,RIGL
ADLR,RIML
ADLR,RIMR
ADLR,RMGL
ADLR,VB2
ADLR,VD7
AFDL,AS7
AFDL,CEPDR
AFDL,IL2L
AFDL,RIML
AFDL,RMGR
AFDL,VA3
AFDL,VA4
AFDL,VB2
AFDR,AVAL
AFDR,AVBR
AFDR,CEPDL
AFDR,CEPDR
AFDR,CEPVL
AFDR,HSNR
AFDR,PVR
AFDR,PVWL
AFDR,SIBVR
AIAL,AIBL
AIAL,AVBL
AIAL,AVL
AIAL,CANL
AIAL,CEPVL
AIAL,CEPVR
AIAL,DA2
AIAL,DB1
AIAL,DD1
AIAL,FLPL
AIAL,HSNR
AIAL,IL1DL
AIAL,IL2VR
AIAL,PDEL
AIAL,PDER
AIAL,PVQR
AIAL,PVR
AIAL,RID
AIAL,RIMR
AIAL,RIPL
AIAL,RMDR
AIAL,SMDVR
AIAL,VB11
AIAL,VC1
AIAR,AIBR
AIAR,AS11
AIAR,AS3
AIAR,AS4
AIAR,AS9
AIAR,ASGL
AIAR,AVAL
AIAR,AVDR
AIAR,AVG
AIAR,BAGR
AIAR,CEPDL
AIAR,CEPDR
AIAR,CEPVL
AIAR,DVA
AIAR,I2R
AIAR,NSMR
AIAR,PDEL
AIAR,SIADL
AIAR,URYVR
AIBL,AIMR
AIBL,AIYL
AIBL,AIZL
AIBL,AS2
AIBL,ASER
AIBL,ASIL
AIBL,AVAR
AIBL,AVBL
AIBL,AVBR
AIBL,AVDR
AIBL,AVER
AIBL,AVJR
AIBL,AWBR
AIBL,CEPDL
AIBL,CEPDR
AIBL,CEPVL
AIBL,DA1
AIBL,DA8
AIBL,HSNL
AIBL,IL2R
AIBL,NSMR
AIBL,PDEL
AIBL,PDER
AIBL,RIAR
AIBL,RIBL
AIBL,RICL
AIBL,RIH
AIBL,RIMR
AIBL,RMHR
AIBL,SAADL
AIBL,SIBVL
AIBL,VA9
AIBL,VB8
AIBL,VD10
AIBL,VD2
AIBL,VD4
AIBR,AS6
AIBR,ASER
AIBR,ASHR
AIBR,AVAL
AIBR,AVBR
AIBR,AVDL
AIBR,AVFL
AIBR,AWBR
AIBR,AWCR
AIBR,CEPDL
AIBR,CEPDR
AIBR,CEPVL
AIBR,CEPVR
AIBR,DA5
AIBR,DA8
AIBR,DD5
AIBR,DVA
AIBR,HSNR
AIBR,I1R
AIBR,NSML
AIBR,OLQDL
AIBR,PDEL
AIBR,PHAL
AIBR,PVCL
AIBR,PVCR
AIBR,PVNR
AIBR,PVQL
AIBR,PVQR
AIBR,RIAL
AIBR,RIBL
AIBR,RIBR
AIBR,RID
AIBR,RIFR
AIBR,RIGR
AIBR,RIMR
AIBR,RMDDR
AIBR,RMDL
AIBR,RMFL
AIBR,RMGL
AIBR,SAADR
AIBR,URBR
AIBR,URYVL
AIML,AIMR
AIML,ALML
AIML,ASHR
AIML,AUAL
AIML,AVAL
AIML,AVBR
AIML,AWBL
AIML,CEPDL
AIML,CEPVL
AIML,CEPVR
AIML,DA1
AIML,DA9
AIML,DVA
AIML,IL2DL
AIML,LUAR
AIML,M5
AIML,NSML
AIML,PVPL
AIML,PVQL
AIML,RICR
AIML,RIML
AIML,RIMR
AIML,RMGL
AIML,SAADL
AIML,VD8
AIMR,AS9
AIMR,AVAR
AIMR,AVDR
AIMR,AVER
AIMR,AWAR
AIMR,CEPDL
AIMR,CEPVR
AIMR,DVC
AIMR,IL1L
AIMR,OLQVR
AIMR,PDEL
AIMR,PDER
AIMR,RIAL
AIMR,RIML
AIMR,RIMR
AIMR,RMDR
AIMR,SIAVR
AIMR,VA12
AIMR,VB4
AINL,AVDL
AINL,AVFL
AINL,CEPVL
AINL,CEPVR
AINL,DB2
AINL,PDER
AINL,RIMR
AINL,RMEV
AINL,VC2
AINR,ASGR
AINR,ASIR
AINR,AVBR
AINR,AVEL
AINR,CEPDL
AINR,CEPVR
AINR,IL1R
AINR,PDEL
AINR,PVPR
AINR,PVQL
AINR,RIR
AINR,VD12
AIYL,ALML
AIYL,AS5
AIYL,AUAR
AIYL,AVAR
AIYL,AVEL
AIYL,CEPVR
AIYL,FLPL
AIYL,NSMR
AIYL,OLQDL
AIYL,PDER
AIYL,RIH
AIYL,RIML
AIYL,RIMR
AIYL,RIPR
AIYL,SAADL
AIYL,SMDDR
AIYL,VD12
AIYL,VD13
AIYL,VD6
AIYR,AVDR
AIYR,AVER
AIYR,AVG
AIYR,CEPDR
AIYR,CEPVL
AIYR,CEPVR
AIYR,DA9
AIYR,DD6
AIYR,HSNR
AIYR,IL1DR
AIYR,IL1R
AIYR,OLLR
AIYR,PVNR
AIYR,PVT
AIYR,PVWL
AIYR,RIML
AIYR,RIMR
AIYR,RMDDL
AIYR,URYDL
AIYR,VD3
AIZL,ALML
AIZL,AVAL
AIZL,CEPDL
AIZL,CEPDR
AIZL,CEPVL
AIZL,CEPVR
AIZL,DD5
AIZL,HSNR
AIZL,I1R
AIZL,PDEL
AIZL,PDER
AIZL,PHCR
AIZL,PVCL
AIZL,PVQL
AIZL,RICL
AIZL,RIMR
AIZL,RIVR
AIZL,RMGL
AIZL,URYVL
AIZL,VA3
AIZL,VA4
AIZL,VB11
AIZL,VC2
AIZR,ALNL
AIZR,ASHL
AIZR,AVER
AIZR,AVM
AIZR,CEPDL
AIZR,CEPDR
AIZR,CEPVL
AIZR,CEPVR
AIZR,DA5
AIZR,DB7
AIZR,DVA
AIZR,HSNR
AIZR,PDEL
AIZR,PVPR
AIZR,RIAL
AIZR,RICL
AIZR,RIGL
AIZR,RIH
AIZR,RIML
AIZR,RIMR
AIZR,RIS
AIZR,RMDR
AIZR,SDQL
AIZR,SIBVL
AIZR,VD1
AIZR,VD2
ALA,AVAL
ALA,AVBL
ALA,RIBR
ALA,RIFR
ALA,RIML
ALA,RIMR
ALML,ASHL
ALML,AVBR
ALML,CANL
ALML,CEPDR
ALML,CEPVR
ALML,NSML
ALML,PDEL
ALML,PDER
ALML,PVCR
ALML,PVQR
ALML,PVR
ALML,PVT
ALML,RMDL
ALML,RMDR
ALML,URXL
ALML,VD13
ALMR,AVAR
ALMR,AVEL
ALMR,CEPDR
ALMR,CEPVL
ALMR,DA6
ALMR,HSNR
ALMR,I1L
ALMR,IL2L
ALMR,NSMR
ALMR,PDER
ALMR,RIMR
ALMR,SMDDL
ALMR,SMDDR
ALMR,VB1
ALNL,AS1
ALNL,ASEL
ALNL,ASER
ALNL,AVAR
ALNL,CEPVR
ALNL,DA4
ALNL,DA5
ALNL,NSML
ALNL,NSMR
ALNL,RICL
ALNL,SIBVL
ALNL,VD11
ALNR,AS5
ALNR,AVAL
ALNR,CEPVR
ALNR,IL2VR
ALNR,OLQDR
ALNR,PDEL
ALNR,PQR
ALNR,PVQR
ALNR,RIGR
ALNR,RIML
ALNR,RMFL
ALNR,RMHR
ALNR,URAVR
ALNR,VA10
AQR,AS6
AQR,AVL
AQR,CEPDR
AQR,CEPVL
AQR,HSNL
AQR,I2R
AQR,IL2VL
AQR,MCR
AQR,NSMR
AQR,PDA
AQR,PDER
AQR,RIAR
AQR,RIMR
AQR,RMDVR
AQR,RMED
AQR,SABD
AQR,URBR
AQR,URYDR
AQR,VA2
AS1,ASGR
AS1,AVAR
AS1,AVM
AS1,CANR
AS1,CEPDL
AS1,CEPDR
AS1,CEPVL
AS1,DVA
AS1,HSNR
AS1,PVNR
AS1,PVPL
AS1,RIBR
AS1,RIML
AS1,RIS
AS1,RMDVL
AS1,SIBVR
AS1,URBL
AS1,VA12
AS10,DA5
AS10,PDEL
AS10,RIAR
AS10,RIGR
AS10,RMDDR
AS10,RMDR
AS10,SABVR
AS10,SIBDL
AS10,VA3
AS10,VD2
AS11,ASIL
AS11,AVM
AS11,DA8
AS11,DB4
AS11,DD1
AS11,DD6
AS11,HSNR
AS11,IL1R
AS11,OLQVR
AS11,PDEL
AS11,VA12
AS11,VB3
AS11,VC3
AS11,VD8
AS2,ASHL
AS2,AVAR
AS2,AVBR
AS2,BDUL
AS2,CEPVL
AS2,DA4
AS2,FLPR
AS2,HSNR
AS2,PDER
AS2,PVCR
AS2,RIAL
AS2,RID
AS2,RIMR
AS2,RMEV
AS2,SAADL
AS2,SMDDL
AS2,VA6
AS3,AVJL
AS3,CEPDR
AS3,CEPVR
AS3,FLPL
AS3,MCR
AS3,NSMR
AS3,PDEL
AS3,PDER
AS3,PHBR
AS3,PVCR
AS3,PVPR
AS3,RIH
AS3,RMDDR
AS3,RMEV
AS3,URYDR
AS3,VB6
AS4,ASER
AS4,AWBL
AS4,CEPDR
AS4,DA4
AS4,I2R
AS4,MCR
AS4,PDEL
AS4,PDER
AS4,RIAR
AS4,RIBR
AS4,RIML
AS4,RIMR
AS4,VB5
AS4,VD2
AS5,AVER
AS5,AVL
AS5,CEPDL
AS5,CEPVL
AS5,DA1
AS5,DA2
AS5,DVB
AS5,DVC
AS5,HSNR
AS5,I1R
AS5,IL1VL
AS5,LUAL
AS5,PDER
AS5,RIAL
AS5,RIML
AS5,VB10
AS5,VB7
AS6,AVAR
AS6,AVFL
AS6,CEPDL
AS6,CEPDR
AS6,IL1R
AS6,PDEL
AS6,PDER
AS6,RIML
AS6,RIMR
AS6,RMEV
AS6,VB1
AS6,VC1
AS6,VC3
AS6,VD10
AS7,ASHR
AS7,CEPDL
AS7,CEPVR
AS7,M3L
AS7,PLNR
AS7,PVCL
AS7,RIBL
AS7,RMDVL
AS7,SIADL
AS7,VA11
AS7,VD5
AS8,AVAR
AS8,CEPDL
AS8,DD2
AS8,DVA
AS8,PDEL
AS8,RIML
AS8,RIMR
AS8,VB9
AS9,AVBR
AS9,CEPVL
AS9,HSNR
AS9,NSML
AS9,PDER
AS9,RIBL
AS9,RIML
AS9,RIMR
AS9,VD2
ASEL,ASGR
ASEL,AVAL
ASEL,AVAR
ASEL,CEPDL
ASEL,CEPDR
ASEL,DA2
ASEL,HSNL
ASEL,IL1L
ASEL,NSML
ASEL,NSMR
ASEL,OLQDR
ASEL,PDER
ASEL,PVCL
ASEL,PVR
ASEL,RICL
ASEL,RICR
ASEL,RIML
ASEL,RIMR
ASEL,RIS
ASEL,SIBDR
ASEL,VD2
ASER,AVAL
ASER,AVJL
ASER,AVL
ASER,BDUL
ASER,CEPDL
ASER,CEPDR
ASER,CEPVR
ASER,DD2
ASER,I1R
ASER,PDEL
ASER,PVQL
ASER,PVR
ASER,RIAR
ASER,RIMR
ASER,RMED
ASER,RMFL
ASER,URADL
ASER,VD1
ASER,VD2
ASGL,AVAL
ASGL,AVBR
ASGL,AVEL
ASGL,AWCR
ASGL,DB4
ASGL,DB6
ASGL,HSNL
ASGL,PVCL
ASGL,PVR
ASGL,RIMR
ASGL,RMDDL
ASGL,RMGL
ASGL,SIAVL
ASGL,SMBVL
ASGR,AVEL
ASGR,AVL
ASGR,CEPDL
ASGR,CEPDR
ASGR,CEPVL
ASGR,IL1R
ASGR,IL2VL
ASGR,M2R
ASGR,NSMR
ASGR,PDEL
ASGR,RIML
ASGR,RMDR
ASGR,URYVL
ASGR,VD4
ASHL,ASHR
ASHL,CEPDR
ASHL,DB6
ASHL,DD2
ASHL,HSNL
ASHL,HSNR
ASHL,I1L
ASHL,M4
ASHL,PDEL
ASHL,PVDR
ASHL,PVNR
ASHL,PVQL
ASHL,RIBL
ASHL,RIML
ASHL,RIMR
ASHL,RMEL
ASHL,SMBDR
ASHL,VB3
ASHL,VD13
ASHR,AVFL
ASHR,AVHR
ASHR,CEPDL
ASHR,CEPDR
ASHR,CEPVR
ASHR,DB1
ASHR,DD1
ASHR,IL2VL
ASHR,PDEL
ASHR,PDER
ASHR,PQR
ASHR,PVCR
ASHR,RID
ASHR,RIML
ASHR,RIR
ASHR,RMDDL
ASHR,RMDDR
ASHR,SAADR
ASHR,SMDDR
ASHR,VA2
ASHR,VA8
ASIL,AVAL
ASIL,AVAR
ASIL,AVDL
ASIL,CANR
ASIL,CEPDL
ASIL,CEPVR
ASIL,DB2
ASIL,DB3
ASIL,DD3
ASIL,I2L
ASIL,PVQR
ASIL,VD12
ASIR,AVAL
ASIR,AVBR
ASIR,AVDR
ASIR,CEPDR
ASIR,DB3
ASIR,NSML
ASIR,PHAL
ASIR,RID
ASIR,RIMR
ASIR,SMDVR
ASJL,AVEL
ASJL,CEPDL
ASJL,CEPVR
ASJL,PDEL
ASJL,RIPL
ASJR,AVAR
ASJR,CEPDR
ASJR,DD4
ASJR,PDER
ASJR,VD4
ASKL,AVG
ASKL,AVL
ASKL,AVM
ASKL,CEPDL
ASKL,CEPVL
ASKL,DVA
ASKL,HSNL
ASKL,PHAL
ASKL,PVPL
ASKL,PVT
ASKL,RIAR
ASKL,RIBR
ASKL,RIML
ASKL,RMDDR
ASKL,RMFR
ASKL,VA11
ASKL,VA2
ASKL,VA3
ASKL,VD10
ASKL,VD6
ASKR,CEPDR
ASKR,DB7
ASKR,DD1
ASKR,DD2
ASKR,DVA
ASKR,I2R
ASKR,IL2VR
ASKR,PDER
ASKR,PHAL
ASKR,PHBR
ASKR,PVCL
ASKR,PVCR
ASKR,RIBL
ASKR,RIMR
ASKR,RIPL
ASKR,RMEL
ASKR,SIAVR
ASKR,VA3
ASKR,VB1
AUAL,AVDL
AUAL,BAGR
AUAL,BDUR
AUAL,CEPDL
AUAL,CEPDR
AUAL,CEPVL
AUAL,CEPVR
AUAL,DA7
AUAL,DVA
AUAL,HSNL
AUAL,HSNR
AUAL,I1L
AUAL,LUAR
AUAL,NSML
AUAL,OLQVR
AUAL,RIML
AUAL,VA7
AUAL,VC1
AUAL,VD10
AUAR,AVAR
AUAR,AVBL
AUAR,AVDR
AUAR,BAGR
AUAR,CEPDR
AUAR,CEPVL
AUAR,DB5
AUAR,DB6
AUAR,DB7
AUAR,IL1R
AUAR,NSMR
AUAR,PDEL
AUAR,PLMR
AUAR,PVCR
AUAR,RIBR
AUAR,RMER
AUAR,VB1
AUAR,VB11
AUAR,VB3
AUAR,VD12
AUAR,VD2
AVAL,AVAR
AVAL,AVBL
AVAL,AVBR
AVAL,AVDL
AVAL,AVER
AVAL,AVG
AVAL,AVHL
AVAL,AVHR
AVAL,AVJR
AVAL,AVKL
AVAL,AVKR
AVAL,AVL
AVAL,CEPDL
AVAL,CEPDR
AVAL,CEPVL
AVAL,CEPVR
AVAL,DA2
AVAL,DA3
AVAL,DA6
AVAL,DB1
AVAL,DB3
AVAL,DB6
AVAL,DD1
AVAL,DD6
AVAL,DVA
AVAL,DVC
AVAL,FLPL
AVAL,FLPR
AVAL,HSNL
AVAL,I2R
AVAL,IL1R
AVAL,IL2DL
AVAL,IL2DR
AVAL,IL2L
AVAL,IL2VR
AVAL,LUAR
AVAL,M2L
AVAL,NSML
AVAL,NSMR
AVAL,OLLL
AVAL,PDEL
AVAL,PDER
AVAL,PHCL
AVAL,PLNR
AVAL,PVPL
AVAL,PVQL
AVAL,PVQR
AVAL,RIBL
AVAL,RICL
AVAL,RICR
AVAL,RID
AVAL,RIGR
AVAL,RIML
AVAL,RIMR
AVAL,RIS
AVAL,RMDVR
AVAL,RMEL
AVAL,RMEV
AVAL,RMGR
AVAL,SIADL
AVAL,SIAVL
AVAL,SIBVL
AVAL,SMBVR
AVAL,SMDVL
AVAL,SMDVR
AVAL,URXL
AVAL,VA12
AVAL,VA2
AVAL,VA8
AVAL,VB1
AVAL,VB7
AVAL,VD11
AVAL,VD4
AVAL,VD6
AVAL,VD7
AVAL,VD9
AVAR,AVBL
AVAR,AVDR
AVAR,AVEL
AVAR,AVER
AVAR,AVHR
AVAR,AVKL
AVAR,AWCL
AVAR,CANL
AVAR,CEPDL
AVAR,CEPDR
AVAR,CEPVL
AVAR,CEPVR
AVAR,DB4
AVAR,DD1
AVAR,DD2
AVAR,DD5
AVAR,FLPL
AVAR,HSNL
AVAR,HSNR
AVAR,I1R
AVAR,I2R
AVAR,I4
AVAR,IL1L
AVAR,IL2R
AVAR,M1
AVAR,NSML
AVAR,NSMR
AVAR,OLLR
AVAR,OLQVR
AVAR,PDA
AVAR,PDEL
AVAR,PDER
AVAR,PHAL
AVAR,PHCL
AVAR,PVCR
AVAR,PVNL
AVAR,PVQR
AVAR,PVR
AVAR,PVT
AVAR,PVWL
AVAR,RIBR
AVAR,RICR
AVAR,RID
AVAR,RIFL
AVAR,RIGL
AVAR,RIGR
AVAR,RIH
AVAR,RIML
AVAR,RIMR
AVAR,RIPR
AVAR,RIS
AVAR,RIVL
AVAR,RIVR
AVAR,RMDDR
AVAR,RMDL
AVAR,RMER
AVAR,SAADR
AVAR,SABVL
AVAR,SIBVR
AVAR,SMDVR
AVAR,URXL
AVAR,URXR
AVAR,URYDR
AVAR,URYVR
AVAR,VA12
AVAR,VA3
AVAR,VA8
AVAR,VB10
AVAR,VB9
AVAR,VD2
AVAR,VD3
AVAR,VD5
AVAR,VD8
AVAR,VD9
AVBL,AVBR
AVBL,AVDL
AVBL,AVEL
AVBL,AVER
AVBL,AVFL
AVBL,AVM
AVBL,AWCL
AVBL,CEPDL
AVBL,CEPDR
AVBL,CEPVL
AVBL,DB4
AVBL,DB6
AVBL,DB7
AVBL,DD2
AVBL,DD3
AVBL,DVA
AVBL,DVC
AVBL,FLPR
AVBL,HSNL
AVBL,HSNR
AVBL,I1R
AVBL,I2R
AVBL,IL1DR
AVBL,IL2L
AVBL,M2R
AVBL,M3L
AVBL,M3R
AVBL,MI
AVBL,NSML
AVBL,NSMR
AVBL,OLQVL
AVBL,PDA
AVBL,PDB
AVBL,PDER
AVBL,PHAR
AVBL,PVQL
AVBL,RIAR
AVBL,RIBR
AVBL,RICR
AVBL,RIML
AVBL,RIMR
AVBL,RIR
AVBL,RIS
AVBL,RMDDR
AVBL,RMDVR
AVBL,RMED
AVBL,RMEL
AVBL,RMER
AVBL,RMFL
AVBL,SAADR
AVBL,SAAVL
AVBL,SIADL
AVBL,SMDVL
AVBL,URYDL
AVBL,VA12
AVBL,VA6
AVBL,VA9
AVBL,VB10
AVBL,VB6
AVBL,VB7
AVBL,VB8
AVBL,VD13
AVBL,VD4
AVBL,VD6
AVBL,VD9
AVBR,AVG
AVBR,AVHL
AVBR,AVJR
AVBR,AVKL
AVBR,AVKR
AVBR,AVM
AVBR,CEPDL
AVBR,CEPDR
AVBR,DA4
AVBR,DA6
AVBR,DB1
AVBR,DD1
AVBR,DD6
AVBR,DVA
AVBR,DVC
AVBR,FLPR
AVBR,HSNL
AVBR,HSNR
AVBR,I1L
AVBR,I5
AVBR,IL1DL
AVBR,IL2R
AVBR,LUAL
AVBR,M1
AVBR,MCL
AVBR,MCR
AVBR,NSMR
AVBR,PDER
AVBR,PHCL
AVBR,PLMR
AVBR,PVCL
AVBR,PVCR
AVBR,PVDL
AVBR,PVQR
AVBR,PVT
AVBR,RIAL
AVBR,RIAR
AVBR,RICL
AVBR,RIGR
AVBR,RIH
AVBR,RIML
AVBR,RIMR
AVBR,RMDVL
AVBR,RMDVR
AVBR,RMEL
AVBR,RMGL
AVBR,SIADR
AVBR,SIBVR
AVBR,SMDDL
AVBR,URYDL
AVBR,URYVL
AVBR,VA11
AVBR,VA12
AVBR,VA5
AVBR,VB7
AVBR,VC1
AVBR,VC5
AVBR,VD1
AVBR,VD3
AVDL,AVEL
AVDL,AVHL
AVDL,AVHR
AVDL,AVJR
AVDL,CEPDL
AVDL,CEPVL
AVDL,DA8
AVDL,DD2
AVDL,DVA
AVDL,IL2DL
AVDL,IL2R
AVDL,M5
AVDL,NSMR
AVDL,PDER
AVDL,PLML
AVDL,PVNR
AVDL,PVQR
AVDL,RIAL
AVDL,RIAR
AVDL,RIBL
AVDL,RIML
AVDL,RIS
AVDL,SAADL
AVDL,SABD
AVDL,SABVR
AVDL,SIADL
AVDL,URYDR
AVDL,VA4
AVDL,VA5
AVDL,VB3
AVDL,VD13
AVDL,VD8
AVDR,AVFL
AVDR,AWBL
AVDR,BDUR
AVDR,CEPVL
AVDR,CEPVR
AVDR,DA2
AVDR,DB1
AVDR,DD1
AVDR,DD3
AVDR,DD4
AVDR,DVC
AVDR,FLPL
AVDR,HSNL
AVDR,HSNR
AVDR,I6
AVDR,IL2DR
AVDR,IL2VL
AVDR,NSML
AVDR,OLQDR
AVDR,PDEL
AVDR,PDER
AVDR,PLMR
AVDR,PVPR
AVDR,PVT
AVDR,RIAL
AVDR,RID
AVDR,RIFL
AVDR,RIML
AVDR,RIVL
AVDR,RMEL
AVDR,RMGL
AVDR,SAAVR
AVDR,SABD
AVDR,SIBDL
AVDR,SIBDR
AVDR,SMBVR
AVDR,URBL
AVDR,URXL
AVDR,URXR
AVDR,URYVL
AVDR,URYVR
AVDR,VB8
AVDR,VD1
AVDR,VD9
AVEL,AVKR
AVEL,AWAR
AVEL,CEPDL
AVEL,CEPDR
AVEL,DA1
AVEL,DD2
AVEL,DD3
AVEL,DVB
AVEL,DVC
AVEL,HSNL
AVEL,I2R
AVEL,M4
AVEL,NSML
AVEL,NSMR
AVEL,OLQDL
AVEL,PDEL
AVEL,PDER
AVEL,PHCL
AVEL,PVDL
AVEL,RIAR
AVEL,RICR
AVEL,RID
AVEL,RIFL
AVEL,RIGR
AVEL,RIH
AVEL,RIML
AVEL,RIMR
AVEL,RMDVR
AVEL,RMEL
AVEL,RMGL
AVEL,RMGR
AVEL,SABVL
AVEL,SABVR
AVEL,SIAVL
AVEL,SMBDL
AVEL,VA10
AVEL,VA8
AVEL,VB1
AVEL,VD1
AVEL,VD2
AVEL,VD3
AVER,AVFR
AVER,AVG
AVER,AVKL
AVER,AVM
AVER,AWBL
AVER,BDUL
AVER,CANR
AVER,CEPDL
AVER,CEPDR
AVER,CEPVL
AVER,CEPVR
AVER,DB7
AVER,FLPL
AVER,FLPR
AVER,HSNL
AVER,HSNR
AVER,I1L
AVER,I1R
AVER,IL1L
AVER,IL2L
AVER,IL2VR
AVER,NSML
AVER,NSMR
AVER,PDEL
AVER,PHBR
AVER,PVQL
AVER,PVT
AVER,RIBL
AVER,RICL
AVER,RIH
AVER,RIML
AVER,RIMR
AVER,RIPR
AVER,RIR
AVER,RIS
AVER,RIVL
AVER,RMDDR
AVER,RMED
AVER,RMEV
AVER,RMFR
AVER,SDQL
AVER,URYVR
AVER,VA12
AVER,VA6
AVER,VB11
AVER,VD3
AVFL,AVHR
AVFL,CEPDR
AVFL,CEPVR
AVFL,DA4
AVFL,FLPL
AVFL,IL2R
AVFL,IL2VR
AVFL,OLQVL
AVFL,OLQVR
AVFL,PDEL
AVFL,PDER
AVFL,PVPL
AVFL,RICR
AVFL,RIML
AVFL,RMDDL
AVFL,RMDDR
AVFL,VA1
AVFL,VA10
AVFL,VB10
AVFL,VB3
AVFL,VB9
AVFL,VD9
AVFR,AVJL
AVFR,CEPDL
AVFR,CEPDR
AVFR,CEPVL
AVFR,CEPVR
AVFR,IL1L
AVFR,NSMR
AVFR,PDER
AVFR,PHCL
AVFR,RIBL
AVFR,RICL
AVFR,RICR
AVFR,RIGL
AVFR,RIR
AVFR,RMDL
AVFR,RMFR
AVFR,URYDL
AVFR,VA1
AVFR,VA12
AVFR,VC5
AVFR,VD4
AVFR,VD5
AVFR,VD7
AVG,CEPDL
AVG,CEPDR
AVG,DVA
AVG,HSNR
AVG,I3
AVG,MCR
AVG,MI
AVG,PDER
AVG,RIMR
AVG,RIR
AVG,RMDR
AVG,SIAVL
AVG,SMDDR
AVG,URYDL
AVG,VD5
AVHL,AVJL
AVHL,AVL
AVHL,CEPDR
AVHL,CEPVL
AVHL,CEPVR
AVHL,PDER
AVHL,PLMR
AVHL,PQR
AVHL,RICL
AVHL,RICR
AVHL,RIGR
AVHL,RIMR
AVHL,RMEL
AVHL,RMHL
AVHL,SAAVR
AVHL,SIBVL
AVHL,SIBVR
AVHL,VA1
AVHL,VD7
AVHR,CEPDL
AVHR,CEPDR
AVHR,CEPVL
AVHR,DVA
AVHR,IL1VL
AVHR,NSML
AVHR,NSMR
AVHR,PDEL
AVHR,PDER
AVHR,PHBL
AVHR,PHCR
AVHR,RIML
AVHR,RIR
AVHR,RMGL
AVHR,VA7
AVHR,VD13
AVHR,VD4
AVHR,VD5
AVJL,AVKL
AVJL,AVL
AVJL,AWCR
AVJL,CEPDL
AVJL,CEPDR
AVJL,CEPVR
AVJL,DA9
AVJL,DVC
AVJL,I3
AVJL,IL1DR
AVJL,M1
AVJL,NSML
AVJL,OLLL
AVJL,OLLR
AVJL,PDA
AVJL,PDEL
AVJL,PDER
AVJL,PHBR
AVJL,PQR
AVJL,PVCR
AVJL,RIMR
AVJL,RIS
AVJL,RMDVL
AVJL,SABD
AVJL,SMBDR
AVJL,URBR
AVJL,URYDR
AVJL,VA6
AVJR,AWAR
AVJR,CEPDL
AVJR,CEPDR
AVJR,CEPVL
AVJR,CEPVR
AVJR,DA9
AVJR,DD4
AVJR,HSNL
AVJR,HSNR
AVJR,I1L
AVJR,I2L
AVJR,I6
AVJR,IL1L
AVJR,IL2DL
AVJR,M4
AVJR,NSMR
AVJR,PDEL
AVJR,PDER
AVJR,PVDR
AVJR,PVPR
AVJR,PVT
AVJR,RIBR
AVJR,RICR
AVJR,RIML
AVJR,RIS
AVJR,RIVL
AVJR,SMDDR
AVJR,VA1
AVJR,VA9
AVKL,CEPDR
AVKL,DA2
AVKL,DA5
AVKL,DA6
AVKL,DB2
AVKL,DB4
AVKL,IL1VR
AVKL,IL2DR
AVKL,M3L
AVKL,M5
AVKL,OLLR
AVKL,OLQVL
AVKL,PDEL
AVKL,PDER
AVKL,PLML
AVKL,PVCL
AVKL,RIBL
AVKL,RICR
AVKL,RIMR
AVKL,RMDDL
AVKL,SIADL
AVKL,SIAVR
AVKL,SMDDR
AVKL,VA7
AVKL,VA8
AVKL,VD1
AVKL,VD13
AVKL,VD2
AVKR,CEPDL
AVKR,CEPVL
AVKR,CEPVR
AVKR,DVA
AVKR,FLPR
AVKR,HSNR
AVKR,I2L
AVKR,IL1L
AVKR,M2R
AVKR,PDEL
AVKR,PHAR
AVKR,RICR
AVKR,RIML
AVKR,RIMR
AVKR,RIPL
AVKR,RIR
AVKR,RIS
AVKR,VA12
AVKR,VD3
AVL,CEPDL
AVL,CEPDR
AVL,CEPVR
AVL,DD3
AVL,DVC
AVL,FLPL
AVL,HSNR
AVL,M1
AVL,MCR
AVL,NSMR
AVL,OLQDR
AVL,PDER
AVL,PVCL
AVL,PVQR
AVL,PVT
AVL,RICL
AVL,RIML
AVL,RMDL
AVL,RMED
AVL,SMDVL
AVL,VB2
AVL,VC5
AVL,VD7
AVM,CEPDL
AVM,CEPDR
AVM,CEPVR
AVM,DA8
AVM,DD4
AVM,NSML
AVM,PDER
AVM,RIBR
AVM,RICL
AVM,RIML
AVM,RIMR
AVM,RMEV
AVM,SAAVR
AVM,SABD
AVM,SIBVL
AVM,SMBDR
AVM,VA10
AVM,VC3
AVM,VD5
AWAL,CEPDL
AWAL,CEPDR
AWAL,DVA
AWAL,OLLL
AWAL,PDEL
AWAL,RIBL
AWAL,RICR
AWAL,SDQR
AWAL,VB7
AWAR,CEPDR
AWAR,DVC
AWAR,HSNR
AWAR,M3L
AWAR,PDA
AWAR,PDEL
AWAR,PDER
AWAR,RIML
AWAR,RIMR
AWAR,SMBVR
AWAR,VB1
AWBL,CEPDL
AWBL,CEPVL
AWBL,CEPVR
AWBL,DD4
AWBL,IL1DL
AWBL,NSML
AWBL,PVCR
AWBL,PVQR
AWBL,RICR
AWBL,RIFR
AWBL,VD1
AWBL,VD13
AWBR,AWCL
AWBR,CANL
AWBR,CEPDL
AWBR,CEPDR
AWBR,CEPVL
AWBR,DD1
AWBR,PDEL
AWBR,PVCL
AWBR,PVNR
AWBR,RIAL
AWBR,RIBL
AWBR,RIBR
AWBR,RIMR
AWBR,RMGR
AWBR,URYDL
AWBR,VB1
AWBR,VD6
AWCL,CEPDL
AWCL,CEPVL
AWCL,DVB
AWCL,I1R
AWCL,PVDL
AWCL,PVPR
AWCL,RIS
AWCL,VA6
AWCL,VB6
AWCR,CEPDR
AWCR,CEPVL
AWCR,CEPVR
AWCR,DA6
AWCR,FLPR
AWCR,HSNR
AWCR,I2R
AWCR,NSML
AWCR,PVQR
AWCR,RICL
AWCR,VA8
BAGL,BAGR
BAGL,CEPVR
BAGL,HSNL
BAGL,HSNR
BAGL,M3L
BAGL,PDEL
BAGL,PVDR
BAGL,RIAR
BAGL,RID
BAGL,RIML
BAGL,RIS
BAGL,VA10
BAGL,VA9
BAGL,VC3
BAGR,DA4
BAGR,DB4
BAGR,DD1
BAGR,NSML
BAGR,PVNL
BAGR,RIFR
BAGR,RIMR
BAGR,RMDL
BAGR,URYDL
BDUL,DB2
BDUL,DD5
BDUL,PDEL
BDUL,PDER
BDUL,PLMR
BDUL,RIML
BDUL,URYDL
BDUR,CEPDR
BDUR,CEPVL
BDUR,DB4
BDUR,I3
BDUR,NSML
BDUR,OLQDR
BDUR,PDEL
BDUR,PVCL
BDUR,RIMR
BDUR,SMDVL
BDUR,VD10
CANL,NSMR
CANL,PVCL
CANL,RICR
CANL,RIH
CANL,RMEV
CANR,DA4
CANR,DD6
CANR,NSMR
CANR,PHAR
CANR,PVR
CEPDL,CEPDL
CEPDL,CEPDR
CEPDL,CEPVL
CEPDL,CEPVR
CEPDL,DA4
CEPDL,DA5
CEPDL,DB2
CEPDL,DB4
CEPDL,DB5
CEPDL,DD1
CEPDL,DD3
CEPDL,DD6
CEPDL,DVB
CEPDL,DVC
CEPDL,FLPR
CEPDL,HSNL
CEPDL,HSNR
CEPDL,I2L
CEPDL,I2R
CEPDL,I3
CEPDL,I6
CEPDL,IL1DL
CEPDL,IL1DR
CEPDL,IL1R
CEPDL,IL1VR
CEPDL,IL2DR
CEPDL,IL2L
CEPDL,IL2R
CEPDL,IL2VL
CEPDL,IL2VR
CEPDL,M1
CEPDL,M2L
CEPDL,M3L
CEPDL,M5
CEPDL,NSML
CEPDL,NSMR
CEPDL,OLLL
CEPDL,OLLR
CEPDL,OLQDL
CEPDL,OLQVL
CEPDL,PDEL
CEPDL,PDER
CEPDL,PHAL
CEPDL,PHBL
CEPDL,PHCR
CEPDL,PLMR
CEPDL,PVCR
CEPDL,PVNL
CEPDL,PVNR
CEPDL,PVPL
CEPDL,PVWL
CEPDL,PVWR
CEPDL,RIAL
CEPDL,RIAR
CEPDL,RIBL
CEPDL,RICL
CEPDL,RIFL
CEPDL,RIFR
CEPDL,RIML
CEPDL,RIMR
CEPDL,RIPL
CEPDL,RIPR
CEPDL,RIR
CEPDL,RIS
CEPDL,RMDDL
CEPDL,RMDDR
CEPDL,RMDL
CEPDL,RMDVR
CEPDL,RMEL
CEPDL,RMER
CEPDL,RMFL
CEPDL,SAAVR
CEPDL,SABVR
CEPDL,SDQL
CEPDL,SDQR
CEPDL,SIAVL
CEPDL,SIAVR
CEPDL,SIBDL
CEPDL,SIBDR
CEPDL,SIBVR
CEPDL,SMDDR
CEPDL,SMDVL
CEPDL,URBL
CEPDL,URXL
CEPDL,URYDL
CEPDL,URYVR
CEPDL,VA10
CEPDL,VA11
CEPDL,VA12
CEPDL,VA2
CEPDL,VA3
CEPDL,VA4
CEPDL,VA5
CEPDL,VA6
CEPDL,VA7
CEPDL,VA8
CEPDL,VB1
CEPDL,VB10
CEPDL,VB5
CEPDL,VB6
CEPDL,VB7
CEPDL,VB9
CEPDL,VC3
CEPDL,VC5
CEPDL,VD1
CEPDL,VD10
CEPDL,VD4
CEPDL,VD5
CEPDL,VD6
CEPDL,VD8
CEPDR,CEPVL
CEPDR,CEPVR
CEPDR,DA2
CEPDR,DA3
CEPDR,DA4
CEPDR,DA5
CEPDR,DA7
CEPDR,DA9
CEPDR,DB1
CEPDR,DB2
CEPDR,DB3
CEPDR,DB5
CEPDR,DD1
CEPDR,DD2
CEPDR,DD3
CEPDR,DVA
CEPDR,DVC
CEPDR,FLPL
CEPDR,FLPR
CEPDR,HSNR
CEPDR,I2L
CEPDR,I5
CEPDR,I6
CEPDR,IL2DL
CEPDR,IL2L
CEPDR,LUAL
CEPDR,LUAR
CEPDR,M2R
CEPDR,M3R
CEPDR,MCL
CEPDR,MCR
CEPDR,NSML
CEPDR,NSMR
CEPDR,PDA
CEPDR,PDEL
CEPDR,PDER
CEPDR,PHAL
CEPDR,PHAR
CEPDR,PHBL
CEPDR,PLML
CEPDR,PLNL
CEPDR,PVPR
CEPDR,PVQL
CEPDR,PVQR
CEPDR,PVR
CEPDR,RIAL
CEPDR,RIAR
CEPDR,RIBL
CEPDR,RIBR
CEPDR,RICL
CEPDR,RICR
CEPDR,RID
CEPDR,RIH
CEPDR,RIML
CEPDR,RIMR
CEPDR,RIVL
CEPDR,RMDDL
CEPDR,RMDDR
CEPDR,RMDR
CEPDR,RMDVR
CEPDR,RMED
CEPDR,RMEL
CEPDR,RMER
CEPDR,RMEV
CEPDR,RMFL
CEPDR,RMGL
CEPDR,RMGR
CEPDR,RMHL
CEPDR,RMHR
CEPDR,SAADR
CEPDR,SABD
CEPDR,SABVL
CEPDR,SABVR
CEPDR,SDQR
CEPDR,SIADL
CEPDR,SIADR
CEPDR,SIAVL
CEPDR,SIBDR
CEPDR,SMBDL
CEPDR,SMBDR
CEPDR,SMDDL
CEPDR,SMDDR
CEPDR,SMDVR
CEPDR,URADR
CEPDR,URAVL
CEPDR,URAVR
CEPDR,URXL
CEPDR,URXR
CEPDR,URYDL
CEPDR,URYVL
CEPDR,URYVR
CEPDR,VA3
CEPDR,VA6
CEPDR,VA7
CEPDR,VA8
CEPDR,VB1
CEPDR,VB11
CEPDR,VB2
CEPDR,VB3
CEPDR,VB4
CEPDR,VB8
CEPDR,VC2
CEPDR,VC4
CEPDR,VC5
CEPDR,VD1
CEPDR,VD11
CEPDR,VD12
CEPDR,VD5
CEPDR,VD6
CEPDR,VD8
CEPVL,CEPVR
CEPVL,DA1
CEPVL,DA2
CEPVL,DA5
CEPVL,DA8
CEPVL,DA9
CEPVL,DB1
CEPVL,DB2
CEPVL,DB3
CEPVL,DB4
CEPVL,DB7
CEPVL,DD1
CEPVL,DD2
CEPVL,DD6
CEPVL,FLPR
CEPVL,HSNL
CEPVL,HSNR
CEPVL,I1R
CEPVL,I3
CEPVL,I4
CEPVL,IL1DL
CEPVL,IL1L
CEPVL,IL2L
CEPVL,IL2VR
CEPVL,LUAL
CEPVL,M1
CEPVL,M2L
CEPVL,M2R
CEPVL,M3L
CEPVL,M3R
CEPVL,MI
CEPVL,NSML
CEPVL,NSMR
CEPVL,OLLR
CEPVL,OLQDL
CEPVL,PDEL
CEPVL,PDER
CEPVL,PHBR
CEPVL,PHCR
CEPVL,PLML
CEPVL,PLMR
CEPVL,PVCL
CEPVL,PVCR
CEPVL,PVDR
CEPVL,PVNL
CEPVL,PVPL
CEPVL,PVPR
CEPVL,PVQL
CEPVL,PVQR
CEPVL,PVR
CEPVL,RIAL
CEPVL,RIAR
CEPVL,RIBL
CEPVL,RIBR
CEPVL,RICL
CEPVL,RICR
CEPVL,RID
CEPVL,RIFL
CEPVL,RIGL
CEPVL,RIH
CEPVL,RIML
CEPVL,RIMR
CEPVL,RIPL
CEPVL,RIPR
CEPVL,RIR
CEPVL,RIS
CEPVL,RIVL
CEPVL,RMDVL
CEPVL,RMDVR
CEPVL,RMER
CEPVL,RMFL
CEPVL,RMGL
CEPVL,RMGR
CEPVL,RMHL
CEPVL,SAADR
CEPVL,SAAVL
CEPVL,SAAVR
CEPVL,SABD
CEPVL,SDQR
CEPVL,SIADR
CEPVL,SIAVR
CEPVL,SIBDL
CEPVL,SIBVR
CEPVL,SMBDR
CEPVL,SMBVR
CEPVL,SMDVL
CEPVL,SMDVR
CEPVL,URBL
CEPVL,URBR
CEPVL,URXR
CEPVL,URYDL
CEPVL,URYDR
CEPVL,URYVL
CEPVL,VA1
CEPVL,VA11
CEPVL,VA2
CEPVL,VA3
CEPVL,VA7
CEPVL,VA9
CEPVL,VB1
CEPVL,VB10
CEPVL,VB7
CEPVL,VB9
CEPVL,VC3
CEPVL,VC4
CEPVL,VC5
CEPVL,VD1
CEPVL,VD10
CEPVL,VD13
CEPVL,VD2
CEPVL,VD3
CEPVL,VD7
CEPVL,VD8
CEPVR,DA2
CEPVR,DA4
CEPVR,DB2
CEPVR,DB3
CEPVR,DB4
CEPVR,DB7
CEPVR,DD2
CEPVR,DD3
CEPVR,DVA
CEPVR,DVC
CEPVR,FLPL
CEPVR,FLPR
CEPVR,HSNL
CEPVR,I1L
CEPVR,I2R
CEPVR,I3
CEPVR,I5
CEPVR,I6
CEPVR,IL1DL
CEPVR,IL1DR
CEPVR,IL1VL
CEPVR,LUAL
CEPVR,M2R
CEPVR,M3L
CEPVR,MI
CEPVR,NSML
CEPVR,NSMR
CEPVR,OLLL
CEPVR,OLLR
CEPVR,OLQDL
CEPVR,OLQDR
CEPVR,OLQVL
CEPVR,OLQVR
CEPVR,PDA
CEPVR,PDEL
CEPVR,PDER
CEPVR,PHBR
CEPVR,PHCR
CEPVR,PLMR
CEPVR,PLNR
CEPVR,PQR
CEPVR,PVCL
CEPVR,PVCR
CEPVR,PVM
CEPVR,PVNL
CEPVR,PVNR
CEPVR,PVQL
CEPVR,PVQR
CEPVR,PVR
CEPVR,PVWL
CEPVR,PVWR
CEPVR,RIAL
CEPVR,RIAR
CEPVR,RIBL
CEPVR,RIBR
CEPVR,RICL
CEPVR,RICR
CEPVR,RID
CEPVR,RIGL
CEPVR,RIGR
CEPVR,RIML
CEPVR,RIMR
CEPVR,RIPR
CEPVR,RIR
CEPVR,RIS
CEPVR,RIVR
CEPVR,RMDDL
CEPVR,RMDL
CEPVR,RMDR
CEPVR,RMDVL
CEPVR,RMDVR
CEPVR,RMEV
CEPVR,RMFL
CEPVR,RMFR
CEPVR,RMGR
CEPVR,RMHR
CEPVR,SAAVL
CEPVR,SAAVR
CEPVR,SABVL
CEPVR,SDQL
CEPVR,SIADL
CEPVR,SIBVR
CEPVR,SMBDR
CEPVR,SMBVR
CEPVR,SMDDL
CEPVR,SMDDR
CEPVR,SMDVL
CEPVR,URADL
CEPVR,URADR
CEPVR,URAVL
CEPVR,URAVR
CEPVR,URBR
CEPVR,URXL
CEPVR,URXR
CEPVR,URYDR
CEPVR,URYVL
CEPVR,VA1
CEPVR,VA11
CEPVR,VA3
CEPVR,VB2
CEPVR,VB3
CEPVR,VB5
CEPVR,VB7
CEPVR,VB9
CEPVR,VC1
CEPVR,VC4
CEPVR,VD11
CEPVR,VD12
CEPVR,VD4
CEPVR,VD5
CEPVR,VD6
CEPVR,VD7
CEPVR,VD8
CEPVR,VD9
DA1,DVA
DA1,HSNR
DA1,IL2DL
DA1,MCR
DA1,NSML
DA1,NSMR
DA1,PVCL
DA1,PVNL
DA1,RIBL
DA1,RID
DA1,RIFR
DA1,RMDDL
DA1,VA12
DA2,I3
DA2,M3L
DA2,NSML
DA2,PVQR
DA2,RIBR
DA2,RMDR
DA2,RMED
DA2,SIAVR
DA2,SMDDL
DA2,URXR
DA2,VD13
DA2,VD2
DA2,VD6
DA3,DVA
DA3,FLPL
DA3,FLPR
DA3,HSNR
DA3,IL1R
DA3,NSML
DA3,PDEL
DA3,PVCL
DA3,RIBR
DA3,RIML
DA3,RMGR
DA3,SABD
DA3,VA1
DA3,VA9
DA3,VB10
DA3,VD6
DA4,DD2
DA4,DD3
DA4,I6
DA4,NSMR
DA4,PDEL
DA4,RIBL
DA4,RICR
DA4,VD12
DA5,DB1
DA5,DB3
DA5,I6
DA5,IL1VR
DA5,M2R
DA5,PDEL
DA5,PDER
DA5,RMED
DA5,RMHL
DA5,VA1
DA5,VA4
DA5,VB2
DA6,HSNL
DA6,HSNR
DA6,NSMR
DA6,PDEL
DA6,PLNR
DA6,RIBR
DA6,RIPL
DA6,RMDR
DA6,VC2
DA7,IL2VL
DA7,NSML
DA7,RIAR
DA7,RICR
DA7,RIMR
DA7,RIPL
DA7,RMDL
DA8,I1L
DA8,NSML
DA8,PDEL
DA8,PDER
DA8,PVCR
DA8,RIAL
DA8,RIBL
DA8,RIBR
DA8,VD5
DA9,DD5
DA9,HSNR
DA9,I1L
DA9,NSMR
DA9,PDEL
DA9,PDER
DA9,PQR
DA9,PVQL
DA9,PVQR
DA9,RIBL
DA9,RIMR
DA9,RMER
DA9,VA2
DA9,VD4
DB1,DVA
DB1,DVC
DB1,HSNR
DB1,I5
DB1,PDEL
DB1,RIAR
DB1,RIGL
DB1,RMER
DB1,SMDVL
DB1,VA3
DB1,VA7
DB1,VA9
DB1,VD6
DB2,DB7
DB2,I2L
DB2,NSMR
DB2,PDB
DB2,PDER
DB2,RIMR
DB2,SMBDR
DB2,URBL
DB2,URBR
DB2,URXR
DB2,URYVR
DB3,DB5
DB3,DB6
DB3,DVA
DB3,HSNL
DB3,PDA
DB3,PDEL
DB3,PVCL
DB3,RICR
DB3,RIGL
DB3,RIML
DB3,RMDVR
DB3,RMGL
DB3,URYVR
DB3,VB1
DB3,VB4
DB3,VD12
DB3,VD3
DB4,DVA
DB4,DVC
DB4,NSMR
DB4,PLNL
DB4,PVCL
DB4,PVT
DB4,RIAL
DB4,RMEV
DB4,SABD
DB5,DD2
DB5,I6
DB5,NSML
DB5,PDEL
DB5,PDER
DB5,PVQR
DB5,RIML
DB5,RIMR
DB5,SIBVL
DB5,VA4
DB6,PDEL
DB6,PHBR
DB6,RIML
DB6,RMFR
DB6,RMGR
DB6,SIADL
DB6,VC3
DB7,I1L
DB7,I4
DB7,PVDR
DB7,PVQL
DB7,RIBL
DB7,RIML
DB7,URBR
DD1,HSNL
DD1,HSNR
DD1,IL2DL
DD1,M2R
DD1,OLQDR
DD1,PDER
DD1,PHCR
DD1,PVDL
DD1,RIAR
DD1,RICL
DD1,RID
DD1,RIH
DD1,RIMR
DD1,RMDVR
DD1,RMEV
DD1,SIAVL
DD1,SIAVR
DD1,URYDR
DD1,VB10
DD2,DVC
DD2,HSNL
DD2,HSNR
DD2,IL1DL
DD2,NSML
DD2,PDEL
DD2,PVCL
DD2,PVCR
DD2,RIBL
DD2,RIGL
DD2,RIML
DD2,RIMR
DD2,RMDVL
DD2,RMHR
DD2,URAVR
DD2,URYVR
DD2,VA4
DD2,VB11
DD2,VB8
DD2,VD13
DD2,VD7
DD3,DVA
DD3,HSNL
DD3,HSNR
DD3,I3
DD3,LUAR
DD3,NSML
DD3,PDEL
DD3,PDER
DD3,PVNL
DD3,PVT
DD3,RIFL
DD3,RIML
DD3,RIMR
DD3,SABD
DD3,SIAVR
DD3,URAVR
DD3,VD2
DD3,VD4
DD4,HSNR
DD4,I3
DD4,NSMR
DD4,OLQDR
DD4,OLQVL
DD4,PDEL
DD4,PHBR
DD4,PVR
DD4,RIML
DD4,RIMR
DD4,RMDDL
DD4,RMEV
DD4,SAADL
DD4,VA9
DD5,IL2DL
DD5,M5
DD5,NSML
DD5,NSMR
DD5,PDER
DD5,PVCR
DD5,RICL
DD5,RIFR
DD5,RIML
DD5,SAAVL
DD5,SIADR
DD5,URYVL
DD5,VA1
DD5,VA3
DD6,I1L
DD6,IL1DR
DD6,NSMR
DD6,PHCR
DD6,PVCL
DD6,PVPL
DD6,RIFL
DD6,RIML
DD6,RMDVR
DD6,URAVR
DD6,URBR
DD6,VA12
DD6,VC2
DVA,HSNL
DVA,HSNR
DVA,I1L
DVA,I4
DVA,IL1DR
DVA,IL1VL
DVA,PDEL
DVA,PDER
DVA,RIBR
DVA,RIFR
DVA,RIGL
DVA,RIGR
DVA,RIML
DVA,RIMR
DVA,RMDR
DVA,RMED
DVA,RMEV
DVA,SAADR
DVA,SAAVR
DVA,SMBVL
DVA,VA11
DVA,VA12
DVA,VA8
DVA,VB10
DVA,VB6
DVA,VC2
DVA,VD10
DVA,VD2
DVA,VD8
DVB,PDEL
DVB,RICL
DVB,RIMR
DVB,VD10
DVC,HSNL
DVC,I2L
DVC,IL2R
DVC,NSML
DVC,RICL
DVC,RIH
DVC,RIMR
DVC,RMDDR
DVC,SMBDL
DVC,SMDVR
DVC,URYVL
DVC,VA12
DVC,VA8
DVC,VB4
DVC,VD4
FLPL,HSNL
FLPL,IL2VL
FLPL,NSML
FLPL,PDEL
FLPL,PDER
FLPL,RIML
FLPL,RMHR
FLPL,URADR
FLPL,URXR
FLPR,HSNR
FLPR,I2L
FLPR,PDA
FLPR,RIMR
FLPR,RMER
FLPR,VA12
FLPR,VA5
FLPR,VA8
FLPR,VD10
HSNL,HSNR
HSNL,I1R
HSNL,I2R
HSNL,I5
HSNL,IL2DL
HSNL,IL2DR
HSNL,IL2R
HSNL,IL2VL
HSNL,LUAL
HSNL,M2L
HSNL,M5
HSNL,MCL
HSNL,NSML
HSNL,NSMR
HSNL,OLLL
HSNL,PDEL
HSNL,PDER
HSNL,PHAL
HSNL,PHAR
HSNL,PHCR
HSNL,PLML
HSNL,PLNL
HSNL,PQR
HSNL,PVCL
HSNL,PVCR
HSNL,PVQL
HSNL,PVQR
HSNL,PVR
HSNL,PVT
HSNL,RIAL
HSNL,RIAR
HSNL,RICL
HSNL,RICR
HSNL,RID
HSNL,RIFL
HSNL,RIGL
HSNL,RIH
HSNL,RIML
HSNL,RIMR
HSNL,RIPR
HSNL,RMDDL
HSNL,RMDL
HSNL,RMDR
HSNL,RMEL
HSNL,RMEV
HSNL,RMHL
HSNL,SABVR
HSNL,SIBVR
HSNL,SMDDR
HSNL,SMDVR
HSNL,URYVR
HSNL,VA10
HSNL,VA12
HSNL,VA2
HSNL,VA3
HSNL,VA7
HSNL,VA9
HSNL,VB1
HSNL,VB10
HSNL,VB11
HSNL,VB2
HSNL,VB6
HSNL,VB9
HSNL,VC2
HSNL,VC5
HSNL,VD1
HSNL,VD11
HSNL,VD12
HSNL,VD13
HSNL,VD3
HSNL,VD5
HSNL,VD8
HSNR,I1L
HSNR,I1R
HSNR,I3
HSNR,I6
HSNR,IL1DL
HSNR,IL1DR
HSNR,IL1L
HSNR,IL1R
HSNR,IL2R
HSNR,LUAL
HSNR,LUAR
HSNR,MCL
HSNR,MI
HSNR,NSML
HSNR,NSMR
HSNR,OLQDL
HSNR,OLQVL
HSNR,PDEL
HSNR,PDER
HSNR,PHBR
HSNR,PHCL
HSNR,PVCL
HSNR,PVCR
HSNR,PVDL
HSNR,PVDR
HSNR,PVNR
HSNR,PVQL
HSNR,PVQR
HSNR,PVR
HSNR,PVT
HSNR,RIAL
HSNR,RIAR
HSNR,RICL
HSNR,RIGL
HSNR,RIGR
HSNR,RIML
HSNR,RIS
HSNR,RMDDL
HSNR,RMDDR
HSNR,RMDR
HSNR,RMEV
HSNR,SAADL
HSNR,SAADR
HSNR,SIBVL
HSNR,SMBDL
HSNR,SMDDR
HSNR,SMDVR
HSNR,URXR
HSNR,URYDL
HSNR,URYVR
HSNR,VA1
HSNR,VA11
HSNR,VA9
HSNR,VB11
HSNR,VB2
HSNR,VB4
HSNR,VB7
HSNR,VB8
HSNR,VC4
HSNR,VD1
HSNR,VD10
HSNR,VD2
HSNR,VD3
HSNR,VD4
I1L,IL2VR
I1L,NSMR
I1L,OLQVR
I1L,PDEL
I1L,PDER
I1L,RMDL
I1L,VA12
I1L,VA4
I1L,VA5
I1L,VB1
I1R,IL2DL
I1R,IL2DR
I1R,LUAR
I1R,PDER
I1R,RIML
I1R,RMEV
I1R,SDQR
I1R,SMBDR
I1R,URADL
I1R,VC2
I1R,VD2
I1R,VD5
I2L,MCR
I2L,PDER
I2L,PVCL
I2L,PVQR
I2L,RIBR
I2L,RIMR
I2L,VA4
I2L,VB9
I2L,VD9
I2R,IL1VR
I2R,OLLR
I2R,PVPR
I2R,RIBR
I2R,RICL
I2R,RIMR
I2R,VC1
I3,PDEL
I3,PDER
I3,RICL
I3,RIFL
I3,SAAVL
I3,SIBDR
I3,VA9
I4,IL2DR
I4,MCL
I4,SIAVR
I4,SMDDR
I4,URYVR
I4,VB6
I4,VB9
I5,NSMR
I5,PDEL
I5,RIBL
I5,VD2
I6,M1
I6,NSMR
I6,PHCL
I6,RIMR
IL1DL,NSML
IL1DL,PDEL
IL1DL,PDER
IL1DL,PLNL
IL1DL,RICR
IL1DL,RID
IL1DL,URXR
IL1DR,LUAL
IL1DR,NSMR
IL1DR,RIH
IL1L,PDER
IL1L,RIBR
IL1L,RIVR
IL1L,VD4
IL1R,M1
IL1R,PDEL
IL1R,PDER
IL1R,PVDR
IL1R,RIFR
IL1R,RIML
IL1R,URYDR
IL1R,VD2
IL1R,VD6
IL1VL,PVCL
IL1VL,RICL
IL1VL,RICR
IL1VL,VB4
IL1VL,VB5
IL1VL,VC3
IL1VL,VD5
IL1VR,MCR
IL1VR,PDEL
IL1VR,PVCL
IL1VR,RICL
IL1VR,RIFL
IL1VR,RIMR
IL1VR,RMEV
IL1VR,VB5
IL1VR,VD6
IL2DL,NSMR
IL2DL,OLQVL
IL2DL,PDER
IL2DL,VB3
IL2DL,VD6
IL2DR,M1
IL2DR,M5
IL2DR,PHCL
IL2DR,RMHR
IL2DR,SIBDL
IL2DR,VD12
IL2DR,VD6
IL2L,IL2R
IL2L,NSMR
IL2L,OLQDL
IL2L,PDER
IL2L,PVT
IL2L,RMDDR
IL2L,RMER
IL2L,SABVL
IL2L,SIBDR
IL2L,SIBVR
IL2L,VC3
IL2L,VD4
IL2R,PDER
IL2R,PQR
IL2R,PVCR
IL2R,PVPL
IL2R,RIAL
IL2R,RIMR
IL2R,VA5
IL2VL,LUAR
IL2VL,NSML
IL2VL,PDER
IL2VL,PVNR
IL2VL,RIML
IL2VL,RIPR
IL2VL,URADR
IL2VL,VA4
IL2VL,VA8
IL2VR,PVQR
IL2VR,RIBL
IL2VR,RICR
IL2VR,RIMR
IL2VR,VB2
IL2VR,VD9
LUAL,NSML
LUAL,NSMR
LUAL,OLQDL
LUAL,RIBR
LUAL,RIML
LUAL,VB3
LUAR,PDEL
LUAR,PVQR
LUAR,RIAL
LUAR,VD6
M1,NSML
M1,OLQVR
M1,PDEL
M1,PVCL
M1,RIML
M1,RMDL
M1,URYVR
M1,VB3
M1,VD4
M2L,NSML
M2L,OLLL
M2L,PDEL
M2L,PDER
M2L,PLMR
M2L,PVPL
M2L,RICL
M2L,RIML
M2L,RIS
M2L,URYVL
M2R,M3L
M2R,NSML
M2R,PLML
M2R,RIML
M2R,RIS
M2R,RMFL
M3L,PLML
M3L,RIAR
M3L,RIBR
M3L,RIML
M3L,SDQL
M3L,SIBVL
M3L,VA4
M3R,OLLL
M3R,PDA
M3R,PDEL
M3R,PDER
M3R,RICR
M3R,RIML
M3R,RIMR
M3R,RIS
M3R,RMDR
M3R,RMDVR
M3R,VD1
M3R,VD10
M3R,VD3
M4,OLQDR
M4,PDEL
M4,PDER
M4,PVCR
M4,PVNR
M4,PVWL
M4,RIH
M4,RIMR
M4,SDQR
M4,URYVR
M4,VD11
M5,NSML
M5,PDEL
M5,PDER
M5,PVCL
M5,RIAL
M5,VD5
MCL,OLQDR
MCL,PHBL
MCL,PLML
MCL,PVCR
MCL,PVM
MCL,RIML
MCL,RIMR
MCL,SMDDL
MCL,URYVL
MCL,VA5
MCL,VD1
MCL,VD5
MCR,NSMR
MCR,PDEL
MCR,PVPL
MCR,PVT
MCR,RIMR
MCR,RMDVR
MCR,VD3
MI,NSMR
MI,PDEL
MI,PVCL
MI,RICL
MI,RMDVL
MI,VB9
NSML,NSMR
NSML,PDA
NSML,PDEL
NSML,PDER
NSML,PLNL
NSML,PVCL
NSML,PVCR
NSML,PVDL
NSML,PVPR
NSML,PVT
NSML,RIAL
NSML,RIAR
NSML,RIBL
NSML,RIBR
NSML,RICL
NSML,RICR
NSML,RIH
NSML,RIML
NSML,RIMR
NSML,RIR
NSML,RIS
NSML,RMDDL
NSML,RMDDR
NSML,RMDL
NSML,RMDVR
NSML,RMED
NSML,RMGL
NSML,SABD
NSML,SABVL
NSML,SDQL
NSML,SIAVL
NSML,SIBDR
NSML,SIBVR
NSML,SMBVL
NSML,SMDDR
NSML,URXR
NSML,URYVL
NSML,URYVR
NSML,VA12
NSML,VA8
NSML,VB3
NSML,VB8
NSML,VB9
NSML,VC2
NSML,VD10
NSML,VD3
NSML,VD4
NSML,VD5
NSMR,OLLL
NSMR,PDA
NSMR,PDEL
NSMR,PDER
NSMR,PHAL
NSMR,PVCR
NSMR,PVDR
NSMR,PVPR
NSMR,PVQR
NSMR,PVT
NSMR,RIAL
NSMR,RIAR
NSMR,RIBL
NSMR,RICL
NSMR,RICR
NSMR,RIH
NSMR,RIML
NSMR,RIMR
NSMR,RIR
NSMR,RMDDR
NSMR,RMDR
NSMR,RMDVL
NSMR,RMER
NSMR,RMFL
NSMR,RMFR
NSMR,RMGL
NSMR,RMHR
NSMR,SAAVL
NSMR,SABVL
NSMR,SMDVL
NSMR,URAVL
NSMR,URBL
NSMR,URBR
NSMR,URYVL
NSMR,VA4
NSMR,VA5
NSMR,VA7
NSMR,VB6
NSMR,VB7
NSMR,VB9
NSMR,VC2
NSMR,VC3
NSMR,VD1
NSMR,VD12
NSMR,VD13
NSMR,VD4
OLLL,PDEL
OLLL,PDER
OLLL,PLMR
OLLL,RIML
OLLL,RIMR
OLLL,RMDVL
OLLL,RMGR
OLLL,SDQR
OLLL,VA10
OLLL,VD5
OLLR,PDER
OLLR,PVCR
OLLR,PVT
OLLR,RICR
OLLR,RIGL
OLLR,RIML
OLLR,RMDDR
OLLR,RMDVL
OLLR,SAAVR
OLLR,SDQL
OLLR,SIADL
OLLR,URYDR
OLLR,URYVL
OLLR,VC2
OLQDL,PDER
OLQDL,RIMR
OLQDL,RMEV
OLQDL,VA5
OLQDR,PDER
OLQDR,RIBL
OLQDR,RICR
OLQDR,RIML
OLQDR,VA10
OLQVL,PDEL
OLQVL,RIBR
OLQVL,RIML
OLQVL,RIMR
OLQVL,RMDR
OLQVL,VA11
OLQVL,VD8
OLQVR,PDEL
OLQVR,PVCR
OLQVR,RIAR
OLQVR,RIBR
OLQVR,RIS
OLQVR,RMFR
OLQVR,VB6
PDA,PDEL
PDA,RIML
PDA,SIAVL
PDA,VB9
PDB,RMDVL
PDEL,PDER
PDEL,PHAL
PDEL,PHBR
PDEL,PHCL
PDEL,PHCR
PDEL,PLMR
PDEL,PLNL
PDEL,PQR
PDEL,PVCR
PDEL,PVM
PDEL,PVNL
PDEL,RIAL
PDEL,RIAR
PDEL,RIBR
PDEL,RICL
PDEL,RICR
PDEL,RID
PDEL,RIGL
PDEL,RIGR
PDEL,RIH
PDEL,RIML
PDEL,RIMR
PDEL,RIVL
PDEL,RMDDL
PDEL,RMDDR
PDEL,RMDL
PDEL,RMED
PDEL,RMEL
PDEL,RMGL
PDEL,RMHL
PDEL,RMHR
PDEL,SAAVL
PDEL,SIAVR
PDEL,SIBDL
PDEL,SIBVL
PDEL,SIBVR
PDEL,SMBDL
PDEL,SMDDL
PDEL,SMDVL
PDEL,URBR
PDEL,URXR
PDEL,URYDL
PDEL,URYDR
PDEL,URYVL
PDEL,VA2
PDEL,VA3
PDEL,VA6
PDEL,VA7
PDEL,VA9
PDEL,VB1
PDEL,VB3
PDEL,VB4
PDEL,VB5
PDEL,VB7
PDEL,VB8
PDEL,VC2
PDEL,VC3
PDEL,VD11
PDEL,VD13
PDEL,VD2
PDEL,VD3
PDEL,VD5
PDEL,VD6
PDEL,VD7
PDEL,VD9
PDER,PHBL
PDER,PHCR
PDER,PLMR
PDER,PLNL
PDER,PLNR
PDER,PVCL
PDER,PVCR
PDER,PVDR
PDER,PVPL
PDER,PVQL
PDER,PVR
PDER,PVT
PDER,RIAL
PDER,RIBL
PDER,RICL
PDER,RICR
PDER,RID
PDER,RIFL
PDER,RIGL
PDER,RIGR
PDER,RIH
PDER,RIML
PDER,RIMR
PDER,RIPR
PDER,RIVL
PDER,RMDDL
PDER,RMDVL
PDER,RMDVR
PDER,RMED
PDER,RMEL
PDER,RMER
PDER,RMFL
PDER,RMFR
PDER,RMGL
PDER,RMGR
PDER,SAADL
PDER,SAADR
PDER,SABD
PDER,SDQL
PDER,SDQR
PDER,SIADR
PDER,SIAVR
PDER,SIBDR
PDER,SMBDL
PDER,SMBDR
PDER,SMBVL
PDER,SMBVR
PDER,SMDDL
PDER,SMDDR
PDER,URAVL
PDER,URBL
PDER,URXL
PDER,URYDR
PDER,URYVL
PDER,URYVR
PDER,VA10
PDER,VA4
PDER,VA5
PDER,VA7
PDER,VA8
PDER,VB1
PDER,VB5
PDER,VB6
PDER,VB7
PDER,VB8
PDER,VC3
PDER,VD10
PDER,VD13
PDER,VD4
PDER,VD7
PDER,VD8
PDER,VD9
PHAL,RIBR
PHAR,PVPL
PHAR,RIML
PHAR,RIMR
PHBL,PVPR
PHBL,RIML
PHBL,RIMR
PHBL,RMGR
PHBL,SMBVR
PHBR,PHCR
PHBR,PVNR
PHBR,RIR
PHBR,SDQL
PHCL,PVCL
PHCL,RIPL
PHCL,RIPR
PHCL,RIR
PHCL,RMDL
PHCL,RMEV
PHCL,SIADL
PHCL,VB8
PHCR,PVNL
PHCR,RIAR
PHCR,VA3
PHCR,VD7
PLML,PVDR
PLML,RMDDL
PLML,VD5
PLMR,PVCR
PLMR,RIFR
PLMR,RIML
PLMR,RIMR
PLMR,RIS
PLMR,VB10
PLNL,SIADL
PLNL,VB1
PLNR,PVNL
PLNR,RIBL
PLNR,RIML
PLNR,RIMR
PQR,RIBR
PQR,RIML
PQR,RMDVL
PQR,RMGR
PQR,URADL
PQR,VA2
PVCL,PVCR
PVCL,PVQL
PVCL,PVT
PVCL,RIAL
PVCL,RICL
PVCL,RIML
PVCL,RIMR
PVCL,RIPR
PVCL,RIVR
PVCL,RMDDL
PVCL,RMDVR
PVCL,RMGR
PVCL,RMHR
PVCL,SAAVL
PVCL,SIAVR
PVCL,SMBDR
PVCL,VA11
PVCL,VB1
PVCL,VC3
PVCL,VD13
PVCL,VD4
PVCL,VD5
PVCR,PVPL
PVCR,PVT
PVCR,RIBL
PVCR,RIBR
PVCR,RICL
PVCR,RICR
PVCR,RIGL
PVCR,RIML
PVCR,RIMR
PVCR,RMDDL
PVCR,RMDVL
PVCR,RMER
PVCR,SAAVL
PVCR,SABVL
PVCR,SIBDR
PVCR,SIBVR
PVCR,SMDDL
PVCR,URYVR
PVCR,VB1
PVCR,VB11
PVCR,VB2
PVCR,VB6
PVCR,VD2
PVDL,PVQR
PVDL,RIBR
PVDL,RIS
PVDL,RMDR
PVDL,SAAVL
PVDL,URYDL
PVDL,VB2
PVDL,VD12
PVDL,VD6
PVDR,RID
PVDR,RIMR
PVDR,SIBVL
PVDR,VC3
PVDR,VD2
PVM,RIMR
PVM,VB8
PVM,VD6
PVNL,PVR
PVNL,PVWL
PVNL,RICR
PVNL,RIML
PVNL,RIMR
PVNL,VA5
PVNL,VB1
PVNL,VB2
PVNL,VD11
PVNL,VD13
PVNL,VD2
PVNL,VD7
PVNR,PVQL
PVNR,PVT
PVNR,RIMR
PVNR,RMGL
PVNR,VA12
PVNR,VA2
PVNR,VB2
PVNR,VB5
PVNR,VB8
PVNR,VD2
PVNR,VD4
PVPL,RMDR
PVPL,RMGL
PVPL,SIADR
PVPL,VA6
PVPL,VD3
PVPR,PVQL
PVPR,RICR
PVPR,RIML
PVPR,RIMR
PVPR,RMDR
PVPR,RMDVL
PVPR,RMFR
PVPR,SAADL
PVPR,SIBDR
PVPR,VA11
PVQL,RIAL
PVQL,RMDL
PVQL,SAADR
PVQL,URXL
PVQL,VD1
PVQR,PVR
PVQR,PVT
PVQR,RICL
PVQR,RIMR
PVQR,RIS
PVQR,RIVR
PVQR,VA12
PVQR,VB6
PVQR,VD1
PVQR,VD12
PVR,RIAL
PVR,RICL
PVR,RICR
PVR,RID
PVR,RIFR
PVR,RIGR
PVR,RIPL
PVR,RIR
PVR,SAAVL
PVR,VB4
PVR,VB5
PVR,VC1
PVT,RIAL
PVT,RIAR
PVT,RIGR
PVT,RIML
PVT,RIMR
PVT,RIR
PVT,RMED
PVT,VA4
PVT,VB8
PVT,VD5
PVWL,RIML
PVWL,RMDL
PVWL,VB9
PVWR,RIBL
PVWR,VD9
RIAL,RICR
RIAL,RIMR
RIAL,RMDR
RIAL,RMEV
RIAL,RMHL
RIAL,SMBDR
RIAL,SMDVR
RIAL,URADR
RIAL,URYVR
RIAL,VB2
RIAL,VB3
RIAL,VB9
RIAL,VD1
RIAL,VD13
RIAL,VD2
RIAR,RIBL
RIAR,RICL
RIAR,RIGL
RIAR,RIML
RIAR,RIVL
RIAR,RMDDL
RIAR,RMDVL
RIAR,RMDVR
RIAR,RMGR
RIAR,SABVL
RIAR,SIADL
RIAR,SIBVL
RIAR,URYDL
RIAR,VA2
RIAR,VA8
RIAR,VB2
RIAR,VB4
RIAR,VD1
RIAR,VD5
RIAR,VD7
RIAR,VD9
RIBL,RIGR
RIBL,RIML
RIBL,RMER
RIBL,RMHL
RIBL,SIADL
RIBL,SIBDR
RIBL,SMDDR
RIBL,SMDVR
RIBL,URXR
RIBL,VA11
RIBL,VA6
RIBL,VA7
RIBL,VD10
RIBL,VD6
RIBL,VD7
RIBL,VD8
RIBR,RICL
RIBR,RIFR
RIBR,RIML
RIBR,RIMR
RIBR,RIS
RIBR,RMDVL
RIBR,SAADR
RIBR,SABD
RIBR,SDQR
RIBR,SIADL
RIBR,VA2
RIBR,VB2
RIBR,VD1
RICL,RIGL
RICL,RIH
RICL,RIML
RICL,RMFR
RICL,SAADR
RICL,VA2
RICL,VA9
RICL,VB10
RICL,VC1
RICL,VD1
RICL,VD10
RICL,VD13
RICL,VD5
RICL,VD9
RICR,RIGR
RICR,RIML
RICR,RMDDR
RICR,RMER
RICR,RMEV
RICR,RMFL
RICR,SAADR
RICR,SMBVL
RICR,URYVL
RICR,VA2
RICR,VB1
RICR,VB10
RICR,VB5
RICR,VC5
RICR,VD12
RICR,VD2
RICR,VD4
RID,RIML
RID,RIMR
RID,RIPL
RID,RIVL
RID,SDQR
RID,SIAVR
RID,VA1
RID,VB2
RID,VB6
RID,VD3
RIFL,RMFR
RIFL,SMBDL
RIFR,RIMR
RIFR,RMER
RIFR,SMDVL
RIFR,VA4
RIFR,VB2
RIGL,RIH
RIGL,RIML
RIGL,RIMR
RIGL,RIPL
RIGL,RMDR
RIGL,RMDVL
RIGL,RMHL
RIGL,SAADR
RIGL,SDQL
RIGL,URYVR
RIGL,VD1
RIGR,RIMR
RIGR,RMGR
RIGR,SABD
RIGR,SMBVL
RIGR,VA2
RIGR,VB5
RIGR,VB6
RIH,RIML
RIH,RMDDL
RIH,RMFL
RIH,VA5
RIH,VA8
RIH,VB4
RIH,VC3
RIML,RIMR
RIML,RIPR
RIML,RIR
RIML,RIVR
RIML,RMDL
RIML,RMDVR
RIML,RMED
RIML,RMER
RIML,RMFL
RIML,RMHL
RIML,RMHR
RIML,SABVR
RIML,SDQL
RIML,SDQR
RIML,SMBDL
RIML,SMDDL
RIML,SMDVR
RIML,URADR
RIML,URBL
RIML,URBR
RIML,URYDR
RIML,URYVL
RIML,URYVR
RIML,VA11
RIML,VA2
RIML,VA3
RIML,VA6
RIML,VA8
RIML,VA9
RIML,VB1
RIML,VB11
RIML,VB3
RIML,VB8
RIML,VD1
RIML,VD12
RIML,VD13
RIML,VD2
RIML,VD9
RIMR,RIPL
RIMR,RMDDL
RIMR,RMDDR
RIMR,RMDL
RIMR,RMDVL
RIMR,RMDVR
RIMR,RMED
RIMR,RMEV
RIMR,RMFR
RIMR,RMGL
RIMR,RMGR
RIMR,RMHR
RIMR,SIAVL
RIMR,SIAVR
RIMR,SMBDL
RIMR,SMBDR
RIMR,SMBVL
RIMR,SMBVR
RIMR,SMDDL
RIMR,SMDDR
RIMR,SMDVR
RIMR,URADL
RIMR,URXR
RIMR,URYDL
RIMR,URYDR
RIMR,URYVL
RIMR,VA10
RIMR,VA4
RIMR,VA6
RIMR,VA7
RIMR,VB2
RIMR,VB4
RIMR,VB6
RIMR,VB9
RIMR,VC1
RIMR,VC3
RIMR,VD12
RIMR,VD13
RIPL,RMEL
RIPL,SMDDL
RIPL,SMDVR
RIPL,URYDL
RIPL,VD3
RIPR,RMDL
RIPR,RMFR
RIPR,RMHL
RIPR,VA5
RIPR,VD2
RIR,RIVR
RIR,VD11
RIS,RMDDL
RIS,RMDL
RIS,RMDVR
RIS,SMBVR
RIS,SMDDR
RIS,VC3
RIS,VD11
RIS,VD9
RIVL,VC2
RIVR,RMDDL
RIVR,SMBVL
RIVR,VA4
RIVR,VB4
RIVR,VD6
RIVR,VD9
RMDDL,RMHL
RMDDL,VA5
RMDDL,VB4
RMDDR,RMDL
RMDDR,SIAVL
RMDDR,VA1
RMDDR,VA5
RMDDR,VD4
RMDDR,VD7
RMDL,SMBDR
RMDL,URYDR
RMDL,VB1
RMDL,VD3
RMDR,RMEL
RMDR,SIBDR
RMDR,VD4
RMDVL,RMHL
RMDVL,URYDR
RMDVL,VB7
RMDVL,VD5
RMDVL,VD7
RMDVR,RMEL
RMDVR,RMGR
RMDVR,SIAVL
RMDVR,SMDDR
RMDVR,VA1
RMDVR,VA5
RMDVR,VD3
RMDVR,VD7
RMDVR,VD8
RMED,VD11
RMEL,RMFR
RMER,RMGL
RMER,SIBVL
RMER,VB10
RMER,VD5
RMEV,RMGR
RMEV,SIBVR
RMEV,VA11
RMEV,VA2
RMFL,RMGL
RMFL,VA12
RMFL,VD1
RMFR,SDQR
RMGL,SMBDL
RMGL,SMDVL
RMGL,URAVL
RMGL,VA11
RMGL,VB9
RMGR,SIBDL
RMGR,VD2
RMGR,VD5
RMHL,SIBVL
RMHL,VD2
RMHR,URBL
RMHR,VD4
SAADL,URYVR
SAADL,VD4
SAAVL,VB6
SABVR,URYDL
SABVR,VA9
SDQL,URXL
SDQR,URYDR
SIADL,VD3
SIADR,SMDVL
SIADR,URADL
SIADR,VB4
SIADR,VB5
SIADR,VC3
SIADR,VD1
SIAVL,URBR
SIAVL,URYDR
SIAVL,VB1
SIBDL,VA9
SIBDL,VD3
SIBDR,SMDVR
SIBVL,VA4
SIBVL,VB9
SIBVR,VC1
SIBVR,VD6
SMBDL,URYDL
SMBDL,VB1
SMBDL,VC1
SMBDL,VD1
SMBDR,URYVR
SMBVL,VB4
SMBVR,VB6
SMDDL,SMDVL
SMDDL,VD8
SMDDR,VD6
SMDVL,VA7
SMDVL,VA8
SMDVL,VA9
SMDVL,VD7
SMDVR,VA11
SMDVR,VD10
URADL,VA3
URADR,VC1
URADR,VD9
URAVL,VB2
URBL,VA5
URXL,URYVR
URXL,VA4
URXR,VA9
URXR,VD10
URYDL,VD11
URYDL,VD5
URYDL,VD7
URYDR,VA2
URYDR,VB6
URYDR,VD11
URYVL,VD1
URYVL,VD12
URYVL,VD13
URYVL,VD3
URYVL,VD5
URYVR,VA6
URYVR,VB1
URYVR,VB9
URYVR,VD12
VA1,VA12
VA1,VB10
VA11,VC1
VA12,VB2
VA12,VB8
VA2,VB10
VA3,VB2
VA3,VB3
VA3,VD5
VA6,VB8
VA7,VD4
VA8,VB6
VA8,VC2
VA9,VB1
VA9,VD11
VA9,VD4
VB10,VB5
VB10,VD3
VB11,VC2
VB11,VD1
VB11,VD3
VB2,VD9
VB4,VD3
VC2,VD8
VC3,VD12
VC3,VD13
VD1,VD10
VD1,VD12
VD10,VD11
VD10,VD6
VD11,VD2
VD11,VD5
VD2,VD6
VD3,VD6
VD3,VD7
VD3,VD9
VD4,VD6
VD6,VD8
