ADEL,ADEL,1
ADEL,ADER,1
ADEL,AIML,1
ADEL,AIMR,1
ADEL,ALML,1
ADEL,ALMR,1
ADEL,ALNL,1
ADEL,ALNR,1
ADEL,AS1,1
ADEL,AS10,1
ADEL,AS11,1
ADEL,AS2,1
ADEL,AS3,1
ADEL,AS4,1
ADEL,AS5,1
ADEL,AS6,1
ADEL,AS7,1
ADEL,AS8,1
ADEL,AS9,1
ADEL,ASEL,1
ADEL,ASER,1
ADEL,ASGL,1
ADEL,ASGR,1
ADEL,ASKL,1
ADEL,ASKR,1
ADEL,AUAL,1
ADEL,AUAR,1
ADEL,AVFL,1
ADEL,AVFR,1
ADEL,AVL,1
ADEL,AVM,1
ADEL,CANL,1
ADEL,CANR,1
ADEL,CEPDL,1
ADEL,CEPDR,1
ADEL,CEPVL,1
ADEL,CEPVR,1
ADEL,DA1,1
ADEL,DA2,1
ADEL,DA3,1
ADEL,DA4,1
ADEL,DA5,1
ADEL,DA6,1
ADEL,DA7,1
ADEL,DA8,1
ADEL,DA9,1
ADEL,DB1,1
ADEL,DB2,1
ADEL,DB3,1
ADEL,DB4,1
ADEL,DB5,1
ADEL,DB6,1
ADEL,DB7,1
ADEL,DD1,1
ADEL,DD2,1
ADEL,DD3,1
ADEL,DD4,1
ADEL,DD5,1
ADEL,DD6,1
ADEL,FLPL,1
ADEL,FLPR,1
ADEL,HSNL,1
ADEL,HSNR,1
ADEL,I1L,1
ADEL,I1R,1
ADEL,I2L,1
ADEL,I2R,1
ADEL,IL2DL,1
ADEL,IL2DR,1
ADEL,IL2L,1
ADEL,IL2R,1
ADEL,IL2VL,1
ADEL,IL2VR,1
ADEL,NSML,1
ADEL,NSMR,1
ADEL,PDA,1
ADEL,PDEL,1
ADEL,PDER,1
ADEL,PHCL,1
ADEL,PHCR,1
ADEL,PLML,1
ADEL,PLMR,1
ADEL,PLNL,1
ADEL,PLNR,1
ADEL,PQR,1
ADEL,PVDL,1
ADEL,PVDR,1
ADEL,PVQL,1
ADEL,PVQR,1
ADEL,RIAL,1
ADEL,RIAR,1
ADEL,RIBL,1
ADEL,RIBR,1
ADEL,RICL,1
ADEL,RICR,1
ADEL,RID,1
ADEL,RIML,1
ADEL,RIMR,1
ADEL,RIS,1
ADEL,SIADL,1
ADEL,SIADR,1
ADEL,SIAVL,1
ADEL,SIAVR,1
ADEL,SIBDL,1
ADEL,SIBDR,1
ADEL,SIBVL,1
ADEL,SIBVR,1
ADEL,URYDL,1
ADEL,URYDR,1
ADEL,URYVL,1
ADEL,URYVR,1
ADEL,VA1,1
ADEL,VA10,1
ADEL,VA11,1
ADEL,VA12,1
ADEL,VA2,1
ADEL,VA3,1
ADEL,VA4,1
ADEL,VA5,1
ADEL,VA6,1
ADEL,VA7,1
ADEL,VA8,1
ADEL,VA9,1
ADEL,VB1,1
ADEL,VB10,1
ADEL,VB11,1
ADEL,VB2,1
ADEL,VB3,1
ADEL,VB4,1
ADEL,VB5,1
ADEL,VB6,1
ADEL,VB7,1
ADEL,VB8,1
ADEL,VB9,1
ADEL,VD1,1
ADEL,VD10,1
ADEL,VD11,1
ADEL,VD12,1
ADEL,VD13,1
ADEL,VD2,1
ADEL,VD3,1
ADEL,VD4,1
ADEL,VD5,1
ADEL,VD6,1
ADEL,VD7,1
ADEL,VD8,1
ADEL,VD9,1
ADER,ADEL,1
ADER,ADER,1
ADER,AIML,1
ADER,AIMR,1
ADER,ALML,1
ADER,ALMR,1
ADER,ALNL,1
ADER,ALNR,1
ADER,AS1,1
ADER,AS10,1
ADER,AS11,1
ADER,AS2,1
ADER,AS3,1
ADER,AS4,1
ADER,AS5,1
ADER,AS6,1
ADER,AS7,1
ADER,AS8,1
ADER,AS9,1
ADER,ASEL,1
ADER,ASER,1
ADER,ASGL,1
ADER,ASGR,1
ADER,ASKL,1
ADER,ASKR,1
ADER,AUAL,1
ADER,AUAR,1
ADER,AVFL,1
ADER,AVFR,1
ADER,AVL,1
ADER,AVM,1
ADER,CANL,1
ADER,CANR,1
ADER,CEPDL,1
ADER,CEPDR,1
ADER,CEPVL,1
ADER,CEPVR,1
ADER,DA1,1
ADER,DA2,1
ADER,DA3,1
ADER,DA4,1
ADER,DA5,1
ADER,DA6,1
ADER,DA7,1
ADER,DA8,1
ADER,DA9,1
ADER,DB1,1
ADER,DB2,1
ADER,DB3,1
ADER,DB4,1
ADER,DB5,1
ADER,DB6,1
ADER,DB7,1
ADER,DD1,1
ADER,DD2,1
ADER,DD3,1
ADER,DD4,1
ADER,DD5,1
ADER,DD6,1
ADER,FLPL,1
ADER,FLPR,1
ADER,HSNL,1
ADER,HSNR,1
ADER,I1L,1
ADER,I1R,1
ADER,I2L,1
ADER,I2R,1
ADER,IL2DL,1
ADER,IL2DR,1
ADER,IL2L,1
ADER,IL2R,1
ADER,IL2VL,1
ADER,IL2VR,1
ADER,NSML,1
ADER,NSMR,1
ADER,PDA,1
ADER,PDEL,1
ADER,PDER,1
ADER,PHCL,1
ADER,PHCR,1
ADER,PLML,1
ADER,PLMR,1
ADER,PLNL,1
ADER,PLNR,1
ADER,PQR,1
ADER,PVDL,1
ADER,PVDR,1
ADER,PVQL,1
ADER,PVQR,1
ADER,RIAL,1
ADER,RIAR,1
ADER,RIBL,1
ADER,RIBR,1
ADER,RICL,1
ADER,RICR,1
ADER,RID,1
ADER,RIML,1
ADER,RIMR,1
ADER,RIS,1
ADER,SIADL,1
ADER,SIADR,1
ADER,SIAVL,1
ADER,SIAVR,1
ADER,SIBDL,1
ADER,SIBDR,1
ADER,SIBVL,1
ADER,SIBVR,1
ADER,URYDL,1
ADER,URYDR,1
ADER,URYVL,1
ADER,URYVR,1
ADER,VA1,1
ADER,VA10,1
ADER,VA11,1
ADER,VA12,1
ADER,VA2,1
ADER,VA3,1
ADER,VA4,1
ADER,VA5,1
ADER,VA6,1
ADER,VA7,1
ADER,VA8,1
ADER,VA9,1
ADER,VB1,1
ADER,VB10,1
ADER,VB11,1
ADER,VB2,1
ADER,VB3,1
ADER,VB4,1
ADER,VB5,1
ADER,VB6,1
ADER,VB7,1
ADER,VB8,1
ADER,VB9,1
ADER,VD1,1
ADER,VD10,1
ADER,VD11,1
ADER,VD12,1
ADER,VD13,1
ADER,VD2,1
ADER,VD3,1
ADER,VD4,1
ADER,VD5,1
ADER,VD6,1
ADER,VD7,1
ADER,VD8,1
ADER,VD9,1
ADFL,AIAL,1
ADFL,AIAR,1
ADFL,AIBL,1
ADFL,AIBR,1
ADFL,AIYL,1
ADFL,AIYR,1
ADFL,AIZL,1
ADFL,AIZR,1
ADFL,ASHL,1
ADFL,ASHR,1
ADFL,AVJL,1
ADFL,AVJR,1
ADFL,AWBL,1
ADFL,AWBR,1
ADFL,DD1,1
ADFL,DD2,1
ADFL,DD3,1
ADFL,DD4,1
ADFL,DD5,1
ADFL,DD6,1
ADFL,DVA,1
ADFL,DVC,1
ADFL,I2L,1
ADFL,I2R,1
ADFL,I3,1
ADFL,I4,1
ADFL,I6,1
ADFL,M1,1
ADFL,M2L,1
ADFL,M2R,1
ADFL,M3L,1
ADFL,M3R,1
ADFL,M4,1
ADFL,M5,1
ADFL,MCL,1
ADFL,MCR,1
ADFL,NSML,1
ADFL,NSMR,1
ADFL,PVQL,1
ADFL,PVQR,1
ADFL,PVT,1
ADFL,RIAL,1
ADFL,RIAR,1
ADFL,RIBL,1
ADFL,RIBR,1
ADFL,RICL,1
ADFL,RICR,1
ADFL,RID,1
ADFL,RIML,1
ADFL,RIMR,1
ADFL,RIS,1
ADFL,RMDDL,1
ADFL,RMDDR,1
ADFL,RMDL,1
ADFL,RMDR,1
ADFL,RMDVL,1
ADFL,RMDVR,1
ADFL,RMED,1
ADFL,RMEL,1
ADFL,RMER,1
ADFL,RMEV,1
ADFL,RMFL,1
ADFL,RMFR,1
ADFL,RMHL,1
ADFL,RMHR,1
ADFL,URYDL,1
ADFL,URYDR,1
ADFL,URYVL,1
ADFL,URYVR,1
ADFL,VD1,1
ADFL,VD10,1
ADFL,VD11,1
ADFL,VD12,1
ADFL,VD13,1
ADFL,VD2,1
ADFL,VD3,1
ADFL,VD4,1
ADFL,VD5,1
ADFL,VD6,1
ADFL,VD7,1
ADFL,VD8,1
ADFL,VD9,1
ADFR,AIAL,1
ADFR,AIAR,1
ADFR,AIBL,1
ADFR,AIBR,1
ADFR,AIYL,1
ADFR,AIYR,1
ADFR,AIZL,1
ADFR,AIZR,1
ADFR,ASHL,1
ADFR,ASHR,1
ADFR,AVJL,1
ADFR,AVJR,1
ADFR,AWBL,1
ADFR,AWBR,1
ADFR,DD1,1
ADFR,DD2,1
ADFR,DD3,1
ADFR,DD4,1
ADFR,DD5,1
ADFR,DD6,1
ADFR,DVA,1
ADFR,DVC,1
ADFR,I2L,1
ADFR,I2R,1
ADFR,I3,1
ADFR,I4,1
ADFR,I6,1
ADFR,M1,1
ADFR,M2L,1
ADFR,M2R,1
ADFR,M3L,1
ADFR,M3R,1
ADFR,M4,1
ADFR,M5,1
ADFR,MCL,1
ADFR,MCR,1
ADFR,NSML,1
ADFR,NSMR,1
ADFR,PVQL,1
ADFR,PVQR,1
ADFR,PVT,1
ADFR,RIAL,1
ADFR,RIAR,1
ADFR,RIBL,1
ADFR,RIBR,1
ADFR,RICL,1
ADFR,RICR,1
ADFR,RID,1
ADFR,RIML,1
ADFR,RIMR,1
ADFR,RIS,1
ADFR,RMDDL,1
ADFR,RMDDR,1
ADFR,RMDL,1
ADFR,RMDR,1
ADFR,RMDVL,1
ADFR,RMDVR,1
ADFR,RMED,1
ADFR,RMEL,1
ADFR,RMER,1
ADFR,RMEV,1
ADFR,RMFL,1
ADFR,RMFR,1
ADFR,RMHL,1
ADFR,RMHR,1
ADFR,URYDL,1
ADFR,URYDR,1
ADFR,URYVL,1
ADFR,URYVR,1
ADFR,VD1,1
ADFR,VD10,1
ADFR,VD11,1
ADFR,VD12,1
ADFR,VD13,1
ADFR,VD2,1
ADFR,VD3,1
ADFR,VD4,1
ADFR,VD5,1
ADFR,VD6,1
ADFR,VD7,1
ADFR,VD8,1
ADFR,VD9,1
CEPDL,ADEL,1
CEPDL,ADER,1
CEPDL,AIML,1
CEPDL,AIMR,1
CEPDL,ALML,1
CEPDL,ALMR,1
CEPDL,ALNL,1
CEPDL,ALNR,1
CEPDL,AS1,1
CEPDL,AS10,1
CEPDL,AS11,1
CEPDL,AS2,1
CEPDL,AS3,1
CEPDL,AS4,1
CEPDL,AS5,1
CEPDL,AS6,1
CEPDL,AS7,1
CEPDL,AS8,1
CEPDL,AS9,1
CEPDL,ASEL,1
CEPDL,ASER,1
CEPDL,ASGL,1
CEPDL,ASGR,1
CEPDL,ASKL,1
CEPDL,ASKR,1
CEPDL,AUAL,1
CEPDL,AUAR,1
CEPDL,AVFL,1
CEPDL,AVFR,1
CEPDL,AVL,1
CEPDL,AVM,1
CEPDL,CANL,1
CEPDL,CANR,1
CEPDL,CEPDL,1
CEPDL,CEPDR,1
CEPDL,CEPVL,1
CEPDL,CEPVR,1
CEPDL,DA1,1
CEPDL,DA2,1
CEPDL,DA3,1
CEPDL,DA4,1
CEPDL,DA5,1
CEPDL,DA6,1
CEPDL,DA7,1
CEPDL,DA8,1
CEPDL,DA9,1
CEPDL,DB1,1
CEPDL,DB2,1
CEPDL,DB3,1
CEPDL,DB4,1
CEPDL,DB5,1
CEPDL,DB6,1
CEPDL,DB7,1
CEPDL,DD1,1
CEPDL,DD2,1
CEPDL,DD3,1
CEPDL,DD4,1
CEPDL,DD5,1
CEPDL,DD6,1
CEPDL,FLPL,1
CEPDL,FLPR,1
CEPDL,HSNL,1
CEPDL,HSNR,1
CEPDL,I1L,1
CEPDL,I1R,1
CEPDL,I2L,1
CEPDL,I2R,1
CEPDL,IL2DL,1
CEPDL,IL2DR,1
CEPDL,IL2L,1
CEPDL,IL2R,1
CEPDL,IL2VL,1
CEPDL,IL2VR,1
CEPDL,NSML,1
CEPDL,NSMR,1
CEPDL,PDA,1
CEPDL,PDEL,1
CEPDL,PDER,1
CEPDL,PHCL,1
CEPDL,PHCR,1
CEPDL,PLML,1
CEPDL,PLMR,1
CEPDL,PLNL,1
CEPDL,PLNR,1
CEPDL,PQR,1
CEPDL,PVDL,1
CEPDL,PVDR,1
CEPDL,PVQL,1
CEPDL,PVQR,1
CEPDL,RIAL,1
CEPDL,RIAR,1
CEPDL,RIBL,1
CEPDL,RIBR,1
CEPDL,RICL,1
CEPDL,RICR,1
CEPDL,RID,1
CEPDL,RIML,1
CEPDL,RIMR,1
CEPDL,RIS,1
CEPDL,SIADL,1
CEPDL,SIADR,1
CEPDL,SIAVL,1
CEPDL,SIAVR,1
CEPDL,SIBDL,1
CEPDL,SIBDR,1
CEPDL,SIBVL,1
CEPDL,SIBVR,1
CEPDL,URYDL,1
CEPDL,URYDR,1
CEPDL,URYVL,1
CEPDL,URYVR,1
CEPDL,VA1,1
CEPDL,VA10,1
CEPDL,VA11,1
CEPDL,VA12,1
CEPDL,VA2,1
CEPDL,VA3,1
CEPDL,VA4,1
CEPDL,VA5,1
CEPDL,VA6,1
CEPDL,VA7,1
CEPDL,VA8,1
CEPDL,VA9,1
CEPDL,VB1,1
CEPDL,VB10,1
CEPDL,VB11,1
CEPDL,VB2,1
CEPDL,VB3,1
CEPDL,VB4,1
CEPDL,VB5,1
CEPDL,VB6,1
CEPDL,VB7,1
CEPDL,VB8,1
CEPDL,VB9,1
CEPDL,VD1,1
CEPDL,VD10,1
CEPDL,VD11,1
CEPDL,VD12,1
CEPDL,VD13,1
CEPDL,VD2,1
CEPDL,VD3,1
CEPDL,VD4,1
CEPDL,VD5,1
CEPDL,VD6,1
CEPDL,VD7,1
CEPDL,VD8,1
CEPDL,VD9,1
CEPDR,ADEL,1
CEPDR,ADER,1
CEPDR,AIML,1
CEPDR,AIMR,1
CEPDR,ALML,1
CEPDR,ALMR,1
CEPDR,ALNL,1
CEPDR,ALNR,1
CEPDR,AS1,1
CEPDR,AS10,1
CEPDR,AS11,1
CEPDR,AS2,1
CEPDR,AS3,1
CEPDR,AS4,1
CEPDR,AS5,1
CEPDR,AS6,1
CEPDR,AS7,1
CEPDR,AS8,1
CEPDR,AS9,1
CEPDR,ASEL,1
CEPDR,ASER,1
CEPDR,ASGL,1
CEPDR,ASGR,1
CEPDR,ASKL,1
CEPDR,ASKR,1
CEPDR,AUAL,1
CEPDR,AUAR,1
CEPDR,AVFL,1
CEPDR,AVFR,1
CEPDR,AVL,1
CEPDR,AVM,1
CEPDR,CANL,1
CEPDR,CANR,1
CEPDR,CEPDL,1
CEPDR,CEPDR,1
CEPDR,CEPVL,1
CEPDR,CEPVR,1
CEPDR,DA1,1
CEPDR,DA2,1
CEPDR,DA3,1
CEPDR,DA4,1
CEPDR,DA5,1
CEPDR,DA6,1
CEPDR,DA7,1
CEPDR,DA8,1
CEPDR,DA9,1
CEPDR,DB1,1
CEPDR,DB2,1
CEPDR,DB3,1
CEPDR,DB4,1
CEPDR,DB5,1
CEPDR,DB6,1
CEPDR,DB7,1
CEPDR,DD1,1
CEPDR,DD2,1
CEPDR,DD3,1
CEPDR,DD4,1
CEPDR,DD5,1
CEPDR,DD6,1
CEPDR,FLPL,1
CEPDR,FLPR,1
CEPDR,HSNL,1
CEPDR,HSNR,1
CEPDR,I1L,1
CEPDR,I1R,1
CEPDR,I2L,1
CEPDR,I2R,1
CEPDR,IL2DL,1
CEPDR,IL2DR,1
CEPDR,IL2L,1
CEPDR,IL2R,1
CEPDR,IL2VL,1
CEPDR,IL2VR,1
CEPDR,NSML,1
CEPDR,NSMR,1
CEPDR,PDA,1
CEPDR,PDEL,1
CEPDR,PDER,1
CEPDR,PHCL,1
CEPDR,PHCR,1
CEPDR,PLML,1
CEPDR,PLMR,1
CEPDR,PLNL,1
CEPDR,PLNR,1
CEPDR,PQR,1
CEPDR,PVDL,1
CEPDR,PVDR,1
CEPDR,PVQL,1
CEPDR,PVQR,1
CEPDR,RIAL,1
CEPDR,RIAR,1
CEPDR,RIBL,1
CEPDR,RIBR,1
CEPDR,RICL,1
CEPDR,RICR,1
CEPDR,RID,1
CEPDR,RIML,1
CEPDR,RIMR,1
CEPDR,RIS,1
CEPDR,SIADL,1
CEPDR,SIADR,1
CEPDR,SIAVL,1
CEPDR,SIAVR,1
CEPDR,SIBDL,1
CEPDR,SIBDR,1
CEPDR,SIBVL,1
CEPDR,SIBVR,1
CEPDR,URYDL,1
CEPDR,URYDR,1
CEPDR,URYVL,1
CEPDR,URYVR,1
CEPDR,VA1,1
CEPDR,VA10,1
CEPDR,VA11,1
CEPDR,VA12,1
CEPDR,VA2,1
CEPDR,VA3,1
CEPDR,VA4,1
CEPDR,VA5,1
CEPDR,VA6,1
CEPDR,VA7,1
CEPDR,VA8,1
CEPDR,VA9,1
CEPDR,VB1,1
CEPDR,VB10,1
CEPDR,VB11,1
CEPDR,VB2,1
CEPDR,VB3,1
CEPDR,VB4,1
CEPDR,VB5,1
CEPDR,VB6,1
CEPDR,VB7,1
CEPDR,VB8,1
CEPDR,VB9,1
CEPDR,VD1,1
CEPDR,VD10,1
CEPDR,VD11,1
CEPDR,VD12,1
CEPDR,VD13,1
CEPDR,VD2,1
CEPDR,VD3,1
CEPDR,VD4,1
CEPDR,VD5,1
CEPDR,VD6,1
CEPDR,VD7,1
CEPDR,VD8,1
CEPDR,VD9,1
CEPVL,ADEL,1
CEPVL,ADER,1
CEPVL,AIML,1
CEPVL,AIMR,1
CEPVL,ALML,1
CEPVL,ALMR,1
CEPVL,ALNL,1
CEPVL,ALNR,1
CEPVL,AS1,1
CEPVL,AS10,1
CEPVL,AS11,1
CEPVL,AS2,1
CEPVL,AS3,1
CEPVL,AS4,1
CEPVL,AS5,1
CEPVL,AS6,1
CEPVL,AS7,1
CEPVL,AS8,1
CEPVL,AS9,1
CEPVL,ASEL,1
CEPVL,ASER,1
CEPVL,ASGL,1
CEPVL,ASGR,1
CEPVL,ASKL,1
CEPVL,ASKR,1
CEPVL,AUAL,1
CEPVL,AUAR,1
CEPVL,AVFL,1
CEPVL,AVFR,1
CEPVL,AVL,1
CEPVL,AVM,1
CEPVL,CANL,1
CEPVL,CANR,1
CEPVL,CEPDL,1
CEPVL,CEPDR,1
CEPVL,CEPVL,1
CEPVL,CEPVR,1
CEPVL,DA1,1
CEPVL,DA2,1
CEPVL,DA3,1
CEPVL,DA4,1
CEPVL,DA5,1
CEPVL,DA6,1
CEPVL,DA7,1
CEPVL,DA8,1
CEPVL,DA9,1
CEPVL,DB1,1
CEPVL,DB2,1
CEPVL,DB3,1
CEPVL,DB4,1
CEPVL,DB5,1
CEPVL,DB6,1
CEPVL,DB7,1
CEPVL,DD1,1
CEPVL,DD2,1
CEPVL,DD3,1
CEPVL,DD4,1
CEPVL,DD5,1
CEPVL,DD6,1
CEPVL,FLPL,1
CEPVL,FLPR,1
CEPVL,HSNL,1
CEPVL,HSNR,1
CEPVL,I1L,1
CEPVL,I1R,1
CEPVL,I2L,1
CEPVL,I2R,1
CEPVL,IL2DL,1
CEPVL,IL2DR,1
CEPVL,IL2L,1
CEPVL,IL2R,1
CEPVL,IL2VL,1
CEPVL,IL2VR,1
CEPVL,NSML,1
CEPVL,NSMR,1
CEPVL,PDA,1
CEPVL,PDEL,1
CEPVL,PDER,1
CEPVL,PHCL,1
CEPVL,PHCR,1
CEPVL,PLML,1
CEPVL,PLMR,1
CEPVL,PLNL,1
CEPVL,PLNR,1
CEPVL,PQR,1
CEPVL,PVDL,1
CEPVL,PVDR,1
CEPVL,PVQL,1
CEPVL,PVQR,1
CEPVL,RIAL,1
CEPVL,RIAR,1
CEPVL,RIBL,1
CEPVL,RIBR,1
CEPVL,RICL,1
CEPVL,RICR,1
CEPVL,RID,1
CEPVL,RIML,1
CEPVL,RIMR,1
CEPVL,RIS,1
CEPVL,SIADL,1
CEPVL,SIADR,1
CEPVL,SIAVL,1
CEPVL,SIAVR,1
CEPVL,SIBDL,1
CEPVL,SIBDR,1
CEPVL,SIBVL,1
CEPVL,SIBVR,1
CEPVL,URYDL,1
CEPVL,URYDR,1
CEPVL,URYVL,1
CEPVL,URYVR,1
CEPVL,VA1,1
CEPVL,VA10,1
CEPVL,VA11,1
CEPVL,VA12,1
CEPVL,VA2,1
CEPVL,VA3,1
CEPVL,VA4,1
CEPVL,VA5,1
CEPVL,VA6,1
CEPVL,VA7,1
CEPVL,VA8,1
CEPVL,VA9,1
CEPVL,VB1,1
CEPVL,VB10,1
CEPVL,VB11,1
CEPVL,VB2,1
CEPVL,VB3,1
CEPVL,VB4,1
CEPVL,VB5,1
CEPVL,VB6,1
CEPVL,VB7,1
CEPVL,VB8,1
CEPVL,VB9,1
CEPVL,VD1,1
CEPVL,VD10,1
CEPVL,VD11,1
CEPVL,VD12,1
CEPVL,VD13,1
CEPVL,VD2,1
CEPVL,VD3,1
CEPVL,VD4,1
CEPVL,VD5,1
CEPVL,VD6,1
CEPVL,VD7,1
CEPVL,VD8,1
CEPVL,VD9,1
CEPVR,ADEL,1
CEPVR,ADER,1
CEPVR,AIML,1
CEPVR,AIMR,1
CEPVR,ALML,1
CEPVR,ALMR,1
CEPVR,ALNL,1
CEPVR,ALNR,1
CEPVR,AS1,1
CEPVR,AS10,1
CEPVR,AS11,1
CEPVR,AS2,1
CEPVR,AS3,1
CEPVR,AS4,1
CEPVR,AS5,1
CEPVR,AS6,1
CEPVR,AS7,1
CEPVR,AS8,1
CEPVR,AS9,1
CEPVR,ASEL,1
CEPVR,ASER,1
CEPVR,ASGL,1
CEPVR,ASGR,1
CEPVR,ASKL,1
CEPVR,ASKR,1
CEPVR,AUAL,1
CEPVR,AUAR,1
CEPVR,AVFL,1
CEPVR,AVFR,1
CEPVR,AVL,1
CEPVR,AVM,1
CEPVR,CANL,1
CEPVR,CANR,1
CEPVR,CEPDL,1
CEPVR,CEPDR,1
CEPVR,CEPVL,1
CEPVR,CEPVR,1
CEPVR,DA1,1
CEPVR,DA2,1
CEPVR,DA3,1
CEPVR,DA4,1
CEPVR,DA5,1
CEPVR,DA6,1
CEPVR,DA7,1
CEPVR,DA8,1
CEPVR,DA9,1
CEPVR,DB1,1
CEPVR,DB2,1
CEPVR,DB3,1
CEPVR,DB4,1
CEPVR,DB5,1
CEPVR,DB6,1
CEPVR,DB7,1
CEPVR,DD1,1
CEPVR,DD2,1
CEPVR,DD3,1
CEPVR,DD4,1
CEPVR,DD5,1
CEPVR,DD6,1
CEPVR,FLPL,1
CEPVR,FLPR,1
CEPVR,HSNL,1
CEPVR,HSNR,1
CEPVR,I1L,1
CEPVR,I1R,1
CEPVR,I2L,1
CEPVR,I2R,1
CEPVR,IL2DL,1
CEPVR,IL2DR,1
CEPVR,IL2L,1
CEPVR,IL2R,1
CEPVR,IL2VL,1
CEPVR,IL2VR,1
CEPVR,NSML,1
CEPVR,NSMR,1
CEPVR,PDA,1
CEPVR,PDEL,1
CEPVR,PDER,1
CEPVR,PHCL,1
CEPVR,PHCR,1
CEPVR,PLML,1
CEPVR,PLMR,1
CEPVR,PLNL,1
CEPVR,PLNR,1
CEPVR,PQR,1
CEPVR,PVDL,1
CEPVR,PVDR,1
CEPVR,PVQL,1
CEPVR,PVQR,1
CEPVR,RIAL,1
CEPVR,RIAR,1
CEPVR,RIBL,1
CEPVR,RIBR,1
CEPVR,RICL,1
CEPVR,RICR,1
CEPVR,RID,1
CEPVR,RIML,1
CEPVR,RIMR,1
CEPVR,RIS,1
CEPVR,SIADL,1
CEPVR,SIADR,1
CEPVR,SIAVL,1
CEPVR,SIAVR,1
CEPVR,SIBDL,1
CEPVR,SIBDR,1
CEPVR,SIBVL,1
CEPVR,SIBVR,1
CEPVR,URYDL,1
CEPVR,URYDR,1
CEPVR,URYVL,1
CEPVR,URYVR,1
CEPVR,VA1,1
CEPVR,VA10,1
CEPVR,VA11,1
CEPVR,VA12,1
CEPVR,VA2,1
CEPVR,VA3,1
CEPVR,VA4,1
CEPVR,VA5,1
CEPVR,VA6,1
CEPVR,VA7,1
CEPVR,VA8,1
CEPVR,VA9,1
CEPVR,VB1,1
CEPVR,VB10,1
CEPVR,VB11,1
CEPVR,VB2,1
CEPVR,VB3,1
CEPVR,VB4,1
CEPVR,VB5,1
CEPVR,VB6,1
CEPVR,VB7,1
CEPVR,VB8,1
CEPVR,VB9,1
CEPVR,VD1,1
CEPVR,VD10,1
CEPVR,VD11,1
CEPVR,VD12,1
CEPVR,VD13,1
CEPVR,VD2,1
CEPVR,VD3,1
CEPVR,VD4,1
CEPVR,VD5,1
CEPVR,VD6,1
CEPVR,VD7,1
CEPVR,VD8,1
CEPVR,VD9,1
HSNL,AIAL,1
HSNL,AIAR,1
HSNL,AIBL,1
HSNL,AIBR,1
HSNL,AIYL,1
HSNL,AIYR,1
HSNL,AIZL,1
HSNL,AIZR,1
HSNL,ASHL,1
HSNL,ASHR,1
HSNL,AVJL,1
HSNL,AVJR,1
HSNL,AWBL,1
HSNL,AWBR,1
HSNL,DD1,1
HSNL,DD2,1
HSNL,DD3,1
HSNL,DD4,1
HSNL,DD5,1
HSNL,DD6,1
HSNL,DVA,1
HSNL,DVC,1
HSNL,I2L,1
HSNL,I2R,1
HSNL,I3,1
HSNL,I4,1
HSNL,I6,1
HSNL,M1,1
HSNL,M2L,1
HSNL,M2R,1
HSNL,M3L,1
HSNL,M3R,1
HSNL,M4,1
HSNL,M5,1
HSNL,MCL,1
HSNL,MCR,1
HSNL,NSML,1
HSNL,NSMR,1
HSNL,PVQL,1
HSNL,PVQR,1
HSNL,PVT,1
HSNL,RIAL,1
HSNL,RIAR,1
HSNL,RIBL,1
HSNL,RIBR,1
HSNL,RICL,1
HSNL,RICR,1
HSNL,RID,1
HSNL,RIML,1
HSNL,RIMR,1
HSNL,RIS,1
HSNL,RMDDL,1
HSNL,RMDDR,1
HSNL,RMDL,1
HSNL,RMDR,1
HSNL,RMDVL,1
HSNL,RMDVR,1
HSNL,RMED,1
HSNL,RMEL,1
HSNL,RMER,1
HSNL,RMEV,1
HSNL,RMFL,1
HSNL,RMFR,1
HSNL,RMHL,1
HSNL,RMHR,1
HSNL,URYDL,1
HSNL,URYDR,1
HSNL,URYVL,1
HSNL,URYVR,1
HSNL,VD1,1
HSNL,VD10,1
HSNL,VD11,1
HSNL,VD12,1
HSNL,VD13,1
HSNL,VD2,1
HSNL,VD3,1
HSNL,VD4,1
HSNL,VD5,1
HSNL,VD6,1
HSNL,VD7,1
HSNL,VD8,1
HSNL,VD9,1
HSNR,AIAL,1
HSNR,AIAR,1
HSNR,AIBL,1
HSNR,AIBR,1
HSNR,AIYL,1
HSNR,AIYR,1
HSNR,AIZL,1
HSNR,AIZR,1
HSNR,ASHL,1
HSNR,ASHR,1
HSNR,AVJL,1
HSNR,AVJR,1
HSNR,AWBL,1
HSNR,AWBR,1
HSNR,DD1,1
HSNR,DD2,1
HSNR,DD3,1
HSNR,DD4,1
HSNR,DD5,1
HSNR,DD6,1
HSNR,DVA,1
HSNR,DVC,1
HSNR,I2L,1
HSNR,I2R,1
HSNR,I3,1
HSNR,I4,1
HSNR,I6,1
HSNR,M1,1
HSNR,M2L,1
HSNR,M2R,1
HSNR,M3L,1
HSNR,M3R,1
HSNR,M4,1
HSNR,M5,1
HSNR,MCL,1
HSNR,MCR,1
HSNR,NSML,1
HSNR,NSMR,1
HSNR,PVQL,1
HSNR,PVQR,1
HSNR,PVT,1
HSNR,RIAL,1
HSNR,RIAR,1
HSNR,RIBL,1
HSNR,RIBR,1
HSNR,RICL,1
HSNR,RICR,1
HSNR,RID,1
HSNR,RIML,1
HSNR,RIMR,1
HSNR,RIS,1
HSNR,RMDDL,1
HSNR,RMDDR,1
HSNR,RMDL,1
HSNR,RMDR,1
HSNR,RMDVL,1
HSNR,RMDVR,1
HSNR,RMED,1
HSNR,RMEL,1
HSNR,RMER,1
HSNR,RMEV,1
HSNR,RMFL,1
HSNR,RMFR,1
HSNR,RMHL,1
HSNR,RMHR,1
HSNR,URYDL,1
HSNR,URYDR,1
HSNR,URYVL,1
HSNR,URYVR,1
HSNR,VD1,1
HSNR,VD10,1
HSNR,VD11,1
HSNR,VD12,1
HSNR,VD13,1
HSNR,VD2,1
HSNR,VD3,1
HSNR,VD4,1
HSNR,VD5,1
HSNR,VD6,1
HSNR,VD7,1
HSNR,VD8,1
HSNR,VD9,1
NSML,AIAL,1
NSML,AIAR,1
NSML,AIBL,1
NSML,AIBR,1
NSML,AIYL,1
NSML,AIYR,1
NSML,AIZL,1
NSML,AIZR,1
NSML,ASHL,1
NSML,ASHR,1
NSML,AVJL,1
NSML,AVJR,1
NSML,AWBL,1
NSML,AWBR,1
NSML,DD1,1
NSML,DD2,1
NSML,DD3,1
NSML,DD4,1
NSML,DD5,1
NSML,DD6,1
NSML,DVA,1
NSML,DVC,1
NSML,I2L,1
NSML,I2R,1
NSML,I3,1
NSML,I4,1
NSML,I6,1
NSML,M1,1
NSML,M2L,1
NSML,M2R,1
NSML,M3L,1
NSML,M3R,1
NSML,M4,1
NSML,M5,1
NSML,MCL,1
NSML,MCR,1
NSML,NSML,1
NSML,NSMR,1
NSML,PVQL,1
NSML,PVQR,1
NSML,PVT,1
NSML,RIAL,1
NSML,RIAR,1
NSML,RIBL,1
NSML,RIBR,1
NSML,RICL,1
NSML,RICR,1
NSML,RID,1
NSML,RIML,1
NSML,RIMR,1
NSML,RIS,1
NSML,RMDDL,1
NSML,RMDDR,1
NSML,RMDL,1
NSML,RMDR,1
NSML,RMDVL,1
NSML,RMDVR,1
NSML,RMED,1
NSML,RMEL,1
NSML,RMER,1
NSML,RMEV,1
NSML,RMFL,1
NSML,RMFR,1
NSML,RMHL,1
NSML,RMHR,1
NSML,URYDL,1
NSML,URYDR,1
NSML,URYVL,1
NSML,URYVR,1
NSML,VD1,1
NSML,VD10,1
NSML,VD11,1
NSML,VD12,1
NSML,VD13,1
NSML,VD2,1
NSML,VD3,1
NSML,VD4,1
NSML,VD5,1
NSML,VD6,1
NSML,VD7,1
NSML,VD8,1
NSML,VD9,1
NSMR,AIAL,1
NSMR,AIAR,1
NSMR,AIBL,1
NSMR,AIBR,1
NSMR,AIYL,1
NSMR,AIYR,1
NSMR,AIZL,1
NSMR,AIZR,1
NSMR,ASHL,1
NSMR,ASHR,1
NSMR,AVJL,1
NSMR,AVJR,1
NSMR,AWBL,1
NSMR,AWBR,1
NSMR,DD1,1
NSMR,DD2,1
NSMR,DD3,1
NSMR,DD4,1
NSMR,DD5,1
NSMR,DD6,1
NSMR,DVA,1
NSMR,DVC,1
NSMR,I2L,1
NSMR,I2R,1
NSMR,I3,1
NSMR,I4,1
NSMR,I6,1
NSMR,M1,1
NSMR,M2L,1
NSMR,M2R,1
NSMR,M3L,1
NSMR,M3R,1
NSMR,M4,1
NSMR,M5,1
NSMR,MCL,1
NSMR,MCR,1
NSMR,NSML,1
NSMR,NSMR,1
NSMR,PVQL,1
NSMR,PVQR,1
NSMR,PVT,1
NSMR,RIAL,1
NSMR,RIAR,1
NSMR,RIBL,1
NSMR,RIBR,1
NSMR,RICL,1
NSMR,RICR,1
NSMR,RID,1
NSMR,RIML,1
NSMR,RIMR,1
NSMR,RIS,1
NSMR,RMDDL,1
NSMR,RMDDR,1
NSMR,RMDL,1
NSMR,RMDR,1
NSMR,RMDVL,1
NSMR,RMDVR,1
NSMR,RMED,1
NSMR,RMEL,1
NSMR,RMER,1
NSMR,RMEV,1
NSMR,RMFL,1
NSMR,RMFR,1
NSMR,RMHL,1
NSMR,RMHR,1
NSMR,URYDL,1
NSMR,URYDR,1
NSMR,URYVL,1
NSMR,URYVR,1
NSMR,VD1,1
NSMR,VD10,1
NSMR,VD11,1
NSMR,VD12,1
NSMR,VD13,1
NSMR,VD2,1
NSMR,VD3,1
NSMR,VD4,1
NSMR,VD5,1
NSMR,VD6,1
NSMR,VD7,1
NSMR,VD8,1
NSMR,VD9,1
PDEL,ADEL,1
PDEL,ADER,1
PDEL,AIML,1
PDEL,AIMR,1
PDEL,ALML,1
PDEL,ALMR,1
PDEL,ALNL,1
PDEL,ALNR,1
PDEL,AS1,1
PDEL,AS10,1
PDEL,AS11,1
PDEL,AS2,1
PDEL,AS3,1
PDEL,AS4,1
PDEL,AS5,1
PDEL,AS6,1
PDEL,AS7,1
PDEL,AS8,1
PDEL,AS9,1
PDEL,ASEL,1
PDEL,ASER,1
PDEL,ASGL,1
PDEL,ASGR,1
PDEL,ASKL,1
PDEL,ASKR,1
PDEL,AUAL,1
PDEL,AUAR,1
PDEL,AVFL,1
PDEL,AVFR,1
PDEL,AVL,1
PDEL,AVM,1
PDEL,CANL,1
PDEL,CANR,1
PDEL,CEPDL,1
PDEL,CEPDR,1
PDEL,CEPVL,1
PDEL,CEPVR,1
PDEL,DA1,1
PDEL,DA2,1
PDEL,DA3,1
PDEL,DA4,1
PDEL,DA5,1
PDEL,DA6,1
PDEL,DA7,1
PDEL,DA8,1
PDEL,DA9,1
PDEL,DB1,1
PDEL,DB2,1
PDEL,DB3,1
PDEL,DB4,1
PDEL,DB5,1
PDEL,DB6,1
PDEL,DB7,1
PDEL,DD1,1
PDEL,DD2,1
PDEL,DD3,1
PDEL,DD4,1
PDEL,DD5,1
PDEL,DD6,1
PDEL,FLPL,1
PDEL,FLPR,1
PDEL,HSNL,1
PDEL,HSNR,1
PDEL,I1L,1
PDEL,I1R,1
PDEL,I2L,1
PDEL,I2R,1
PDEL,IL2DL,1
PDEL,IL2DR,1
PDEL,IL2L,1
PDEL,IL2R,1
PDEL,IL2VL,1
PDEL,IL2VR,1
PDEL,NSML,1
PDEL,NSMR,1
PDEL,PDA,1
PDEL,PDEL,1
PDEL,PDER,1
PDEL,PHCL,1
PDEL,PHCR,1
PDEL,PLML,1
PDEL,PLMR,1
PDEL,PLNL,1
PDEL,PLNR,1
PDEL,PQR,1
PDEL,PVDL,1
PDEL,PVDR,1
PDEL,PVQL,1
PDEL,PVQR,1
PDEL,RIAL,1
PDEL,RIAR,1
PDEL,RIBL,1
PDEL,RIBR,1
PDEL,RICL,1
PDEL,RICR,1
PDEL,RID,1
PDEL,RIML,1
PDEL,RIMR,1
PDEL,RIS,1
PDEL,SIADL,1
PDEL,SIADR,1
PDEL,SIAVL,1
PDEL,SIAVR,1
PDEL,SIBDL,1
PDEL,SIBDR,1
PDEL,SIBVL,1
PDEL,SIBVR,1
PDEL,URYDL,1
PDEL,URYDR,1
PDEL,URYVL,1
PDEL,URYVR,1
PDEL,VA1,1
PDEL,VA10,1
PDEL,VA11,1
PDEL,VA12,1
PDEL,VA2,1
PDEL,VA3,1
PDEL,VA4,1
PDEL,VA5,1
PDEL,VA6,1
PDEL,VA7,1
PDEL,VA8,1
PDEL,VA9,1
PDEL,VB1,1
PDEL,VB10,1
PDEL,VB11,1
PDEL,VB2,1
PDEL,VB3,1
PDEL,VB4,1
PDEL,VB5,1
PDEL,VB6,1
PDEL,VB7,1
PDEL,VB8,1
PDEL,VB9,1
PDEL,VD1,1
PDEL,VD10,1
PDEL,VD11,1
PDEL,VD12,1
PDEL,VD13,1
PDEL,VD2,1
PDEL,VD3,1
PDEL,VD4,1
PDEL,VD5,1
PDEL,VD6,1
PDEL,VD7,1
PDEL,VD8,1
PDEL,VD9,1
PDER,ADEL,1
PDER,ADER,1
PDER,AIML,1
PDER,AIMR,1
PDER,ALML,1
PDER,ALMR,1
PDER,ALNL,1
PDER,ALNR,1
PDER,AS1,1
PDER,AS10,1
PDER,AS11,1
PDER,AS2,1
PDER,AS3,1
PDER,AS4,1
PDER,AS5,1
PDER,AS6,1
PDER,AS7,1
PDER,AS8,1
PDER,AS9,1
PDER,ASEL,1
PDER,ASER,1
PDER,ASGL,1
PDER,ASGR,1
PDER,ASKL,1
PDER,ASKR,1
PDER,AUAL,1
PDER,AUAR,1
PDER,AVFL,1
PDER,AVFR,1
PDER,AVL,1
PDER,AVM,1
PDER,CANL,1
PDER,CANR,1
PDER,CEPDL,1
PDER,CEPDR,1
PDER,CEPVL,1
PDER,CEPVR,1
PDER,DA1,1
PDER,DA2,1
PDER,DA3,1
PDER,DA4,1
PDER,DA5,1
PDER,DA6,1
PDER,DA7,1
PDER,DA8,1
PDER,DA9,1
PDER,DB1,1
PDER,DB2,1
PDER,DB3,1
PDER,DB4,1
PDER,DB5,1
PDER,DB6,1
PDER,DB7,1
PDER,DD1,1
PDER,DD2,1
PDER,DD3,1
PDER,DD4,1
PDER,DD5,1
PDER,DD6,1
PDER,FLPL,1
PDER,FLPR,1
PDER,HSNL,1
PDER,HSNR,1
PDER,I1L,1
PDER,I1R,1
PDER,I2L,1
PDER,I2R,1
PDER,IL2DL,1
PDER,IL2DR,1
PDER,IL2L,1
PDER,IL2R,1
PDER,IL2VL,1
PDER,IL2VR,1
PDER,NSML,1
PDER,NSMR,1
PDER,PDA,1
PDER,PDEL,1
PDER,PDER,1
PDER,PHCL,1
PDER,PHCR,1
PDER,PLML,1
PDER,PLMR,1
PDER,PLNL,1
PDER,PLNR,1
PDER,PQR,1
PDER,PVDL,1
PDER,PVDR,1
PDER,PVQL,1
PDER,PVQR,1
PDER,RIAL,1
PDER,RIAR,1
PDER,RIBL,1
PDER,RIBR,1
PDER,RICL,1
PDER,RICR,1
PDER,RID,1
PDER,RIML,1
PDER,RIMR,1
PDER,RIS,1
PDER,SIADL,1
PDER,SIADR,1
PDER,SIAVL,1
PDER,SIAVR,1
PDER,SIBDL,1
PDER,SIBDR,1
PDER,SIBVL,1
PDER,SIBVR,1
PDER,URYDL,1
PDER,URYDR,1
PDER,URYVL,1
PDER,URYVR,1
PDER,VA1,1
PDER,VA10,1
PDER,VA11,1
PDER,VA12,1
PDER,VA2,1
PDER,VA3,1
PDER,VA4,1
PDER,VA5,1
PDER,VA6,1
PDER,VA7,1
PDER,VA8,1
PDER,VA9,1
PDER,VB1,1
PDER,VB10,1
PDER,VB11,1
PDER,VB2,1
PDER,VB3,1
PDER,VB4,1
PDER,VB5,1
PDER,VB6,1
PDER,VB7,1
PDER,VB8,1
PDER,VB9,1
PDER,VD1,1
PDER,VD10,1
PDER,VD11,1
PDER,VD12,1
PDER,VD13,1
PDER,VD2,1
PDER,VD3,1
PDER,VD4,1
PDER,VD5,1
PDER,VD6,1
PDER,VD7,1
PDER,VD8,1
PDER,VD9,1
RICL,ADEL,1
RICL,ADER,1
RICL,ADLL,1
RICL,ADLR,1
RICL,AIYL,1
RICL,AIYR,1
RICL,ASHL,1
RICL,ASHR,1
RICL,ASIL,1
RICL,ASIR,1
RICL,AWBL,1
RICL,AWBR,1
RICL,CEPDL,1
RICL,CEPDR,1
RICL,CEPVL,1
RICL,CEPVR,1
RICL,PHAL,1
RICL,PHAR,1
RICL,PHBL,1
RICL,PHBR,1
RICL,PVQL,1
RICL,PVQR,1
RICL,RICL,1
RICL,RICR,1
RICL,SIADL,1
RICL,SIADR,1
RICL,SIAVL,1
RICL,SIAVR,1
RICR,ADEL,1
RICR,ADER,1
RICR,ADLL,1
RICR,ADLR,1
RICR,AIYL,1
RICR,AIYR,1
RICR,ASHL,1
RICR,ASHR,1
RICR,ASIL,1
RICR,ASIR,1
RICR,AWBL,1
RICR,AWBR,1
RICR,CEPDL,1
RICR,CEPDR,1
RICR,CEPVL,1
RICR,CEPVR,1
RICR,PHAL,1
RICR,PHAR,1
RICR,PHBL,1
RICR,PHBR,1
RICR,PVQL,1
RICR,PVQR,1
RICR,RICL,1
RICR,RICR,1
RICR,SIADL,1
RICR,SIADR,1
RICR,SIAVL,1
RICR,SIAVR,1
RIML,ADEL,1
RIML,ADER,1
RIML,ADLL,1
RIML,ADLR,1
RIML,AFDL,1
RIML,AFDR,1
RIML,AIML,1
RIML,AIMR,1
RIML,AIYL,1
RIML,AIYR,1
RIML,AIZL,1
RIML,AIZR,1
RIML,ALML,1
RIML,ALMR,1
RIML,ALNL,1
RIML,ALNR,1
RIML,ASEL,1
RIML,ASER,1
RIML,ASGL,1
RIML,ASGR,1
RIML,ASHL,1
RIML,ASHR,1
RIML,ASIL,1
RIML,ASIR,1
RIML,ASKL,1
RIML,ASKR,1
RIML,AUAL,1
RIML,AUAR,1
RIML,AVBL,1
RIML,AVBR,1
RIML,AVHL,1
RIML,AVHR,1
RIML,AVM,1
RIML,AWCL,1
RIML,AWCR,1
RIML,BAGL,1
RIML,BAGR,1
RIML,BDUL,1
RIML,BDUR,1
RIML,CANL,1
RIML,CANR,1
RIML,CEPDL,1
RIML,CEPDR,1
RIML,CEPVL,1
RIML,CEPVR,1
RIML,DA9,1
RIML,DVA,1
RIML,HSNL,1
RIML,HSNR,1
RIML,IL1DL,1
RIML,IL1DR,1
RIML,IL1L,1
RIML,IL1R,1
RIML,IL1VL,1
RIML,IL1VR,1
RIML,LUAL,1
RIML,LUAR,1
RIML,MCL,1
RIML,MCR,1
RIML,NSML,1
RIML,NSMR,1
RIML,OLLL,1
RIML,OLLR,1
RIML,OLQDL,1
RIML,OLQDR,1
RIML,OLQVL,1
RIML,OLQVR,1
RIML,PDA,1
RIML,PVCL,1
RIML,PVCR,1
RIML,PVDL,1
RIML,PVDR,1
RIML,PVT,1
RIML,RIAL,1
RIML,RIAR,1
RIML,RICL,1
RIML,RICR,1
RIML,RID,1
RIML,RMDDL,1
RIML,RMDDR,1
RIML,RMDL,1
RIML,RMDR,1
RIML,RMDVL,1
RIML,RMDVR,1
RIML,RMED,1
RIML,RMEL,1
RIML,RMER,1
RIML,RMEV,1
RIML,SABD,1
RIML,SABVL,1
RIML,SABVR,1
RIML,SDQL,1
RIML,SDQR,1
RIML,SIADL,1
RIML,SIADR,1
RIML,SIAVL,1
RIML,SIAVR,1
RIML,SMDDL,1
RIML,SMDDR,1
RIML,SMDVL,1
RIML,SMDVR,1
RIML,VD1,1
RIML,VD10,1
RIML,VD11,1
RIML,VD12,1
RIML,VD13,1
RIML,VD2,1
RIML,VD3,1
RIML,VD4,1
RIML,VD5,1
RIML,VD6,1
RIML,VD7,1
RIML,VD8,1
RIML,VD9,1
RIMR,ADEL,1
RIMR,ADER,1
RIMR,ADLL,1
RIMR,ADLR,1
RIMR,AFDL,1
RIMR,AFDR,1
RIMR,AIML,1
RIMR,AIMR,1
RIMR,AIYL,1
RIMR,AIYR,1
RIMR,AIZL,1
RIMR,AIZR,1
RIMR,ALML,1
RIMR,ALMR,1
RIMR,ALNL,1
RIMR,ALNR,1
RIMR,ASEL,1
RIMR,ASER,1
RIMR,ASGL,1
RIMR,ASGR,1
RIMR,ASHL,1
RIMR,ASHR,1
RIMR,ASIL,1
RIMR,ASIR,1
RIMR,ASKL,1
RIMR,ASKR,1
RIMR,AUAL,1
RIMR,AUAR,1
RIMR,AVBL,1
RIMR,AVBR,1
RIMR,AVHL,1
RIMR,AVHR,1
RIMR,AVM,1
RIMR,AWCL,1
RIMR,AWCR,1
RIMR,BAGL,1
RIMR,BAGR,1
RIMR,BDUL,1
RIMR,BDUR,1
RIMR,CANL,1
RIMR,CANR,1
RIMR,CEPDL,1
RIMR,CEPDR,1
RIMR,CEPVL,1
RIMR,CEPVR,1
RIMR,DA9,1
RIMR,DVA,1
RIMR,HSNL,1
RIMR,HSNR,1
RIMR,IL1DL,1
RIMR,IL1DR,1
RIMR,IL1L,1
RIMR,IL1R,1
RIMR,IL1VL,1
RIMR,IL1VR,1
RIMR,LUAL,1
RIMR,LUAR,1
RIMR,MCL,1
RIMR,MCR,1
RIMR,NSML,1
RIMR,NSMR,1
RIMR,OLLL,1
RIMR,OLLR,1
RIMR,OLQDL,1
RIMR,OLQDR,1
RIMR,OLQVL,1
RIMR,OLQVR,1
RIMR,PDA,1
RIMR,PVCL,1
RIMR,PVCR,1
RIMR,PVDL,1
RIMR,PVDR,1
RIMR,PVT,1
RIMR,RIAL,1
RIMR,RIAR,1
RIMR,RICL,1
RIMR,RICR,1
RIMR,RID,1
RIMR,RMDDL,1
RIMR,RMDDR,1
RIMR,RMDL,1
RIMR,RMDR,1
RIMR,RMDVL,1
RIMR,RMDVR,1
RIMR,RMED,1
RIMR,RMEL,1
RIMR,RMER,1
RIMR,RMEV,1
RIMR,SABD,1
RIMR,SABVL,1
RIMR,SABVR,1
RIMR,SDQL,1
RIMR,SDQR,1
RIMR,SIADL,1
RIMR,SIADR,1
RIMR,SIAVL,1
RIMR,SIAVR,1
RIMR,SMDDL,1
RIMR,SMDDR,1
RIMR,SMDVL,1
RIMR,SMDVR,1
RIMR,VD1,1
RIMR,VD10,1
RIMR,VD11,1
RIMR,VD12,1
RIMR,VD13,1
RIMR,VD2,1
RIMR,VD3,1
RIMR,VD4,1
RIMR,VD5,1
RIMR,VD6,1
RIMR,VD7,1
RIMR,VD8,1
RIMR,VD9,1
