ADEL,ADEL
ADEL,ADER
ADEL,ADFL
ADEL,ADFR
ADEL,ADLR
ADEL,AIBL
ADEL,AIML
ADEL,AIMR
ADEL,AIYL
ADEL,AIYR
ADEL,AIZR
ADEL,ALMR
ADEL,ALNR
ADEL,AS10
ADEL,AS4
ADEL,AS5
ADEL,AS8
ADEL,AS9
ADEL,ASEL
ADEL,ASER
ADEL,ASGL
ADEL,ASGR
ADEL,ASHL
ADEL,ASKL
ADEL,ASKR
ADEL,AUAL
ADEL,AUAR
ADEL,AVFR
ADEL,AVJR
ADEL,AVM
ADEL,AWBL
ADEL,AWBR
ADEL,BDUR
ADEL,CANL
ADEL,CANR
ADEL,CEPDL
ADEL,CEPDR
ADEL,CEPVL
ADEL,CEPVR
ADEL,DA2
ADEL,DA3
ADEL,DA4
ADEL,DA5
ADEL,DA6
ADEL,DA8
ADEL,DB1
ADEL,DB2
ADEL,DB3
ADEL,DB4
ADEL,DB6
ADEL,DD1
ADEL,DD2
ADEL,DD3
ADEL,DD4
ADEL,DD5
ADEL,DD6
ADEL,DVA
ADEL,FLPL
ADEL,FLPR
ADEL,HSNL
ADEL,HSNR
ADEL,I1L
ADEL,I1R
ADEL,I2L
ADEL,I2R
ADEL,I3
ADEL,I4
ADEL,I6
ADEL,IL2DL
ADEL,IL2DR
ADEL,IL2VR
ADEL,M2L
ADEL,M3L
ADEL,M4
ADEL,M5
ADEL,NSML
ADEL,NSMR
ADEL,OLQDL
ADEL,PDA
ADEL,PDEL
ADEL,PDER
ADEL,PHAL
ADEL,PHBR
ADEL,PHCR
ADEL,PLML
ADEL,PLMR
ADEL,PLNR
ADEL,PQR
ADEL,PVDL
ADEL,PVDR
ADEL,PVQL
ADEL,PVQR
ADEL,RIAL
ADEL,RIAR
ADEL,RIBL
ADEL,RIBR
ADEL,RICL
ADEL,RICR
ADEL,RID
ADEL,RIML
ADEL,RIMR
ADEL,RIS
ADEL,RMDDL
ADEL,RMDDR
ADEL,RMDL
ADEL,RMDVL
ADEL,RMDVR
ADEL,RMED
ADEL,RMER
ADEL,RMEV
ADEL,RMFL
ADEL,SDQR
ADEL,SIADL
ADEL,SIADR
ADEL,SIAVL
ADEL,SIAVR
ADEL,SIBDL
ADEL,SIBDR
ADEL,SIBVL
ADEL,URYDL
ADEL,URYDR
ADEL,URYVL
ADEL,VA10
ADEL,VA11
ADEL,VA4
ADEL,VA8
ADEL,VA9
ADEL,VB10
ADEL,VB2
ADEL,VB4
ADEL,VB6
ADEL,VB7
ADEL,VB8
ADEL,VB9
ADEL,VD1
ADEL,VD10
ADEL,VD11
ADEL,VD12
ADEL,VD13
ADEL,VD2
ADEL,VD3
ADEL,VD4
ADEL,VD5
ADEL,VD6
ADEL,VD7
ADEL,VD8
ADEL,VD9
ADER,ADER
ADER,ADFL
ADER,ADFR
ADER,AFDL
ADER,AFDR
ADER,AIAR
ADER,AIBL
ADER,AIBR
ADER,AIML
ADER,AIYR
ADER,AIZL
ADER,AIZR
ADER,ALML
ADER,ALMR
ADER,ALNL
ADER,AS10
ADER,AS3
ADER,AS4
ADER,AS5
ADER,AS7
ADER,AS8
ADER,AS9
ADER,ASEL
ADER,ASER
ADER,ASGL
ADER,ASGR
ADER,ASHR
ADER,ASIL
ADER,ASKL
ADER,ASKR
ADER,AVFL
ADER,AVFR
ADER,AVL
ADER,AVM
ADER,AWBL
ADER,CANL
ADER,CANR
ADER,CEPDL
ADER,CEPDR
ADER,CEPVL
ADER,CEPVR
ADER,DA2
ADER,DA3
ADER,DA4
ADER,DA6
ADER,DA8
ADER,DA9
ADER,DB1
ADER,DB2
ADER,DB3
ADER,DB7
ADER,DD1
ADER,DD2
ADER,DD3
ADER,DD4
ADER,DD6
ADER,DVA
ADER,FLPR
ADER,HSNL
ADER,HSNR
ADER,I1L
ADER,I1R
ADER,I2L
ADER,I2R
ADER,IL1DL
ADER,IL1R
ADER,IL1VR
ADER,IL2DL
ADER,IL2DR
ADER,IL2R
ADER,IL2VL
ADER,IL2VR
ADER,M2R
ADER,M3L
ADER,M5
ADER,MCL
ADER,MCR
ADER,NSML
ADER,NSMR
ADER,OLLR
ADER,PDA
ADER,PDEL
ADER,PDER
ADER,PHCL
ADER,PHCR
ADER,PLML
ADER,PLNL
ADER,PVCL
ADER,PVCR
ADER,PVDL
ADER,PVDR
ADER,PVQL
ADER,PVQR
ADER,RIAL
ADER,RIAR
ADER,RIBL
ADER,RIBR
ADER,RICL
ADER,RICR
ADER,RID
ADER,RIML
ADER,RIMR
ADER,RIS
ADER,RMDDL
ADER,RMDL
ADER,RMDR
ADER,RMDVR
ADER,RMEL
ADER,RMER
ADER,RMFL
ADER,RMFR
ADER,RMHR
ADER,SABVL
ADER,SIADL
ADER,SIADR
ADER,SIAVL
ADER,SIAVR
ADER,SIBVL
ADER,SIBVR
ADER,URYDL
ADER,URYVL
ADER,URYVR
ADER,VA10
ADER,VA11
ADER,VA12
ADER,VA2
ADER,VA3
ADER,VA7
ADER,VB1
ADER,VB10
ADER,VB2
ADER,VB4
ADER,VB5
ADER,VB8
ADER,VD1
ADER,VD10
ADER,VD12
ADER,VD13
ADER,VD2
ADER,VD3
ADER,VD4
ADER,VD5
ADER,VD6
ADER,VD7
ADER,VD8
ADER,VD9
ADFL,ADFR
ADFL,ADLL
ADFL,AIML
ADFL,AIMR
ADFL,AIYL
ADFL,ALNL
ADFL,AS1
ADFL,AS4
ADFL,AS5
ADFL,AS7
ADFL,ASER
ADFL,ASHL
ADFL,AUAR
ADFL,AVBL
ADFL,AVM
ADFL,CANL
ADFL,CANR
ADFL,CEPDL
ADFL,CEPDR
ADFL,CEPVL
ADFL,CEPVR
ADFL,DA5
ADFL,DA9
ADFL,DB3
ADFL,DB6
ADFL,DD1
ADFL,DD2
ADFL,DD3
ADFL,DD4
ADFL,DD5
ADFL,FLPR
ADFL,HSNL
ADFL,HSNR
ADFL,I1R
ADFL,I2R
ADFL,IL2VL
ADFL,M1
ADFL,M3R
ADFL,NSML
ADFL,NSMR
ADFL,OLQVL
ADFL,PDEL
ADFL,PDER
ADFL,PHAR
ADFL,PHCR
ADFL,PVQR
ADFL,PVT
ADFL,RIAL
ADFL,RIAR
ADFL,RIBL
ADFL,RICL
ADFL,RICR
ADFL,RID
ADFL,RIML
ADFL,RIMR
ADFL,RIS
ADFL,RMDDR
ADFL,RMDL
ADFL,RMDVL
ADFL,SIADL
ADFL,SMDVL
ADFL,URYDL
ADFL,URYDR
ADFL,URYVR
ADFL,VA1
ADFL,VA10
ADFL,VA5
ADFL,VA7
ADFL,VB11
ADFL,VB3
ADFL,VB8
ADFL,VD10
ADFL,VD11
ADFL,VD13
ADFL,VD2
ADFL,VD4
ADFL,VD5
ADFL,VD6
ADFL,VD8
ADFL,VD9
ADFR,AFDR
ADFR,AIAL
ADFR,AIZR
ADFR,AS1
ADFR,AS7
ADFR,AS8
ADFR,AS9
ADFR,ASGL
ADFR,ASGR
ADFR,ASHL
ADFR,ASHR
ADFR,ASKR
ADFR,AVFR
ADFR,BAGR
ADFR,BDUR
ADFR,CEPDL
ADFR,CEPDR
ADFR,CEPVL
ADFR,CEPVR
ADFR,DA5
ADFR,DA7
ADFR,DA9
ADFR,DB4
ADFR,DB5
ADFR,DD3
ADFR,DD5
ADFR,DD6
ADFR,DVC
ADFR,HSNL
ADFR,HSNR
ADFR,I2L
ADFR,I2R
ADFR,IL2DL
ADFR,IL2R
ADFR,IL2VL
ADFR,M5
ADFR,MCL
ADFR,NSML
ADFR,NSMR
ADFR,PDEL
ADFR,PDER
ADFR,PLMR
ADFR,PVDR
ADFR,PVQR
ADFR,RIAL
ADFR,RIAR
ADFR,RIBR
ADFR,RICL
ADFR,RICR
ADFR,RID
ADFR,RIML
ADFR,RIMR
ADFR,RMDDR
ADFR,RMDL
ADFR,RMEV
ADFR,SIADR
ADFR,SIAVR
ADFR,SIBDR
ADFR,SMDDL
ADFR,URYVL
ADFR,VA11
ADFR,VA12
ADFR,VA3
ADFR,VA6
ADFR,VB3
ADFR,VB8
ADFR,VB9
ADFR,VD1
ADFR,VD10
ADFR,VD11
ADFR,VD12
ADFR,VD13
ADFR,VD2
ADFR,VD3
ADFR,VD4
ADFR,VD5
ADFR,VD7
ADFR,VD8
ADFR,VD9
ADLL,CEPDR
ADLL,CEPVL
ADLL,RIMR
ADLR,CEPVL
ADLR,NSMR
ADLR,PDER
AFDL,CEPVR
AIAL,CEPDR
AIAL,CEPVL
AIAL,CEPVR
AIAL,HSNL
AIAL,PDER
AIAR,CEPDL
AIAR,CEPVR
AIAR,HSNR
AIAR,NSMR
AIAR,RIMR
AIBL,CEPDR
AIBL,CEPVL
AIBL,CEPVR
AIBL,PDEL
AIBR,CEPDR
AIBR,CEPVL
AIBR,LUAR
AIBR,PDER
AIBR,RIMR
AIML,CEPDL
AIML,CEPDR
AIML,CEPVL
AIML,CEPVR
AIML,NSMR
AIML,PDEL
AIML,PDER
AIMR,CEPDL
AIMR,CEPVL
AIMR,CEPVR
AIMR,HSNL
AIMR,HSNR
AIMR,PDEL
AIMR,PDER
AIMR,RIMR
AIYL,CEPDL
AIYL,CEPDR
AIYL,CEPVR
AIYL,HSNL
AIYL,PDEL
AIYL,PDER
AIYL,RICL
AIYL,RIML
AIYR,CEPDR
AIYR,CEPVL
AIYR,CEPVR
AIYR,HSNR
AIYR,NSMR
AIYR,PDEL
AIYR,PDER
AIYR,PVQL
AIZL,CEPVR
AIZL,HSNR
AIZL,NSMR
AIZL,PDEL
AIZL,PDER
AIZL,RIML
AIZL,RIMR
AIZR,CEPDL
AIZR,CEPDR
AIZR,HSNR
AIZR,NSMR
AIZR,PDEL
ALML,CEPDR
ALML,CEPVR
ALML,HSNL
ALML,HSNR
ALML,NSML
ALML,NSMR
ALML,PDEL
ALML,RIML
ALML,RIMR
ALMR,CEPDR
ALMR,CEPVL
ALMR,CEPVR
ALMR,HSNL
ALMR,NSMR
ALMR,PDEL
ALMR,PDER
ALMR,RIMR
ALNL,CEPDR
ALNL,CEPVL
ALNL,CEPVR
ALNL,NSML
ALNL,NSMR
ALNL,PDEL
ALNL,PDER
ALNL,RIMR
ALNR,CEPDL
ALNR,CEPVL
ALNR,CEPVR
ALNR,HSNL
ALNR,HSNR
ALNR,NSMR
ALNR,PDER
ALNR,RIML
ALNR,RIMR
AS1,CEPDL
AS1,CEPVR
AS1,HSNL
AS1,PDEL
AS1,PDER
AS1,RIMR
AS10,CEPDR
AS10,CEPVL
AS10,CEPVR
AS10,HSNL
AS10,PDER
AS10,RIML
AS11,CEPDL
AS11,CEPDR
AS11,CEPVL
AS11,CEPVR
AS11,HSNL
AS11,NSMR
AS11,PDEL
AS11,RIML
AS2,CEPDL
AS2,CEPVL
AS2,CEPVR
AS2,HSNL
AS2,HSNR
AS2,PDEL
AS2,PDER
AS2,SIAVR
AS3,CEPDL
AS3,CEPDR
AS3,CEPVL
AS3,NSMR
AS3,PDEL
AS3,PDER
AS3,RIMR
AS4,CEPDR
AS4,CEPVL
AS4,CEPVR
AS4,RIML
AS4,RIMR
AS5,CEPDL
AS5,CEPDR
AS5,CEPVR
AS5,HSNR
AS5,RIML
AS6,CEPDL
AS6,CEPDR
AS6,HSNR
AS6,NSMR
AS6,PDEL
AS6,PDER
AS6,RIML
AS6,RIMR
AS7,CEPVR
AS7,IL2L
AS7,NSML
AS7,PDER
AS7,RIML
AS8,CEPDR
AS8,CEPVR
AS8,HSNR
AS8,RIMR
AS8,VD11
AS9,CEPDL
AS9,CEPVR
AS9,PDEL
AS9,RIML
AS9,RIMR
ASEL,CEPDL
ASEL,CEPVL
ASEL,HSNL
ASEL,HSNR
ASEL,NSMR
ASEL,PDER
ASEL,RIML
ASEL,RIMR
ASER,CEPDR
ASER,CEPVL
ASER,HSNL
ASER,NSML
ASER,PDEL
ASER,PDER
ASER,RIML
ASGL,CEPDL
ASGL,CEPDR
ASGL,NSML
ASGL,NSMR
ASGL,PDEL
ASGL,PDER
ASGL,RICL
ASGR,CEPDR
ASGR,CEPVL
ASGR,HSNL
ASGR,NSML
ASGR,PDEL
ASGR,RIML
ASGR,RIMR
ASHL,CEPDR
ASHL,CEPVL
ASHL,HSNR
ASHL,NSMR
ASHL,PDER
ASHL,RICL
ASHL,RIMR
ASHR,CEPDL
ASHR,CEPDR
ASHR,CEPVL
ASHR,CEPVR
ASHR,PDEL
ASHR,PDER
ASHR,RIML
ASHR,RIMR
ASIL,CEPDL
ASIL,CEPDR
ASIL,PDER
ASIR,CEPDL
ASIR,HSNR
ASIR,PDER
ASIR,RIMR
ASKL,CEPDR
ASKL,CEPVL
ASKL,CEPVR
ASKL,HSNR
ASKL,NSML
ASKL,PDEL
ASKL,PDER
ASKL,RIML
ASKR,CEPDL
ASKR,CEPDR
ASKR,DA1
ASKR,HSNL
ASKR,HSNR
ASKR,PDER
ASKR,RICL
AUAL,CEPDL
AUAL,CEPDR
AUAL,CEPVL
AUAL,HSNL
AUAL,NSMR
AUAL,PDEL
AUAL,PDER
AUAL,RIML
AUAL,RIMR
AUAR,CEPDL
AUAR,CEPVL
AUAR,CEPVR
AUAR,HSNL
AUAR,PDEL
AUAR,PDER
AUAR,RIML
AUAR,RIMR
AVBL,CEPVR
AVBR,CEPDR
AVBR,HSNL
AVFL,CEPDL
AVFL,CEPDR
AVFL,CEPVR
AVFL,HSNR
AVFL,NSML
AVFL,PDEL
AVFL,PDER
AVFR,CEPDL
AVFR,CEPVR
AVFR,HSNL
AVFR,PDER
AVFR,RIMR
AVHL,CEPDR
AVHL,RIML
AVHR,HSNR
AVHR,RIMR
AVJL,CEPVL
AVJL,HSNL
AVJL,PDER
AVJL,RICL
AVJL,RIML
AVJL,RIMR
AVJR,CEPDR
AVJR,CEPVL
AVJR,HSNR
AVJR,NSML
AVJR,RIML
AVL,CEPDR
AVL,CEPVR
AVL,NSML
AVL,PDEL
AVL,PDER
AVL,RIML
AVL,RIMR
AVM,CEPDL
AVM,CEPDR
AVM,CEPVL
AVM,CEPVR
AVM,HSNR
AVM,PDER
AVM,RIML
AWBL,CEPDL
AWBL,CEPDR
AWBL,CEPVL
AWBL,HSNR
AWBL,PDEL
AWBL,RIML
AWBR,CEPDL
AWBR,CEPVL
AWBR,HSNR
AWBR,NSML
AWBR,NSMR
AWBR,PDEL
AWBR,RIML
AWCL,CEPVR
AWCL,NSMR
AWCR,HSNR
AWCR,RIMR
BAGL,CEPVL
BAGL,CEPVR
BAGR,PDEL
BDUL,CEPVR
BDUL,PDER
CANL,CEPDL
CANL,CEPVL
CANL,HSNR
CANL,PDEL
CANL,PDER
CANL,RICR
CANL,RIMR
CANR,CEPDL
CANR,CEPVL
CANR,CEPVR
CANR,NSML
CANR,NSMR
CANR,PDEL
CANR,RIMR
CEPDL,CEPDL
CEPDL,CEPDR
CEPDL,CEPVL
CEPDL,CEPVR
CEPDL,DA1
CEPDL,DA2
CEPDL,DA4
CEPDL,DA5
CEPDL,DA6
CEPDL,DA7
CEPDL,DA8
CEPDL,DB1
CEPDL,DB6
CEPDL,DB7
CEPDL,DD2
CEPDL,DD3
CEPDL,DD4
CEPDL,DD5
CEPDL,DD6
CEPDL,DVC
CEPDL,FLPL
CEPDL,FLPR
CEPDL,HSNL
CEPDL,HSNR
CEPDL,I1L
CEPDL,I2L
CEPDL,I2R
CEPDL,I4
CEPDL,IL1L
CEPDL,IL1VL
CEPDL,IL2DL
CEPDL,IL2L
CEPDL,IL2R
CEPDL,IL2VL
CEPDL,IL2VR
CEPDL,M2L
CEPDL,M2R
CEPDL,NSML
CEPDL,NSMR
CEPDL,OLLL
CEPDL,OLQDL
CEPDL,OLQDR
CEPDL,PDEL
CEPDL,PDER
CEPDL,PHAL
CEPDL,PHCL
CEPDL,PHCR
CEPDL,PLML
CEPDL,PLNR
CEPDL,PVCL
CEPDL,PVDL
CEPDL,PVDR
CEPDL,PVQL
CEPDL,PVQR
CEPDL,RIAL
CEPDL,RIAR
CEPDL,RIBL
CEPDL,RIBR
CEPDL,RICL
CEPDL,RICR
CEPDL,RID
CEPDL,RIML
CEPDL,RIMR
CEPDL,RIS
CEPDL,RMDDR
CEPDL,RMDR
CEPDL,RMDVR
CEPDL,RMED
CEPDL,RMEL
CEPDL,RMER
CEPDL,RMFL
CEPDL,RMFR
CEPDL,RMHL
CEPDL,SABD
CEPDL,SDQL
CEPDL,SIADL
CEPDL,SIADR
CEPDL,SIAVL
CEPDL,SIAVR
CEPDL,SIBDL
CEPDL,SIBDR
CEPDL,SIBVL
CEPDL,SMDDR
CEPDL,URYDL
CEPDL,URYDR
CEPDL,URYVL
CEPDL,VA1
CEPDL,VA10
CEPDL,VA11
CEPDL,VA3
CEPDL,VA4
CEPDL,VA5
CEPDL,VA6
CEPDL,VA8
CEPDL,VA9
CEPDL,VB1
CEPDL,VB10
CEPDL,VB11
CEPDL,VB3
CEPDL,VB4
CEPDL,VB5
CEPDL,VB6
CEPDL,VB7
CEPDL,VB9
CEPDL,VD10
CEPDL,VD11
CEPDL,VD13
CEPDL,VD2
CEPDL,VD3
CEPDL,VD4
CEPDL,VD5
CEPDL,VD6
CEPDL,VD7
CEPDL,VD8
CEPDL,VD9
CEPDR,CEPDR
CEPDR,CEPVL
CEPDR,CEPVR
CEPDR,DA1
CEPDR,DA2
CEPDR,DA7
CEPDR,DA9
CEPDR,DB2
CEPDR,DB3
CEPDR,DB4
CEPDR,DB5
CEPDR,DB6
CEPDR,DB7
CEPDR,DD1
CEPDR,DD3
CEPDR,DD4
CEPDR,DD5
CEPDR,DD6
CEPDR,DVC
CEPDR,FLPL
CEPDR,FLPR
CEPDR,HSNL
CEPDR,HSNR
CEPDR,I1R
CEPDR,I2L
CEPDR,I2R
CEPDR,I3
CEPDR,I4
CEPDR,IL2DR
CEPDR,IL2VL
CEPDR,IL2VR
CEPDR,LUAR
CEPDR,M2L
CEPDR,M3R
CEPDR,M4
CEPDR,M5
CEPDR,MCL
CEPDR,MCR
CEPDR,NSML
CEPDR,NSMR
CEPDR,OLQVL
CEPDR,PDA
CEPDR,PDEL
CEPDR,PDER
CEPDR,PHCL
CEPDR,PLML
CEPDR,PLMR
CEPDR,PLNL
CEPDR,PQR
CEPDR,PVDL
CEPDR,PVDR
CEPDR,PVQL
CEPDR,PVQR
CEPDR,PVT
CEPDR,RIAL
CEPDR,RIAR
CEPDR,RIBL
CEPDR,RIBR
CEPDR,RICL
CEPDR,RICR
CEPDR,RID
CEPDR,RIML
CEPDR,RIMR
CEPDR,RIS
CEPDR,RMDR
CEPDR,RMDVL
CEPDR,RMDVR
CEPDR,RMED
CEPDR,RMEL
CEPDR,RMER
CEPDR,RMEV
CEPDR,RMFR
CEPDR,SABD
CEPDR,SDQL
CEPDR,SIADL
CEPDR,SIAVL
CEPDR,SIAVR
CEPDR,SIBDL
CEPDR,SIBVL
CEPDR,SIBVR
CEPDR,SMDDR
CEPDR,URYDL
CEPDR,URYDR
CEPDR,URYVL
CEPDR,URYVR
CEPDR,VA4
CEPDR,VA5
CEPDR,VA9
CEPDR,VB2
CEPDR,VB3
CEPDR,VB5
CEPDR,VB6
CEPDR,VB7
CEPDR,VB8
CEPDR,VB9
CEPDR,VD1
CEPDR,VD10
CEPDR,VD11
CEPDR,VD12
CEPDR,VD13
CEPDR,VD2
CEPDR,VD3
CEPDR,VD4
CEPDR,VD5
CEPDR,VD6
CEPDR,VD7
CEPDR,VD8
CEPDR,VD9
CEPVL,CEPVL
CEPVL,CEPVR
CEPVL,DA2
CEPVL,DA3
CEPVL,DA4
CEPVL,DA5
CEPVL,DA6
CEPVL,DA7
CEPVL,DA9
CEPVL,DB1
CEPVL,DB2
CEPVL,DB4
CEPVL,DB5
CEPVL,DB7
CEPVL,DD2
CEPVL,DD3
CEPVL,DD4
CEPVL,DD5
CEPVL,DD6
CEPVL,DVA
CEPVL,FLPL
CEPVL,FLPR
CEPVL,HSNL
CEPVL,HSNR
CEPVL,I1L
CEPVL,I2L
CEPVL,I2R
CEPVL,I4
CEPVL,I6
CEPVL,IL2DR
CEPVL,IL2R
CEPVL,IL2VL
CEPVL,IL2VR
CEPVL,M2L
CEPVL,M2R
CEPVL,M3R
CEPVL,M4
CEPVL,M5
CEPVL,MCL
CEPVL,NSML
CEPVL,NSMR
CEPVL,OLLL
CEPVL,OLQVR
CEPVL,PDA
CEPVL,PDEL
CEPVL,PDER
CEPVL,PHCR
CEPVL,PLML
CEPVL,PLNL
CEPVL,PQR
CEPVL,PVDL
CEPVL,PVDR
CEPVL,PVQL
CEPVL,PVQR
CEPVL,RIAL
CEPVL,RIAR
CEPVL,RIBL
CEPVL,RIBR
CEPVL,RICL
CEPVL,RICR
CEPVL,RID
CEPVL,RIML
CEPVL,RIMR
CEPVL,RIS
CEPVL,RMDDL
CEPVL,RMDVL
CEPVL,RMEL
CEPVL,RMER
CEPVL,RMEV
CEPVL,RMFR
CEPVL,SIADR
CEPVL,SIAVL
CEPVL,SIBDL
CEPVL,SIBDR
CEPVL,SMDDL
CEPVL,URYDL
CEPVL,URYDR
CEPVL,URYVL
CEPVL,URYVR
CEPVL,VA1
CEPVL,VA12
CEPVL,VA2
CEPVL,VA3
CEPVL,VA5
CEPVL,VA6
CEPVL,VA7
CEPVL,VA8
CEPVL,VA9
CEPVL,VB1
CEPVL,VB11
CEPVL,VB3
CEPVL,VB4
CEPVL,VB5
CEPVL,VB6
CEPVL,VB7
CEPVL,VB8
CEPVL,VD1
CEPVL,VD10
CEPVL,VD11
CEPVL,VD12
CEPVL,VD13
CEPVL,VD2
CEPVL,VD3
CEPVL,VD4
CEPVL,VD5
CEPVL,VD6
CEPVL,VD7
CEPVL,VD8
CEPVL,VD9
CEPVR,CEPVR
CEPVR,DA1
CEPVR,DA3
CEPVR,DA4
CEPVR,DA5
CEPVR,DA6
CEPVR,DA8
CEPVR,DA9
CEPVR,DB1
CEPVR,DB2
CEPVR,DB4
CEPVR,DB7
CEPVR,DD1
CEPVR,DD2
CEPVR,DD3
CEPVR,DD4
CEPVR,DD5
CEPVR,DD6
CEPVR,DVA
CEPVR,FLPR
CEPVR,HSNL
CEPVR,HSNR
CEPVR,I1L
CEPVR,I2L
CEPVR,IL1DL
CEPVR,IL1DR
CEPVR,IL2DR
CEPVR,IL2L
CEPVR,IL2R
CEPVR,IL2VR
CEPVR,M1
CEPVR,M2R
CEPVR,M3L
CEPVR,M4
CEPVR,MCL
CEPVR,NSML
CEPVR,NSMR
CEPVR,OLQVR
CEPVR,PDEL
CEPVR,PDER
CEPVR,PHBL
CEPVR,PHCL
CEPVR,PHCR
CEPVR,PLMR
CEPVR,PLNL
CEPVR,PQR
CEPVR,PVDR
CEPVR,PVQL
CEPVR,PVQR
CEPVR,PVT
CEPVR,RIAL
CEPVR,RIAR
CEPVR,RICL
CEPVR,RICR
CEPVR,RIML
CEPVR,RIMR
CEPVR,RIS
CEPVR,RMDDR
CEPVR,RMDL
CEPVR,RMDR
CEPVR,RMDVL
CEPVR,RMDVR
CEPVR,RMED
CEPVR,RMEV
CEPVR,RMHL
CEPVR,SABVR
CEPVR,SIADL
CEPVR,SIADR
CEPVR,SIAVL
CEPVR,SIAVR
CEPVR,SIBDL
CEPVR,SIBDR
CEPVR,SIBVR
CEPVR,SMDVL
CEPVR,SMDVR
CEPVR,URYDR
CEPVR,URYVL
CEPVR,URYVR
CEPVR,VA10
CEPVR,VA11
CEPVR,VA2
CEPVR,VA3
CEPVR,VA4
CEPVR,VA9
CEPVR,VB1
CEPVR,VB11
CEPVR,VB2
CEPVR,VB3
CEPVR,VB4
CEPVR,VB5
CEPVR,VB6
CEPVR,VB7
CEPVR,VB8
CEPVR,VB9
CEPVR,VD1
CEPVR,VD11
CEPVR,VD12
CEPVR,VD13
CEPVR,VD2
CEPVR,VD3
CEPVR,VD4
CEPVR,VD5
CEPVR,VD6
CEPVR,VD7
CEPVR,VD8
CEPVR,VD9
DA1,NSML
DA1,PDEL
DA1,PDER
DA1,RIML
DA2,HSNL
DA2,NSML
DA2,PDEL
DA3,HSNL
DA3,NSML
DA3,PDER
DA3,RIMR
DA4,HSNL
DA4,PDER
DA4,RIML
DA5,HSNL
DA5,PDEL
DA6,HSNL
DA6,NSML
DA6,RIML
DA7,NSML
DA7,PDEL
DA7,PDER
DA7,RIMR
DA8,NSMR
DA8,PDER
DA8,RIML
DA8,RIMR
DA9,NSML
DA9,PDEL
DA9,PDER
DA9,VD4
DB1,HSNL
DB1,NSML
DB1,PDEL
DB2,PDEL
DB2,PDER
DB2,RIMR
DB3,PDEL
DB3,RICR
DB3,RIML
DB3,RIMR
DB4,PDEL
DB4,RIMR
DB4,VD2
DB5,HSNL
DB5,NSML
DB5,PDEL
DB5,PDER
DB5,SIBVR
DB6,NSMR
DB6,PDEL
DB6,PDER
DB6,RIMR
DB7,HSNL
DB7,NSML
DB7,PDER
DD1,HSNR
DD1,NSML
DD1,NSMR
DD1,PDEL
DD1,PDER
DD1,PVQR
DD1,RICR
DD1,RIML
DD1,RIMR
DD2,HSNR
DD2,NSML
DD2,NSMR
DD2,PDEL
DD2,PDER
DD2,RICL
DD2,RIML
DD2,RIMR
DD3,HSNL
DD3,HSNR
DD3,PDEL
DD3,PDER
DD3,RIML
DD3,RIMR
DD4,HSNL
DD4,HSNR
DD4,NSML
DD4,PDEL
DD4,PDER
DD4,RIML
DD4,RIMR
DD5,HSNL
DD5,HSNR
DD5,NSML
DD5,NSMR
DD5,PDER
DD5,RICL
DD5,RIML
DD6,HSNL
DD6,NSMR
DD6,PDEL
DD6,PDER
DD6,RICL
DD6,RIML
DD6,RIMR
DVA,HSNL
DVA,PDEL
DVA,PDER
DVA,RIMR
DVC,HSNL
DVC,PDER
DVC,RIML
FLPL,NSML
FLPL,PDEL
FLPL,PDER
FLPL,RIMR
FLPR,HSNR
HSNL,HSNR
HSNL,I2L
HSNL,I2R
HSNL,I4
HSNL,I6
HSNL,M1
HSNL,NSML
HSNL,NSMR
HSNL,PDA
HSNL,PDEL
HSNL,PDER
HSNL,PHCL
HSNL,PQR
HSNL,PVDL
HSNL,PVQL
HSNL,RIAL
HSNL,RIAR
HSNL,RIBL
HSNL,RIBR
HSNL,RICL
HSNL,RICR
HSNL,RID
HSNL,RIML
HSNL,RIMR
HSNL,RMDDL
HSNL,RMED
HSNL,RMEV
HSNL,RMHL
HSNL,RMHR
HSNL,SABVL
HSNL,SIADR
HSNL,SIAVL
HSNL,SIAVR
HSNL,URYDL
HSNL,URYDR
HSNL,URYVL
HSNL,URYVR
HSNL,VA12
HSNL,VA4
HSNL,VB5
HSNL,VB8
HSNL,VD1
HSNL,VD11
HSNL,VD12
HSNL,VD13
HSNL,VD2
HSNL,VD3
HSNL,VD5
HSNL,VD6
HSNR,IL2R
HSNR,M1
HSNR,M2R
HSNR,MCL
HSNR,NSML
HSNR,NSMR
HSNR,PDA
HSNR,PDEL
HSNR,PDER
HSNR,PHCL
HSNR,PLMR
HSNR,PLNR
HSNR,PVQL
HSNR,PVQR
HSNR,RIAL
HSNR,RIAR
HSNR,RIBR
HSNR,RICL
HSNR,RICR
HSNR,RID
HSNR,RIML
HSNR,RIMR
HSNR,RMDL
HSNR,RMDVL
HSNR,RMFL
HSNR,RMFR
HSNR,SDQR
HSNR,SIADL
HSNR,SIAVL
HSNR,SIAVR
HSNR,SIBVL
HSNR,URYDL
HSNR,URYDR
HSNR,URYVL
HSNR,URYVR
HSNR,VA2
HSNR,VA5
HSNR,VA6
HSNR,VB1
HSNR,VB9
HSNR,VD1
HSNR,VD10
HSNR,VD11
HSNR,VD12
HSNR,VD2
HSNR,VD3
HSNR,VD4
HSNR,VD5
HSNR,VD6
HSNR,VD7
HSNR,VD9
I1L,PDEL
I1L,RICL
I1L,RIMR
I1R,NSMR
I1R,PDER
I1R,RIML
I1R,VD12
I2L,NSML
I2L,NSMR
I2L,PDEL
I2L,PDER
I2L,RIML
I2L,RIMR
I2R,NSML
I2R,NSMR
I2R,PDEL
I2R,PDER
I2R,RICR
I2R,RIML
I3,NSMR
I3,PDER
I3,RICR
I3,RIML
I4,RIML
I6,PDEL
I6,RICL
I6,RIML
IL1DR,PDEL
IL1L,PDER
IL1R,NSMR
IL1VL,RIMR
IL1VR,RIMR
IL2DL,NSML
IL2DL,PDEL
IL2DL,PDER
IL2DL,RIMR
IL2DR,PDEL
IL2DR,PDER
IL2DR,RIMR
IL2L,NSML
IL2L,PDER
IL2L,RICR
IL2L,RIML
IL2L,RIMR
IL2R,PDER
IL2R,RIMR
IL2VL,PDER
IL2VL,RIML
IL2VR,RIML
IL2VR,RIMR
LUAL,PDER
LUAL,RIML
M1,PDEL
M1,PDER
M2L,RICL
M2L,RIMR
M2R,PDEL
M3L,PDEL
M3L,PDER
M3L,RIMR
M3R,PDEL
M3R,RIML
M3R,RIMR
M4,RIML
M4,RIMR
M5,PDEL
MCL,PDEL
MCL,RICR
MCR,NSML
MCR,NSMR
MCR,PDEL
MCR,PDER
MCR,RIBR
MCR,RIML
NSML,NSML
NSML,NSMR
NSML,OLLR
NSML,PDA
NSML,PDEL
NSML,PDER
NSML,PLML
NSML,PLMR
NSML,PLNR
NSML,PVDL
NSML,PVQL
NSML,PVT
NSML,RIAR
NSML,RIBL
NSML,RICL
NSML,RICR
NSML,RIML
NSML,RIMR
NSML,RIS
NSML,RMDDR
NSML,RMDR
NSML,RMDVR
NSML,RMHL
NSML,SIADR
NSML,SIAVR
NSML,SIBVR
NSML,URYDL
NSML,URYDR
NSML,URYVR
NSML,VA1
NSML,VA10
NSML,VA12
NSML,VA3
NSML,VA4
NSML,VA6
NSML,VA7
NSML,VA8
NSML,VB10
NSML,VB11
NSML,VB5
NSML,VB9
NSML,VD1
NSML,VD10
NSML,VD11
NSML,VD12
NSML,VD13
NSML,VD3
NSML,VD4
NSML,VD5
NSML,VD6
NSML,VD7
NSML,VD8
NSML,VD9
NSMR,NSMR
NSMR,PDEL
NSMR,PDER
NSMR,PHBL
NSMR,PHCR
NSMR,PLNL
NSMR,PVQL
NSMR,PVQR
NSMR,RIBL
NSMR,RIBR
NSMR,RICL
NSMR,RICR
NSMR,RID
NSMR,RIML
NSMR,RIMR
NSMR,RIS
NSMR,RMDR
NSMR,RMED
NSMR,RMER
NSMR,RMFR
NSMR,RMHR
NSMR,SIADR
NSMR,SIAVL
NSMR,SIBDL
NSMR,SIBDR
NSMR,SIBVL
NSMR,URYDL
NSMR,URYDR
NSMR,URYVL
NSMR,URYVR
NSMR,VA1
NSMR,VA11
NSMR,VA2
NSMR,VA4
NSMR,VA7
NSMR,VA8
NSMR,VB1
NSMR,VB10
NSMR,VB4
NSMR,VD1
NSMR,VD10
NSMR,VD11
NSMR,VD12
NSMR,VD13
NSMR,VD2
NSMR,VD3
NSMR,VD5
NSMR,VD6
NSMR,VD7
NSMR,VD8
NSMR,VD9
OLQDR,PDEL
PDA,PDEL
PDA,PDER
PDA,RIML
PDEL,PDEL
PDEL,PDER
PDEL,PHBR
PDEL,PHCL
PDEL,PLML
PDEL,PLMR
PDEL,PLNL
PDEL,PLNR
PDEL,PVDL
PDEL,PVDR
PDEL,PVQL
PDEL,PVQR
PDEL,PVT
PDEL,RIAL
PDEL,RIAR
PDEL,RICL
PDEL,RICR
PDEL,RIML
PDEL,RIMR
PDEL,RIS
PDEL,RMDDL
PDEL,RMDDR
PDEL,RMDL
PDEL,RMDR
PDEL,RMDVL
PDEL,RMDVR
PDEL,RMED
PDEL,RMEL
PDEL,RMER
PDEL,RMEV
PDEL,RMFL
PDEL,RMHL
PDEL,RMHR
PDEL,SIADL
PDEL,SIADR
PDEL,SIAVL
PDEL,SIAVR
PDEL,SIBDR
PDEL,SIBVL
PDEL,SIBVR
PDEL,URYDL
PDEL,URYDR
PDEL,URYVL
PDEL,URYVR
PDEL,VA1
PDEL,VA10
PDEL,VA11
PDEL,VA12
PDEL,VA2
PDEL,VA5
PDEL,VA6
PDEL,VA8
PDEL,VA9
PDEL,VB10
PDEL,VB2
PDEL,VB5
PDEL,VB6
PDEL,VB7
PDEL,VD1
PDEL,VD10
PDEL,VD11
PDEL,VD12
PDEL,VD13
PDEL,VD2
PDEL,VD3
PDEL,VD4
PDEL,VD5
PDEL,VD6
PDEL,VD7
PDEL,VD8
PDEL,VD9
PDER,PDER
PDER,PLML
PDER,PLNL
PDER,PLNR
PDER,PQR
PDER,PVCR
PDER,PVDR
PDER,PVQL
PDER,PVQR
PDER,PVT
PDER,RIAL
PDER,RIAR
PDER,RIBL
PDER,RIBR
PDER,RICL
PDER,RICR
PDER,RID
PDER,RIML
PDER,RIMR
PDER,RIS
PDER,RMDDL
PDER,RMDDR
PDER,RMDVR
PDER,RMED
PDER,RMEL
PDER,RMFL
PDER,RMHL
PDER,RMHR
PDER,SABVR
PDER,SIADL
PDER,SIADR
PDER,SIBDL
PDER,SIBVR
PDER,URYDL
PDER,URYVL
PDER,URYVR
PDER,VA1
PDER,VA10
PDER,VA11
PDER,VA12
PDER,VA2
PDER,VA3
PDER,VA4
PDER,VA5
PDER,VA6
PDER,VA9
PDER,VB10
PDER,VB11
PDER,VB2
PDER,VB4
PDER,VB6
PDER,VB7
PDER,VD1
PDER,VD10
PDER,VD11
PDER,VD12
PDER,VD13
PDER,VD2
PDER,VD3
PDER,VD4
PDER,VD5
PDER,VD6
PDER,VD7
PDER,VD8
PDER,VD9
PHAR,RIMR
PHCL,RIML
PHCR,RIMR
PLMR,RIMR
PLNL,RIML
PLNR,RIML
PLNR,RIMR
PQR,RIML
PQR,RIMR
PVDL,RIML
PVDL,RIMR
PVDR,RIML
PVQL,RICL
PVQL,RIML
PVQL,RIMR
PVQR,RICL
PVQR,RICR
PVQR,RIMR
PVT,RIML
PVT,RIMR
RIAL,RICR
RIAL,RIML
RIAL,RIMR
RIAL,SIADL
RIAR,RIML
RIAR,RIMR
RIAR,VD5
RIBL,RICL
RIBL,RIML
RIBL,RIS
RIBL,VD10
RIBR,RICL
RIBR,RIML
RIBR,RIMR
RICL,RICL
RICL,RICR
RICL,RID
RICL,RIML
RICL,RIMR
RICL,SIBDL
RICL,VB1
RICL,VD1
RICL,VD3
RICR,RICR
RICR,RID
RICR,RIML
RICR,RIMR
RICR,RMDR
RICR,URYVR
RICR,VA7
RICR,VD1
RICR,VD10
RICR,VD12
RICR,VD2
RICR,VD4
RICR,VD6
RICR,VD7
RID,RIML
RID,RIMR
RID,VD13
RIML,RIMR
RIML,RIS
RIML,RMDDL
RIML,RMDVL
RIML,RMEL
RIML,RMHR
RIML,SIAVL
RIML,SIAVR
RIML,SIBVR
RIML,SMDVR
RIML,URYDL
RIML,URYDR
RIML,URYVL
RIML,URYVR
RIML,VA1
RIML,VA2
RIML,VA5
RIML,VA7
RIML,VA8
RIML,VA9
RIML,VB10
RIML,VB11
RIML,VB2
RIML,VB3
RIML,VB4
RIML,VB6
RIML,VB7
RIML,VB9
RIML,VD1
RIML,VD10
RIML,VD11
RIML,VD12
RIML,VD2
RIML,VD3
RIML,VD4
RIML,VD6
RIML,VD7
RIML,VD8
RIMR,RIS
RIMR,RMDDL
RIMR,RMEL
RIMR,RMER
RIMR,RMEV
RIMR,SIADL
RIMR,SIADR
RIMR,SIAVL
RIMR,SIBDR
RIMR,SIBVL
RIMR,URYDL
RIMR,URYDR
RIMR,URYVL
RIMR,URYVR
RIMR,VA12
RIMR,VA3
RIMR,VA7
RIMR,VA8
RIMR,VB11
RIMR,VB2
RIMR,VB3
RIMR,VD1
RIMR,VD10
RIMR,VD11
RIMR,VD12
RIMR,VD3
RIMR,VD4
RIMR,VD5
RIMR,VD6
RIMR,VD7
RIMR,VD8
RIMR,VD9
RMDL,VD9
SIADL,VB1
URYDR,VD8
VA6,VD9
VD13,VD7
VD13,VD8
