ADAL,ADFL
ADAL,AIMR
ADAL,AIYL
ADAL,AS8
ADAL,AVAL
ADAL,AVAR
ADAL,AVG
ADAL,AVJR
ADAL,AWAR
ADAL,BAGR
ADAL,CEPDL
ADAL,CEPDR
ADAL,DD1
ADAL,DVA
ADAL,LUAR
ADAL,PHAL
ADAL,PHBR
ADAL,PVQR
ADAL,PVR
ADAL,RIBL
ADAL,RIML
ADAL,RIR
ADAL,RIVL
ADAL,RMDL
ADAL,RMDR
ADAL,RMER
ADAL,RMGR
ADAL,SDQL
ADAL,SIAVL
ADAL,SMBDR
ADAL,SMBVL
ADAL,SMDVL
ADAL,URYDR
ADAL,VA12
ADAL,VD3
ADAR,ADER
ADAR,ADLR
ADAR,AIBL
ADAR,AIML
ADAR,AS10
ADAR,AUAR
ADAR,AVAL
ADAR,AVDR
ADAR,DVA
ADAR,IL2L
ADAR,MI
ADAR,PLNR
ADAR,PVPR
ADAR,PVQR
ADAR,PVWR
ADAR,RIAR
ADAR,RIGL
ADAR,RIH
ADAR,RIPR
ADAR,RIVL
ADAR,RMDL
ADAR,RMDR
ADAR,RMED
ADAR,SIAVL
ADAR,SIBDR
ADAR,URBR
ADAR,VA3
ADAR,VB1
ADAR,VC1
ADAR,VC3
ADAR,VD10
ADAR,VD5
ADEL,AINL
ADEL,AIZL
ADEL,AIZR
ADEL,AVAL
ADEL,AVAR
ADEL,AVBR
ADEL,AVDL
ADEL,AVDR
ADEL,AVHR
ADEL,AVJR
ADEL,AVKL
ADEL,DB4
ADEL,IL1L
ADEL,IL1VL
ADEL,IL1VR
ADEL,OLQDL
ADEL,PHCR
ADEL,PVCR
ADEL,PVQL
ADEL,RIAL
ADEL,RICR
ADEL,RIML
ADEL,RMDDL
ADEL,RMHL
ADEL,SABD
ADEL,SABVL
ADEL,SDQR
ADEL,SIBDL
ADEL,SIBVL
ADEL,SIBVR
ADEL,SMBDL
ADEL,SMDDR
ADEL,SMDVR
ADEL,VA11
ADEL,VB4
ADEL,VD2
ADER,ADFL
ADER,ADFR
ADER,ADLR
ADER,AIZL
ADER,ASEL
ADER,ASIL
ADER,ASKR
ADER,AVAR
ADER,AVBL
ADER,CEPDL
ADER,DVC
ADER,OLLR
ADER,OLQDL
ADER,PVDL
ADER,PVPL
ADER,PVWL
ADER,RIAL
ADER,RID
ADER,RIFR
ADER,RIPL
ADER,RMDDR
ADER,RMDVR
ADER,RMEV
ADER,SMBDL
ADER,URXL
ADER,URYDR
ADER,VA4
ADER,VB3
ADER,VD11
ADFL,ADFR
ADFL,ADLL
ADFL,AIML
ADFL,AIMR
ADFL,AINL
ADFL,ALNR
ADFL,AS1
ADFL,ASJL
ADFL,AVAR
ADFL,AVFL
ADFL,AVFR
ADFL,AVHR
ADFL,AVJL
ADFL,DD1
ADFL,PVNR
ADFL,RIR
ADFL,RMDVL
ADFL,RMEL
ADFL,SAAVL
ADFL,SMDVR
ADFL,VA11
ADFL,VB4
ADFL,VC6
ADFR,AIBL
ADFR,AIYR
ADFR,AIZL
ADFR,AS10
ADFR,ASEL
ADFR,ASHL
ADFR,ASHR
ADFR,AVAL
ADFR,AVDR
ADFR,AVER
ADFR,AVM
ADFR,AWCR
ADFR,IL1VL
ADFR,NSMR
ADFR,OLQVL
ADFR,PVDR
ADFR,PVR
ADFR,RIFR
ADFR,RIS
ADFR,RMEV
ADFR,SABD
ADFR,URBR
ADFR,VA10
ADFR,VA4
ADFR,VB11
ADFR,VC2
ADLL,AS10
ADLL,AS2
ADLL,ASEL
ADLL,AUAL
ADLL,AVAL
ADLL,AVAR
ADLL,AVBL
ADLL,AVDR
ADLL,AVEL
ADLL,AVHL
ADLL,AVKL
ADLL,DA8
ADLL,DD1
ADLL,HSNR
ADLL,I3
ADLL,IL1R
ADLL,PDER
ADLL,PVWR
ADLL,RIFR
ADLL,RIS
ADLL,SAADL
ADLL,SMBVR
ADLL,URYVR
ADLL,VA11
ADLL,VB4
ADLL,VD13
ADLL,VD4
ADLL,VD5
ADLR,AIBL
ADLR,AIBR
ADLR,AINL
ADLR,AIYL
ADLR,AIZR
ADLR,AS4
ADLR,ASER
ADLR,AVAR
ADLR,AVBL
ADLR,AVEL
ADLR,AVER
ADLR,AVFR
ADLR,AWCL
ADLR,DB1
ADLR,DB5
ADLR,DD1
ADLR,FLPL
ADLR,LUAL
ADLR,PLMR
ADLR,RIFR
ADLR,RIS
ADLR,RMDR
ADLR,RMDVL
ADLR,RMDVR
ADLR,SABD
ADLR,SMBVR
ADLR,SMDDL
ADLR,VA11
ADLR,VA6
ADLR,VB1
ADLR,VB2
ADLR,VC4
ADLR,VD5
AFDL,ALML
AFDL,AVBL
AFDL,AVER
AFDL,AVFR
AFDL,AVG
AFDL,DA8
AFDL,LUAR
AFDL,PHCR
AFDL,PVPL
AFDL,RIFR
AFDL,RIH
AFDL,RMDVR
AFDL,SMDDR
AFDL,URBR
AFDL,VB9
AFDL,VD11
AFDR,ALNL
AFDR,ASEL
AFDR,DVA
AFDR,DVC
AFDR,HSNL
AFDR,IL1L
AFDR,OLLL
AFDR,PDB
AFDR,PVR
AFDR,PVT
AFDR,RIBL
AFDR,RIR
AFDR,RMDVR
AFDR,VA7
AIAL,AIBR
AIAL,AIMR
AIAL,ASEL
AIAL,AVAL
AIAL,AVAR
AIAL,AVBL
AIAL,AVBR
AIAL,AVER
AIAL,AVFL
AIAL,AVJL
AIAL,AVKL
AIAL,AVM
AIAL,AWCL
AIAL,CEPVL
AIAL,IL1VL
AIAL,IL2L
AIAL,IL2VL
AIAL,OLQDL
AIAL,PDEL
AIAL,PVQR
AIAL,PVWL
AIAL,RIAR
AIAL,RIBR
AIAL,SIAVR
AIAL,URBL
AIAL,VA6
AIAL,VC1
AIAL,VD9
AIAR,AIBR
AIAR,AIYL
AIAR,AVAL
AIAR,AVFL
AIAR,AVHL
AIAR,AVKL
AIAR,AVL
AIAR,BAGL
AIAR,DB4
AIAR,HSNR
AIAR,IL1L
AIAR,PVNL
AIAR,PVNR
AIAR,PVPL
AIAR,PVR
AIAR,RIAR
AIAR,RMDVL
AIAR,SMDVL
AIAR,URXR
AIAR,VD2
AIBL,AS10
AIBL,AS6
AIBL,ASHL
AIBL,AVAL
AIBL,AVAR
AIBL,AVBL
AIBL,AVDR
AIBL,AVFR
AIBL,AVKR
AIBL,AVL
AIBL,AWAL
AIBL,AWAR
AIBL,AWBL
AIBL,CEPDR
AIBL,CEPVR
AIBL,DD3
AIBL,DVC
AIBL,HSNL
AIBL,I1R
AIBL,IL1DR
AIBL,IL2DL
AIBL,MCL
AIBL,NSMR
AIBL,PVCR
AIBL,PVNR
AIBL,PVR
AIBL,PVT
AIBL,RIFR
AIBL,RIGL
AIBL,RIGR
AIBL,RMDDR
AIBL,RMDR
AIBL,RMFL
AIBL,SAAVR
AIBL,SMDVR
AIBL,URAVL
AIBL,URAVR
AIBL,URYDR
AIBL,URYVL
AIBL,VA10
AIBL,VA6
AIBL,VB1
AIBL,VB11
AIBL,VD5
AIBL,VD9
AIBR,AIZR
AIBR,ASHR
AIBR,ASJL
AIBR,AUAL
AIBR,AVAR
AIBR,AVBL
AIBR,AVDL
AIBR,AVDR
AIBR,AVFR
AIBR,AVHR
AIBR,AVM
AIBR,DA3
AIBR,DA5
AIBR,DB3
AIBR,DB6
AIBR,DD2
AIBR,FLPR
AIBR,IL1R
AIBR,M4
AIBR,OLQDL
AIBR,PHAR
AIBR,PHBL
AIBR,PHCR
AIBR,PVCR
AIBR,PVNL
AIBR,PVPL
AIBR,PVPR
AIBR,RIBR
AIBR,RICL
AIBR,RIML
AIBR,RIMR
AIBR,RIR
AIBR,RMDVL
AIBR,RMGR
AIBR,RMHL
AIBR,RMHR
AIBR,SAAVL
AIBR,SAAVR
AIBR,SMBVL
AIBR,VA1
AIBR,VA2
AIBR,VA8
AIBR,VA9
AIBR,VB1
AIBR,VB10
AIBR,VC2
AIML,AINL
AIML,ASKR
AIML,AVAR
AIML,AVFL
AIML,AWBL
AIML,DA5
AIML,IL1R
AIML,OLQVL
AIML,PVNR
AIML,PVR
AIML,PVWL
AIML,RIBR
AIML,RMDVR
AIML,SIADL
AIML,URADR
AIML,VA10
AIML,VB5
AIMR,ASER
AIMR,ASHL
AIMR,AVBR
AIMR,AVER
AIMR,AWBL
AIMR,AWBR
AIMR,DA4
AIMR,DA9
AIMR,DD6
AIMR,DVB
AIMR,LUAL
AIMR,M4
AIMR,MI
AIMR,OLQDL
AIMR,PVPR
AIMR,PVQL
AIMR,RIBL
AIMR,RIBR
AIMR,RMDVL
AIMR,RMFL
AIMR,RMHL
AIMR,SMBDR
AIMR,SMDVL
AIMR,URXL
AIMR,VA8
AIMR,VD13
AINL,AS8
AINL,ASHR
AINL,AVAL
AINL,AVAR
AINL,AVBL
AINL,CEPDR
AINL,FLPL
AINL,M3L
AINL,M3R
AINL,OLLR
AINL,OLQVL
AINL,RIFR
AINL,RMGL
AINL,URYVR
AINL,VD9
AINR,AS6
AINR,ASHR
AINR,ASJL
AINR,AVAL
AINR,AVBL
AINR,AVDL
AINR,AVJR
AINR,DA5
AINR,DB1
AINR,DD3
AINR,I5
AINR,IL2VR
AINR,PHAL
AINR,RICR
AINR,RIH
AINR,RIML
AINR,RIR
AINR,RMHL
AINR,SMBDR
AINR,SMDDL
AINR,VC2
AINR,VD3
AINR,VD4
AIYL,AS1
AIYL,AS7
AIYL,AVBL
AIYL,AVBR
AIYL,AVHL
AIYL,AVHR
AIYL,AVM
AIYL,DA9
AIYL,OLLR
AIYL,PVPL
AIYL,PVWR
AIYL,RIMR
AIYL,RIS
AIYL,RMER
AIYL,RMHL
AIYL,SMDVL
AIYL,VD6
AIYR,AS10
AIYR,ASGL
AIYR,AVDL
AIYR,AVJL
AIYR,DA2
AIYR,DD1
AIYR,HSNR
AIYR,I4
AIYR,MI
AIYR,PQR
AIYR,RMDL
AIYR,SAAVL
AIYR,SIAVR
AIYR,SMBDL
AIYR,VA12
AIYR,VA4
AIYR,VA6
AIYR,VB2
AIYR,VC3
AIYR,VD3
AIZL,ALNL
AIZL,AS9
AIZL,ASEL
AIZL,AVAR
AIZL,AVBR
AIZL,AVDR
AIZL,AVHL
AIZL,AVHR
AIZL,AVJR
AIZL,AWAL
AIZL,BAGL
AIZL,BAGR
AIZL,BDUL
AIZL,CEPDR
AIZL,DA7
AIZL,DD3
AIZL,IL1VR
AIZL,PHBR
AIZL,PVCL
AIZL,PVCR
AIZL,PVDL
AIZL,PVPL
AIZL,PVT
AIZL,RIAL
AIZL,RIFL
AIZL,RIFR
AIZL,RIMR
AIZL,RMDL
AIZL,RMDR
AIZL,RMER
AIZL,URYDL
AIZL,URYDR
AIZL,VA5
AIZR,AQR
AIZR,ASER
AIZR,AVBL
AIZR,AVBR
AIZR,AVDR
AIZR,AVEL
AIZR,AVG
AIZR,AWBR
AIZR,DA4
AIZR,DA8
AIZR,DD6
AIZR,DVA
AIZR,DVC
AIZR,IL2R
AIZR,NSML
AIZR,OLQVL
AIZR,PVCR
AIZR,PVNR
AIZR,RIAL
AIZR,RICL
AIZR,RMDDR
AIZR,RMDVL
AIZR,SIADR
AIZR,SIBDR
AIZR,URBR
AIZR,VB1
AIZR,VD2
AIZR,VD4
ALA,ASEL
ALA,AVAL
ALA,AWBR
ALA,CEPVL
ALA,DA5
ALA,DB1
ALA,PVCL
ALA,PVCR
ALA,RIMR
ALA,RIVR
ALA,RMER
ALA,SAADR
ALA,VA5
ALA,VB7
ALML,AUAR
ALML,AVG
ALML,CEPDR
ALML,CEPVL
ALML,CEPVR
ALML,DA1
ALML,DB4
ALML,DD6
ALML,HSNR
ALML,I3
ALML,IL1VR
ALML,PVPL
ALML,RIAR
ALML,RIGL
ALML,RIGR
ALML,RIH
ALML,RMDDL
ALML,RMDDR
ALML,RMDVR
ALML,RMGR
ALML,SIBVR
ALML,URYDR
ALML,VA8
ALMR,AVBL
ALMR,AVDR
ALMR,AVFL
ALMR,AVG
ALMR,AVJL
ALMR,CEPVL
ALMR,DVA
ALMR,DVC
ALMR,LUAL
ALMR,RIGL
ALMR,RIMR
ALMR,RIPL
ALMR,RIVR
ALMR,SMBDR
ALNL,AS5
ALNL,AVKR
ALNL,BDUR
ALNL,DD1
ALNL,I1L
ALNL,PQR
ALNL,PVCR
ALNL,PVR
ALNR,AVAL
ALNR,AVDL
ALNR,AVEL
ALNR,BAGL
ALNR,M3L
ALNR,PVCR
ALNR,PVNR
ALNR,PVWL
ALNR,RIVR
ALNR,RMEL
ALNR,SIBVL
ALNR,URYDR
ALNR,VA7
AQR,AVAL
AQR,AVBR
AQR,AVDR
AQR,AVEL
AQR,AVFR
AQR,AVL
AQR,CEPDR
AQR,DA7
AQR,DVA
AQR,DVC
AQR,OLLL
AQR,PDA
AQR,PHBR
AQR,PVCR
AQR,PVPL
AQR,RIAL
AQR,RIAR
AQR,RIBL
AQR,RIBR
AQR,RIR
AQR,RMGL
AQR,URADR
AQR,URYVL
AQR,URYVR
AS1,ASKL
AS1,AVDR
AS1,AVER
AS1,DD1
AS1,I2L
AS1,I5
AS1,IL2L
AS1,M5
AS1,OLQDL
AS1,PVDL
AS1,SAAVL
AS1,SIADR
AS1,VC3
AS1,VD10
AS10,DD2
AS10,OLQDL
AS10,PVCL
AS10,RIFL
AS10,RIMR
AS10,RIS
AS10,RMDVR
AS10,SMDDR
AS10,VA12
AS10,VB4
AS11,ASIL
AS11,ASIR
AS11,AVDR
AS11,AVEL
AS11,AVER
AS11,AVFR
AS11,AVG
AS11,BDUR
AS11,CEPVL
AS11,DA9
AS11,HSNL
AS11,PVNR
AS11,PVQL
AS11,RIAL
AS11,RIH
AS11,RIMR
AS11,RMDVL
AS11,SIADL
AS11,SIBVR
AS11,URXL
AS11,URXR
AS11,VA11
AS11,VD9
AS2,ASKR
AS2,AVBR
AS2,AVHL
AS2,AVHR
AS2,CEPVR
AS2,DB7
AS2,DD2
AS2,DVA
AS2,I4
AS2,PVCR
AS2,SABD
AS2,VA2
AS2,VA4
AS3,AVAL
AS3,AVAR
AS3,AVBL
AS3,DB5
AS3,PVNR
AS3,RMDVR
AS3,RMGR
AS3,VD9
AS4,AVDL
AS4,AVEL
AS4,AVHR
AS4,BDUL
AS4,DVA
AS4,FLPL
AS4,PVNL
AS4,PVPL
AS4,RIH
AS4,VA7
AS4,VB11
AS4,VC3
AS5,AVAR
AS5,AVBR
AS5,BDUL
AS5,IL1DR
AS5,RIAL
AS5,RMFL
AS5,VB4
AS5,VC6
AS5,VD12
AS6,AVBR
AS6,AVJR
AS6,IL2R
AS6,RIGR
AS6,VB9
AS6,VD12
AS7,DA1
AS7,RICR
AS7,URXR
AS7,URYVL
AS7,VB11
AS7,VD8
AS8,PDEL
AS8,RIMR
AS8,RMDL
AS8,RMGR
AS8,SIBDL
AS9,AVAL
AS9,AVJL
AS9,DA2
AS9,RIS
AS9,VA1
ASEL,ASER
ASEL,ASKR
ASEL,AVAL
ASEL,AVER
ASEL,AVFL
ASEL,DA5
ASEL,DB6
ASEL,DVA
ASEL,PQR
ASEL,RIAL
ASEL,RIVR
ASEL,RMGL
ASEL,SAAVL
ASEL,VA4
ASEL,VB3
ASEL,VB4
ASEL,VD1
ASER,ASGL
ASER,ASHL
ASER,ASKR
ASER,AVDR
ASER,AVFL
ASER,AVKL
ASER,AVKR
ASER,AWCL
ASER,CEPDL
ASER,DVC
ASER,I1L
ASER,I3
ASER,IL1DR
ASER,LUAL
ASER,PVCL
ASER,RIBR
ASER,RMGR
ASER,VA10
ASER,VB3
ASER,VB5
ASER,VD6
ASGL,ASIR
ASGL,AVAL
ASGL,AVBR
ASGL,AWBL
ASGL,I1R
ASGL,OLQVL
ASGL,RICL
ASGL,RID
ASGL,SMBVR
ASGL,VD11
ASGR,AVAR
ASGR,AVDR
ASGR,AVJR
ASGR,AWBR
ASGR,DA5
ASGR,DA8
ASGR,FLPR
ASGR,IL2VR
ASGR,NSML
ASGR,PVNL
ASGR,RIAL
ASGR,RICL
ASGR,RID
ASGR,RIML
ASGR,RIMR
ASGR,RMEL
ASGR,SABD
ASHL,ASIL
ASHL,ASKR
ASHL,AVBR
ASHL,AVDL
ASHL,BDUL
ASHL,DA4
ASHL,DD3
ASHL,FLPR
ASHL,HSNR
ASHL,I6
ASHL,OLLR
ASHL,PHCL
ASHL,PVCL
ASHL,PVDL
ASHL,RMHL
ASHL,URBL
ASHL,URBR
ASHL,URXL
ASHL,VA11
ASHL,VA12
ASHL,VA3
ASHL,VA9
ASHR,AVBL
ASHR,AVBR
ASHR,AVDL
ASHR,AVG
ASHR,AVKL
ASHR,AVL
ASHR,AVM
ASHR,AWBL
ASHR,AWCR
ASHR,DB3
ASHR,DD1
ASHR,DD5
ASHR,IL2VR
ASHR,MI
ASHR,PVCR
ASHR,PVNL
ASHR,RIBL
ASHR,RIBR
ASHR,RID
ASHR,RIGL
ASHR,RIMR
ASHR,RMDVL
ASHR,RMED
ASHR,SDQL
ASHR,SIADR
ASHR,SMBVL
ASHR,SMDDR
ASHR,URXL
ASHR,URYVR
ASHR,VA12
ASHR,VB1
ASHR,VD7
ASIL,AVAL
ASIL,AWBL
ASIL,DD2
ASIL,HSNR
ASIL,IL2L
ASIL,PVCR
ASIL,RIPL
ASIL,RIS
ASIL,RMDR
ASIL,RMHL
ASIL,RMHR
ASIL,SIBDL
ASIL,SMBVR
ASIL,URADR
ASIL,URAVR
ASIL,VD4
ASIL,VD5
ASIR,AVAR
ASIR,AVBL
ASIR,AWBR
ASIR,DA4
ASIR,DVA
ASIR,OLQDR
ASIR,PVCL
ASIR,PVPR
ASIR,PVR
ASIR,PVT
ASIR,RIBR
ASIR,RMGL
ASIR,VB8
ASJL,AVAR
ASJL,AVBL
ASJL,AVHR
ASJL,AVKR
ASJL,CEPDL
ASJL,DA5
ASJL,DVA
ASJL,RIBL
ASJL,SMDDR
ASJL,URYVL
ASJL,VD4
ASJR,AVEL
ASJR,DD6
ASJR,FLPR
ASJR,PVCL
ASJR,RIH
ASJR,RMGL
ASJR,URYVL
ASKL,AVAL
ASKL,AVG
ASKL,DA8
ASKL,DB3
ASKL,DD1
ASKL,PVCL
ASKL,PVCR
ASKL,RIFR
ASKL,SIBVR
ASKL,SMDVL
ASKL,VA2
ASKR,AVAL
ASKR,AVJL
ASKR,DA3
ASKR,DB2
ASKR,DB6
ASKR,DB7
ASKR,I1R
ASKR,OLQVR
ASKR,PHBR
ASKR,PLMR
ASKR,PVCL
ASKR,PVNR
ASKR,RIGR
ASKR,URAVR
ASKR,URYVL
ASKR,VC5
AUAL,AVBR
AUAL,AVDL
AUAL,AVG
AUAL,AVHL
AUAL,AVJL
AUAL,AVKR
AUAL,CEPDR
AUAL,DD1
AUAL,DD5
AUAL,M1
AUAL,RIGL
AUAL,RIR
AUAL,RIS
AUAL,RMFL
AUAL,VB1
AUAL,VB9
AUAL,VD12
AUAR,AVBL
AUAR,BAGR
AUAR,CEPDR
AUAR,CEPVR
AUAR,DVA
AUAR,IL2DR
AUAR,IL2R
AUAR,PQR
AUAR,PVCL
AUAR,PVPR
AUAR,RIGR
AUAR,RMGL
AUAR,SDQL
AUAR,VD1
AVAL,AVAR
AVAL,AVBL
AVAL,AVBR
AVAL,AVER
AVAL,AVFL
AVAL,AVHL
AVAL,AVJR
AVAL,AVKL
AVAL,AVL
AVAL,AVM
AVAL,BAGL
AVAL,CEPVL
AVAL,CEPVR
AVAL,DA2
AVAL,DA8
AVAL,DA9
AVAL,DB1
AVAL,DB2
AVAL,DB3
AVAL,DB5
AVAL,DB7
AVAL,DD1
AVAL,DD2
AVAL,DD3
AVAL,DVA
AVAL,FLPR
AVAL,I1L
AVAL,I3
AVAL,IL1DL
AVAL,IL1VL
AVAL,IL2DL
AVAL,IL2L
AVAL,LUAL
AVAL,MI
AVAL,NSMR
AVAL,OLQDL
AVAL,OLQDR
AVAL,PDA
AVAL,PHBR
AVAL,PVCL
AVAL,PVDL
AVAL,PVDR
AVAL,PVNL
AVAL,PVNR
AVAL,PVPL
AVAL,PVQL
AVAL,PVR
AVAL,RIGL
AVAL,RIML
AVAL,RIPR
AVAL,RIS
AVAL,RIVR
AVAL,RMDR
AVAL,RMDVL
AVAL,RMED
AVAL,RMEV
AVAL,RMGR
AVAL,SAADL
AVAL,SAADR
AVAL,SAAVL
AVAL,SAAVR
AVAL,SABVR
AVAL,SDQL
AVAL,SDQR
AVAL,SIBDL
AVAL,SIBDR
AVAL,SIBVL
AVAL,SMBVL
AVAL,SMBVR
AVAL,SMDVL
AVAL,URADR
AVAL,URBR
AVAL,VA11
AVAL,VA3
AVAL,VB11
AVAL,VB7
AVAL,VD10
AVAL,VD3
AVAL,VD7
AVAR,AVBL
AVAR,AVDL
AVAR,AVDR
AVAR,AVEL
AVAR,AVER
AVAR,AVFL
AVAR,AVFR
AVAR,AVHL
AVAR,AVHR
AVAR,AVKL
AVAR,AVKR
AVAR,AVM
AVAR,AWAR
AVAR,AWBR
AVAR,AWCL
AVAR,BDUL
AVAR,CEPDL
AVAR,CEPVL
AVAR,CEPVR
AVAR,DA1
AVAR,DA8
AVAR,DB2
AVAR,DB3
AVAR,DD2
AVAR,DD6
AVAR,DVA
AVAR,I1L
AVAR,I2L
AVAR,IL1VR
AVAR,IL2DL
AVAR,IL2DR
AVAR,IL2L
AVAR,LUAL
AVAR,M2L
AVAR,MCL
AVAR,PHAR
AVAR,PLML
AVAR,PLNL
AVAR,PQR
AVAR,PVCL
AVAR,PVCR
AVAR,PVNR
AVAR,PVPR
AVAR,PVQR
AVAR,PVR
AVAR,PVT
AVAR,PVWL
AVAR,RIAL
AVAR,RIAR
AVAR,RIBL
AVAR,RICL
AVAR,RIFR
AVAR,RIR
AVAR,RIVL
AVAR,RIVR
AVAR,RMED
AVAR,RMFL
AVAR,RMGL
AVAR,RMGR
AVAR,SAADR
AVAR,SAAVL
AVAR,SAAVR
AVAR,SABD
AVAR,SDQL
AVAR,SIADR
AVAR,SIAVR
AVAR,SIBVR
AVAR,SMDVL
AVAR,URBL
AVAR,URXL
AVAR,URYVL
AVAR,VA2
AVAR,VA3
AVAR,VB3
AVAR,VB4
AVAR,VB6
AVAR,VB8
AVAR,VC2
AVAR,VD4
AVAR,VD9
AVBL,AVDL
AVBL,AVDR
AVBL,AVG
AVBL,AVJR
AVBL,AVKR
AVBL,AVL
AVBL,AWBR
AVBL,AWCL
AVBL,AWCR
AVBL,BAGL
AVBL,BDUR
AVBL,DA6
AVBL,DA7
AVBL,DA9
AVBL,DD6
AVBL,DVA
AVBL,DVB
AVBL,FLPR
AVBL,I2L
AVBL,IL1DR
AVBL,IL1VR
AVBL,IL2DR
AVBL,M2L
AVBL,M3L
AVBL,M4
AVBL,OLLR
AVBL,PHAR
AVBL,PHBR
AVBL,PVCL
AVBL,PVDR
AVBL,PVPL
AVBL,PVPR
AVBL,PVQL
AVBL,PVT
AVBL,RIAL
AVBL,RIBL
AVBL,RIBR
AVBL,RICL
AVBL,RIH
AVBL,RIMR
AVBL,RIPL
AVBL,RIPR
AVBL,RIR
AVBL,RMDVL
AVBL,RMHL
AVBL,SAAVL
AVBL,SDQR
AVBL,SIAVL
AVBL,SIAVR
AVBL,SIBDR
AVBL,SMBDR
AVBL,SMDDL
AVBL,URBL
AVBL,VA9
AVBL,VB10
AVBL,VD13
AVBL,VD4
AVBR,AVER
AVBR,AVG
AVBR,AVHL
AVBR,AVHR
AVBR,AVJL
AVBR,AVJR
AVBR,AVKL
AVBR,AVL
AVBR,AWAL
AVBR,AWBR
AVBR,AWCL
AVBR,BAGL
AVBR,CEPDL
AVBR,CEPVL
AVBR,DA3
AVBR,DB3
AVBR,DB6
AVBR,DD2
AVBR,DD3
AVBR,HSNR
AVBR,I2R
AVBR,IL2DL
AVBR,LUAR
AVBR,M3R
AVBR,M5
AVBR,OLLL
AVBR,OLLR
AVBR,OLQDR
AVBR,PHBR
AVBR,PHCR
AVBR,PVCL
AVBR,PVDR
AVBR,PVM
AVBR,PVNL
AVBR,PVQR
AVBR,PVT
AVBR,RIAL
AVBR,RIBL
AVBR,RID
AVBR,RIFR
AVBR,RIGL
AVBR,RIH
AVBR,RIS
AVBR,RMDL
AVBR,RMER
AVBR,RMEV
AVBR,RMHL
AVBR,RMHR
AVBR,SAADL
AVBR,SABVL
AVBR,SIADR
AVBR,SIBVR
AVBR,SMBDL
AVBR,SMBVR
AVBR,SMDVL
AVBR,URADL
AVBR,URBL
AVBR,URXR
AVBR,URYDL
AVBR,VA10
AVBR,VB2
AVBR,VB3
AVBR,VB6
AVBR,VC1
AVBR,VC3
AVBR,VC4
AVBR,VC6
AVBR,VD11
AVDL,AVER
AVDL,AVJR
AVDL,AVKL
AVDL,AVKR
AVDL,AWCR
AVDL,BAGR
AVDL,BDUR
AVDL,CEPDL
AVDL,CEPVL
AVDL,DA2
AVDL,DA6
AVDL,DB4
AVDL,DD1
AVDL,DD3
AVDL,DD4
AVDL,DVA
AVDL,FLPR
AVDL,I1R
AVDL,IL2R
AVDL,M3L
AVDL,OLLL
AVDL,OLLR
AVDL,OLQVL
AVDL,PDEL
AVDL,PHBL
AVDL,PVCL
AVDL,PVR
AVDL,PVWL
AVDL,RICR
AVDL,RIGR
AVDL,RIML
AVDL,RIR
AVDL,RMDDR
AVDL,RMDVL
AVDL,RMGL
AVDL,RMHL
AVDL,SAAVL
AVDL,SDQR
AVDL,SIADR
AVDL,SMBDL
AVDL,SMDDL
AVDL,VA1
AVDL,VA2
AVDL,VB9
AVDL,VD2
AVDL,VD6
AVDR,AVG
AVDR,AVKL
AVDR,AWCR
AVDR,DA1
AVDR,DB7
AVDR,HSNL
AVDR,HSNR
AVDR,I3
AVDR,I4
AVDR,I5
AVDR,IL2DL
AVDR,IL2DR
AVDR,M4
AVDR,NSML
AVDR,OLLL
AVDR,OLQDR
AVDR,PDA
AVDR,PHAR
AVDR,PLML
AVDR,PVCL
AVDR,PVNR
AVDR,PVPR
AVDR,PVT
AVDR,PVWL
AVDR,PVWR
AVDR,RIAL
AVDR,RIBL
AVDR,RICR
AVDR,RIFL
AVDR,RIFR
AVDR,RIML
AVDR,RIPL
AVDR,RMDDL
AVDR,RMDL
AVDR,RMDR
AVDR,RMDVR
AVDR,SAAVR
AVDR,SIBVL
AVDR,SMBDL
AVDR,SMBVL
AVDR,SMBVR
AVDR,URAVL
AVDR,URXR
AVDR,VA10
AVDR,VA7
AVDR,VB5
AVDR,VC3
AVDR,VC6
AVEL,AVER
AVEL,AVFL
AVEL,AVG
AVEL,AVHR
AVEL,AVJL
AVEL,AVM
AVEL,AWBL
AVEL,AWCL
AVEL,AWCR
AVEL,CEPVR
AVEL,DA2
AVEL,DA4
AVEL,DA8
AVEL,DB2
AVEL,DB7
AVEL,DD1
AVEL,DD5
AVEL,DVA
AVEL,FLPL
AVEL,HSNR
AVEL,IL1DR
AVEL,IL1L
AVEL,IL1VL
AVEL,IL2DR
AVEL,LUAL
AVEL,LUAR
AVEL,PVCR
AVEL,PVDR
AVEL,PVNR
AVEL,PVPR
AVEL,PVWR
AVEL,RIBL
AVEL,RICL
AVEL,RICR
AVEL,RID
AVEL,RIH
AVEL,RIR
AVEL,RIVL
AVEL,RMDVL
AVEL,RMFL
AVEL,RMGL
AVEL,SIBDL
AVEL,SIBDR
AVEL,SMBDL
AVEL,SMDDL
AVEL,SMDVL
AVEL,URAVL
AVEL,URXR
AVEL,URYDR
AVEL,URYVL
AVEL,VA11
AVEL,VC5
AVEL,VD1
AVEL,VD10
AVER,AVFL
AVER,AVG
AVER,AVM
AVER,AWAR
AVER,BDUR
AVER,DA2
AVER,DA4
AVER,DA7
AVER,DB3
AVER,DB4
AVER,DB7
AVER,DD5
AVER,DVB
AVER,FLPL
AVER,I1L
AVER,IL1L
AVER,IL1R
AVER,IL2DL
AVER,M2L
AVER,OLLL
AVER,OLQVL
AVER,OLQVR
AVER,PDER
AVER,PHBL
AVER,PVCL
AVER,PVCR
AVER,PVPR
AVER,PVR
AVER,PVT
AVER,PVWL
AVER,PVWR
AVER,RIAR
AVER,RIPR
AVER,RIVR
AVER,RMDDR
AVER,RMDVR
AVER,RMED
AVER,RMEL
AVER,RMER
AVER,RMHR
AVER,SAAVL
AVER,SDQL
AVER,SIBVR
AVER,URBL
AVER,URXR
AVER,URYVR
AVER,VA3
AVER,VC3
AVER,VD1
AVER,VD12
AVER,VD13
AVER,VD2
AVFL,AVFR
AVFL,AVJR
AVFL,DA3
AVFL,DA5
AVFL,DB3
AVFL,I2R
AVFL,PVQR
AVFL,RIBR
AVFL,RIML
AVFL,RIPL
AVFL,RIVL
AVFL,RMHR
AVFL,SAAVL
AVFL,SAAVR
AVFL,SIBDL
AVFL,SMBDL
AVFL,SMDDR
AVFL,URYVL
AVFL,VA3
AVFL,VA6
AVFL,VB4
AVFL,VB9
AVFL,VD12
AVFR,AVJR
AVFR,BAGL
AVFR,DVA
AVFR,HSNR
AVFR,I1R
AVFR,PVNL
AVFR,PVQL
AVFR,PVR
AVFR,RICR
AVFR,RIGR
AVFR,RMDR
AVFR,SABVL
AVFR,SMBDL
AVFR,URAVL
AVFR,URYVL
AVFR,VD11
AVFR,VD9
AVG,AVHL
AVG,AVJL
AVG,BDUR
AVG,DA1
AVG,DD1
AVG,DVA
AVG,IL1R
AVG,IL2R
AVG,OLLR
AVG,PVNL
AVG,RIBL
AVG,RIML
AVG,RIPL
AVG,RIVL
AVG,RMDDL
AVG,RMDDR
AVG,RMHR
AVG,SAAVL
AVG,URBL
AVG,URBR
AVG,VA12
AVG,VA3
AVG,VA6
AVG,VB6
AVG,VD11
AVG,VD9
AVHL,AVHR
AVHL,AVKR
AVHL,CEPDL
AVHL,DA8
AVHL,DB4
AVHL,FLPR
AVHL,I2R
AVHL,LUAR
AVHL,PDB
AVHL,PHAR
AVHL,PVCL
AVHL,PVCR
AVHL,PVPR
AVHL,PVQR
AVHL,RIAL
AVHL,RIAR
AVHL,RIFR
AVHL,RIGL
AVHL,RIPL
AVHL,RMDL
AVHL,RMDVR
AVHL,RMED
AVHL,RMFL
AVHL,RMGL
AVHL,SAAVR
AVHL,SIBDL
AVHL,SIBVL
AVHL,SMDVR
AVHL,URBR
AVHL,URYDR
AVHL,VA2
AVHL,VB1
AVHL,VB5
AVHL,VD11
AVHR,AVJL
AVHR,AWAR
AVHR,BAGR
AVHR,BDUR
AVHR,DA1
AVHR,DA3
AVHR,DA8
AVHR,DB7
AVHR,I5
AVHR,IL1VR
AVHR,M3R
AVHR,NSMR
AVHR,OLQDR
AVHR,OLQVR
AVHR,PHBR
AVHR,PVCR
AVHR,PVDR
AVHR,PVT
AVHR,RICL
AVHR,RICR
AVHR,RIML
AVHR,RIMR
AVHR,RMDDR
AVHR,RMDL
AVHR,RMDR
AVHR,RMHL
AVHR,RMHR
AVHR,SIADR
AVHR,SMBVL
AVHR,SMDDL
AVHR,URAVL
AVHR,VA12
AVHR,VA2
AVHR,VC3
AVJL,AVKR
AVJL,CEPDR
AVJL,CEPVL
AVJL,DA1
AVJL,DA4
AVJL,DA8
AVJL,DA9
AVJL,DB6
AVJL,DB7
AVJL,DD6
AVJL,DVA
AVJL,DVC
AVJL,FLPL
AVJL,HSNR
AVJL,IL1R
AVJL,IL2VL
AVJL,PVDL
AVJL,PVPL
AVJL,PVPR
AVJL,RIAL
AVJL,RIBL
AVJL,RMDDR
AVJL,RMDR
AVJL,RMEV
AVJL,SMBDR
AVJL,URADR
AVJL,URBL
AVJL,VA6
AVJL,VA9
AVJL,VD12
AVJR,DA9
AVJR,DB7
AVJR,DVC
AVJR,HSNR
AVJR,IL2VR
AVJR,NSML
AVJR,PHBL
AVJR,PHCL
AVJR,PVCL
AVJR,PVPL
AVJR,PVQR
AVJR,RICL
AVJR,RIH
AVJR,RIPR
AVJR,RIVL
AVJR,RMDL
AVJR,RMDR
AVJR,SAAVL
AVJR,SMBDL
AVJR,SMDDL
AVJR,URBR
AVJR,VA1
AVJR,VA7
AVJR,VA9
AVJR,VB5
AVJR,VD1
AVJR,VD10
AVJR,VD12
AVKL,BDUR
AVKL,DA5
AVKL,DA6
AVKL,DA9
AVKL,DB1
AVKL,DB4
AVKL,DVA
AVKL,DVB
AVKL,FLPR
AVKL,IL1VL
AVKL,IL2VL
AVKL,OLQDR
AVKL,PVDR
AVKL,PVNR
AVKL,PVPR
AVKL,PVR
AVKL,PVT
AVKL,PVWR
AVKL,RIGR
AVKL,RMDDR
AVKL,SAADR
AVKL,SIAVR
AVKL,SIBVL
AVKL,SIBVR
AVKL,SMBVL
AVKL,URYDR
AVKL,VD13
AVKL,VD8
AVKR,CEPDL
AVKR,DA5
AVKR,DB7
AVKR,DD3
AVKR,DD4
AVKR,DD5
AVKR,DVA
AVKR,FLPR
AVKR,HSNR
AVKR,PVPL
AVKR,PVWL
AVKR,RIMR
AVKR,RIS
AVKR,RMEV
AVKR,RMHR
AVKR,SAAVL
AVKR,SIADL
AVKR,SMBDR
AVKR,URXR
AVKR,VB6
AVKR,VB7
AVL,DD6
AVL,FLPR
AVL,IL1VL
AVL,IL2L
AVL,M2R
AVL,OLLR
AVL,PHBL
AVL,PHBR
AVL,PVCL
AVL,PVM
AVL,RIAL
AVL,RICR
AVL,RIFR
AVL,RIGL
AVL,RIGR
AVL,RIH
AVL,RIMR
AVL,RMDDL
AVL,RMDDR
AVL,RMER
AVL,RMGL
AVL,SDQR
AVL,SMBDL
AVL,SMDDL
AVL,URXL
AVL,URYDR
AVL,URYVL
AVL,VB4
AVL,VB7
AVL,VD2
AVL,VD3
AVM,CEPDL
AVM,DB2
AVM,DD4
AVM,HSNL
AVM,HSNR
AVM,I3
AVM,RICL
AVM,RICR
AVM,RIH
AVM,SDQL
AVM,SDQR
AVM,SMDDR
AVM,VA11
AVM,VB7
AWAL,FLPL
AWAL,PVCL
AWAL,RIGR
AWAL,URADL
AWAL,URYVL
AWAL,VA5
AWAL,VB3
AWAL,VD11
AWAR,CEPVR
AWAR,DB1
AWAR,DB2
AWAR,HSNR
AWAR,M3L
AWAR,MCL
AWAR,RIAR
AWAR,RIGL
AWAR,RIML
AWAR,SIADL
AWAR,SIAVL
AWAR,SMDVL
AWAR,URXR
AWAR,VB11
AWBL,CEPVR
AWBL,PVCL
AWBL,PVCR
AWBL,RIBL
AWBL,RICL
AWBL,SAADL
AWBL,SAAVR
AWBL,SDQR
AWBL,SMBDL
AWBL,SMDDR
AWBL,VA10
AWBL,VA11
AWBL,VD11
AWBL,VD12
AWBL,VD13
AWBL,VD8
AWBL,VD9
AWBR,AWCR
AWBR,BAGR
AWBR,DA8
AWBR,DB2
AWBR,LUAR
AWBR,RICR
AWBR,RIR
AWBR,RMGR
AWBR,SAADL
AWBR,SIBDR
AWBR,URYDR
AWBR,VD3
AWBR,VD6
AWBR,VD7
AWCL,DA2
AWCL,DA9
AWCL,HSNL
AWCL,NSMR
AWCL,RIAL
AWCL,RIMR
AWCL,RIR
AWCL,RMDDL
AWCL,RMEV
AWCL,RMHL
AWCL,SDQL
AWCL,SIADL
AWCL,SIBVL
AWCL,VA8
AWCL,VD12
AWCR,DVA
AWCR,IL2R
AWCR,LUAL
AWCR,OLQDL
AWCR,PLNL
AWCR,PVCR
AWCR,PVM
AWCR,PVNL
AWCR,PVT
AWCR,RIBR
AWCR,RIFL
AWCR,RMGR
AWCR,SAADL
AWCR,SMDVR
AWCR,URYVR
BAGL,CEPVL
BAGL,DA5
BAGL,DB4
BAGL,OLLL
BAGL,PHAR
BAGL,PHCL
BAGL,RIAR
BAGL,RIBL
BAGL,RIBR
BAGL,RIGL
BAGL,RMDL
BAGL,RMEL
BAGL,SAADL
BAGL,SIBVR
BAGL,VA9
BAGL,VC1
BAGL,VD5
BAGR,DA9
BAGR,DVA
BAGR,DVC
BAGR,I2R
BAGR,M4
BAGR,PHAL
BAGR,PQR
BAGR,RIH
BAGR,RMDDL
BAGR,RMGL
BAGR,SIBVR
BAGR,VA9
BDUL,BDUR
BDUL,CEPVR
BDUL,DVB
BDUL,I6
BDUL,IL1VL
BDUL,RIH
BDUL,RIPR
BDUL,URXR
BDUL,VC2
BDUR,CEPDR
BDUR,DA6
BDUR,DD1
BDUR,PVNR
BDUR,RIFR
BDUR,RIR
BDUR,URADL
BDUR,URYDR
CEPDL,CEPVL
CEPDL,DA6
CEPDL,DB4
CEPDL,DVC
CEPDL,HSNR
CEPDL,OLLR
CEPDL,PVNR
CEPDL,PVPL
CEPDL,PVT
CEPDL,RIFR
CEPDL,RIGR
CEPDL,RIPL
CEPDL,RMEV
CEPDL,SIBDR
CEPDL,SIBVL
CEPDL,SMBVR
CEPDL,SMDDL
CEPDL,SMDVL
CEPDL,URAVL
CEPDL,VA10
CEPDL,VA2
CEPDL,VA8
CEPDL,VD9
CEPDR,DVB
CEPDR,HSNL
CEPDR,PDB
CEPDR,PVCR
CEPDR,PVNR
CEPDR,RIAR
CEPDR,RIBL
CEPDR,RIFL
CEPDR,RIH
CEPDR,RIVL
CEPDR,RMGR
CEPDR,SAAVR
CEPDR,SDQR
CEPDR,SMBDR
CEPDR,SMDDR
CEPDR,VA6
CEPDR,VB1
CEPDR,VD5
CEPVL,DD2
CEPVL,DD6
CEPVL,M3L
CEPVL,NSML
CEPVL,PHCL
CEPVL,PVPL
CEPVL,RIAR
CEPVL,RIFR
CEPVL,RIGR
CEPVL,RIS
CEPVL,RMDDL
CEPVL,RMGL
CEPVL,SMBDL
CEPVL,URBR
CEPVR,DA7
CEPVR,FLPL
CEPVR,IL1DR
CEPVR,M3L
CEPVR,MCL
CEPVR,NSML
CEPVR,OLLL
CEPVR,PVCL
CEPVR,PVWL
CEPVR,RIAL
CEPVR,RIBR
CEPVR,RID
CEPVR,RIPR
CEPVR,RMDDL
CEPVR,RMDDR
CEPVR,RMDVL
CEPVR,RMEV
CEPVR,RMGL
CEPVR,SAADR
CEPVR,SABVL
CEPVR,SDQR
CEPVR,SIAVR
CEPVR,SMDVR
CEPVR,VA2
CEPVR,VB11
CEPVR,VD12
DA1,HSNR
DA1,PVPR
DA1,RIS
DA1,RMDR
DA1,RMEL
DA1,URXR
DA2,DVA
DA2,IL2DR
DA2,M2R
DA2,OLQVR
DA2,PVNR
DA2,RICL
DA2,RMDDR
DA2,RMDVR
DA2,RMER
DA2,RMHL
DA2,SIBVL
DA2,URXR
DA2,VA2
DA2,VA3
DA2,VB5
DA3,DB3
DA3,HSNL
DA3,IL2DL
DA3,PVNR
DA3,PVPR
DA3,RICR
DA3,RIH
DA3,RMDDL
DA3,RMDVR
DA3,RMEL
DA3,SAADR
DA3,SAAVR
DA3,SIADL
DA3,SIAVR
DA3,VA12
DA4,DVC
DA4,HSNR
DA4,IL1R
DA4,PHCR
DA4,RIBL
DA4,RMGR
DA4,SIAVL
DA4,VD7
DA5,DB5
DA5,DB7
DA5,DD4
DA5,PHBL
DA5,RIAR
DA5,RIFR
DA5,RIPL
DA5,URADL
DA6,DD5
DA6,IL2VR
DA6,PVNL
DA6,RIBL
DA6,RIMR
DA6,URADL
DA6,VB3
DA7,FLPL
DA7,HSNL
DA7,HSNR
DA7,I5
DA7,IL2VR
DA7,OLLL
DA7,PVNR
DA7,RIAR
DA7,RIVR
DA7,RMDL
DA7,RMGR
DA7,VD13
DA8,DB7
DA8,IL1R
DA8,IL2DL
DA8,IL2DR
DA8,OLLL
DA8,PDB
DA8,PVCR
DA8,RICL
DA8,RIFL
DA8,RMEL
DA8,RMEV
DA8,RMGL
DA8,RMHL
DA8,SMBVL
DA8,SMDDL
DA8,SMDVR
DA8,URBR
DA8,URXR
DA8,URYDL
DA8,VA8
DA8,VC1
DA8,VD10
DA9,DB3
DA9,HSNL
DA9,IL1VR
DA9,M2R
DA9,PHCR
DA9,PVCR
DA9,RIGR
DA9,RIML
DA9,RMHR
DA9,SMDDL
DA9,URBL
DA9,URBR
DA9,VB3
DA9,VC3
DB1,IL1R
DB1,LUAR
DB1,PHAL
DB1,RID
DB1,RMDDL
DB1,VB1
DB1,VB2
DB1,VC2
DB2,DB7
DB2,IL1DR
DB2,PVDR
DB2,PVR
DB2,PVT
DB2,RIML
DB2,RMDDR
DB2,RMDR
DB2,SMBDL
DB2,VA6
DB2,VB2
DB2,VB6
DB3,DD6
DB3,I1L
DB3,I6
DB3,OLQVL
DB3,PVCR
DB3,RIGL
DB3,RIML
DB3,RIVL
DB3,RMDVL
DB3,RMEV
DB3,SIBVL
DB3,SMBDR
DB3,SMDVR
DB3,VA8
DB3,VD3
DB3,VD4
DB4,DVC
DB4,I3
DB4,PHCR
DB4,PVCL
DB4,RIBR
DB4,RIMR
DB4,SMDDR
DB4,VB4
DB5,IL1DR
DB5,IL1L
DB5,PQR
DB5,PVQL
DB5,RIBL
DB5,RIPR
DB5,SIADL
DB5,URAVR
DB5,VA10
DB6,DD3
DB6,IL2DL
DB6,OLQVL
DB6,PVT
DB6,RICR
DB6,RMFL
DB6,SAADR
DB6,VA7
DB7,NSMR
DB7,PVQR
DB7,RIML
DB7,RIS
DB7,RMHR
DB7,SIAVR
DB7,URXL
DB7,VB8
DB7,VC3
DB7,VD7
DD1,M3L
DD1,M4
DD1,PHBR
DD1,PVNR
DD1,RIAR
DD1,RID
DD1,RIS
DD1,RMFR
DD1,SABVL
DD1,SDQR
DD1,URAVR
DD1,VA12
DD1,VA3
DD2,DD6
DD2,M2L
DD2,PVCL
DD2,PVPL
DD2,PVR
DD2,RIFR
DD2,RMDDL
DD2,RMDR
DD2,SAADR
DD2,SMDDL
DD2,URXL
DD2,URYDL
DD2,VB8
DD2,VD11
DD3,PVPR
DD3,RIR
DD4,OLLR
DD4,PVQR
DD4,PVWR
DD4,RIAL
DD4,RID
DD5,FLPR
DD5,RIR
DD5,RIVR
DD5,RMDDL
DD5,RMDVR
DD5,SIADR
DD5,SMDDL
DD6,DVA
DD6,DVB
DD6,IL2DL
DD6,NSMR
DD6,PVNL
DD6,PVPR
DD6,PVQR
DD6,PVR
DD6,RICL
DD6,RIFR
DD6,RIR
DD6,SAAVR
DD6,SDQL
DD6,SIADL
DD6,URBR
DD6,URXR
DD6,VA6
DD6,VB10
DD6,VD5
DVA,FLPL
DVA,I4
DVA,IL1DL
DVA,IL1L
DVA,IL2DL
DVA,IL2L
DVA,IL2R
DVA,IL2VL
DVA,MI
DVA,PHAL
DVA,PQR
DVA,PVCL
DVA,PVCR
DVA,PVQR
DVA,RIAL
DVA,RIBL
DVA,RICL
DVA,RID
DVA,RIFR
DVA,RIGL
DVA,RIML
DVA,RIPL
DVA,RMDVL
DVA,RMGL
DVA,SAADL
DVA,SAAVL
DVA,SAAVR
DVA,SABD
DVA,SIAVL
DVA,SIBVR
DVA,SMBDR
DVA,SMBVL
DVA,URBL
DVA,URXL
DVA,URXR
DVA,URYDL
DVA,URYVL
DVA,VA12
DVA,VB4
DVA,VC3
DVA,VC5
DVA,VD1
DVA,VD11
DVA,VD12
DVA,VD13
DVB,PDER
DVB,PVR
DVB,RIBL
DVB,RMDL
DVB,RMGR
DVB,SIADR
DVB,URBL
DVB,URXL
DVB,VA4
DVB,VA9
DVC,IL1DL
DVC,IL1L
DVC,IL2L
DVC,OLQDR
DVC,PVCL
DVC,PVM
DVC,PVNL
DVC,PVR
DVC,PVWL
DVC,RIAL
DVC,RIAR
DVC,RICL
DVC,RID
DVC,RIVR
DVC,RMDVL
DVC,RMFL
DVC,RMHL
DVC,RMHR
DVC,SAADL
DVC,SAAVR
DVC,URXL
DVC,VA6
DVC,VB9
DVC,VD3
FLPL,I5
FLPL,PVPL
FLPL,RIGL
FLPL,RIMR
FLPL,RMEV
FLPL,RMFR
FLPL,SMBVL
FLPL,SMDVR
FLPL,URBR
FLPL,VA12
FLPR,I2L
FLPR,PQR
FLPR,PVNL
FLPR,PVPL
FLPR,RIAL
FLPR,RMDVL
FLPR,RMED
FLPR,SABD
FLPR,VA11
FLPR,VD7
HSNL,IL2R
HSNL,LUAR
HSNL,PHBR
HSNL,PLNR
HSNL,PVCR
HSNL,PVR
HSNL,RIFL
HSNL,RIML
HSNL,RMDDL
HSNL,RMEV
HSNL,RMFL
HSNL,SABD
HSNL,SABVR
HSNL,SMDDL
HSNL,SMDVR
HSNL,URYVR
HSNL,VA11
HSNL,VA9
HSNL,VD5
HSNR,I6
HSNR,IL1R
HSNR,IL1VL
HSNR,IL1VR
HSNR,M4
HSNR,OLLL
HSNR,OLQDR
HSNR,OLQVL
HSNR,PDER
HSNR,PHBL
HSNR,PVCR
HSNR,PVNR
HSNR,PVPR
HSNR,PVWR
HSNR,RIML
HSNR,RIMR
HSNR,RIR
HSNR,RIVR
HSNR,RMER
HSNR,RMFL
HSNR,SAAVL
HSNR,SIBVR
HSNR,SMDDL
HSNR,VB1
HSNR,VD3
HSNR,VD6
I1L,PDB
I1L,RMGL
I1L,SMDVR
I1L,URBR
I1L,VB6
I1L,VD6
I1R,IL1DL
I1R,NSML
I1R,RICR
I1R,RIMR
I1R,RMDR
I1R,RMGL
I1R,SDQL
I1R,SIADR
I1R,SIBVR
I1R,VB6
I2L,PVDL
I2L,PVQL
I2L,RMEV
I2L,RMFR
I2L,RMGL
I2R,IL2DR
I2R,PDER
I2R,RIAR
I2R,RIFR
I2R,RIH
I2R,RIML
I2R,RMGL
I2R,URYVL
I2R,VC6
I3,PVCR
I3,RMDVL
I3,RMFL
I3,RMGL
I3,VA12
I3,VC5
I4,PVPR
I4,RMDVL
I4,RMGL
I4,SIAVR
I4,URBL
I4,URYDL
I4,URYVR
I4,VB11
I5,OLQVL
I5,RIAR
I5,RIH
I5,RIMR
I5,RIVL
I5,RMDDR
I5,RMDR
I5,RMGR
I5,URYDR
I5,VB11
I6,IL2VR
I6,PDA
I6,RMFL
I6,SAAVL
I6,SMBVL
IL1DL,IL1R
IL1DL,PVQR
IL1DL,RIAL
IL1DL,RIBR
IL1DL,RIFR
IL1DL,RIPR
IL1DL,URYDL
IL1DL,VA12
IL1DL,VA8
IL1DL,VD12
IL1DR,PVT
IL1DR,RIH
IL1DR,RMHR
IL1DR,SAADR
IL1DR,SAAVR
IL1DR,URBL
IL1DR,VC3
IL1DR,VD5
IL1L,IL2R
IL1L,IL2VR
IL1L,RIPL
IL1L,RMEV
IL1L,SAADL
IL1L,SIAVL
IL1L,URXR
IL1L,VD5
IL1R,M2L
IL1R,OLLR
IL1R,PHCL
IL1R,PVQL
IL1R,RIAL
IL1R,RIR
IL1R,SAAVL
IL1R,SIADL
IL1R,VA5
IL1VL,RIGR
IL1VL,RMDDL
IL1VL,RMGL
IL1VL,RMGR
IL1VL,SDQR
IL1VL,SMBVR
IL1VL,SMDVR
IL1VL,VB11
IL1VR,PQR
IL1VR,SAADR
IL1VR,SMDDL
IL1VR,VB1
IL1VR,VD1
IL2DL,PVQL
IL2DL,RIGR
IL2DL,RIS
IL2DL,URBL
IL2DL,VB1
IL2DR,PVDL
IL2DR,PVR
IL2DR,RMED
IL2DR,SMBVR
IL2DR,URXL
IL2DR,URYVR
IL2DR,VA9
IL2L,PHAR
IL2L,PVR
IL2L,RIGR
IL2L,RMDDL
IL2L,RMDDR
IL2L,RMGR
IL2L,SIAVL
IL2L,SIBDR
IL2L,SMDDL
IL2L,VB4
IL2L,VD13
IL2L,VD9
IL2R,PQR
IL2R,RIBL
IL2R,SAADR
IL2R,SAAVL
IL2R,VB11
IL2R,VB6
IL2R,VD11
IL2VL,M4
IL2VL,OLQDR
IL2VL,PVQR
IL2VL,RIBR
IL2VL,RIPL
IL2VL,RIPR
IL2VL,RIS
IL2VL,SMDVL
IL2VR,MCR
IL2VR,RIMR
IL2VR,RMHR
IL2VR,SIBVL
IL2VR,SMBVR
IL2VR,URXL
IL2VR,VC2
IL2VR,VD3
LUAL,OLQVL
LUAL,PVT
LUAL,RIH
LUAL,RMGL
LUAL,SAAVR
LUAL,VB10
LUAL,VD5
LUAR,RID
LUAR,RIVL
LUAR,RMDL
LUAR,RMGL
LUAR,SMDDR
LUAR,SMDVL
LUAR,VA7
LUAR,VB3
LUAR,VB8
M1,M3L
M1,PVPL
M1,RIAR
M1,RMEV
M1,RMGL
M1,SIAVL
M1,SMBDL
M2L,PVCL
M2L,PVPL
M2L,RMEL
M2L,RMER
M2L,SIBVL
M2L,SMBDR
M2R,PHAR
M2R,PHCL
M2R,PVR
M2R,PVT
M2R,RICR
M2R,VD10
M3L,RIPL
M3L,SABVR
M3L,VA12
M3R,PVWL
M3R,RIGR
M3R,RIPL
M3R,RMDL
M3R,RMGL
M3R,VB7
M3R,VD11
M3R,VD13
M4,OLLR
M4,PVQR
M4,RMDR
M4,VB6
M4,VD10
M5,PVNR
M5,VA10
MCL,RIBR
MCL,RIGR
MCL,URXR
MCR,RIGR
MCR,RMER
MCR,VB9
MCR,VC3
MI,RMDR
MI,SMBDL
MI,SMBVL
MI,URXR
MI,VB10
MI,VD10
NSML,OLLL
NSML,PVDL
NSML,RIML
NSML,RIR
NSML,SDQR
NSML,VB2
NSMR,PHBL
NSMR,RIAR
NSMR,RMFL
NSMR,RMGL
NSMR,SIAVR
OLLL,PHCL
OLLL,PVCL
OLLL,PVDR
OLLL,PVT
OLLL,PVWR
OLLL,RIBR
OLLL,RIFR
OLLL,RIR
OLLL,RIS
OLLL,SIBVR
OLLL,VD4
OLLR,OLQVL
OLLR,PDA
OLLR,PQR
OLLR,PVCL
OLLR,PVCR
OLLR,PVNL
OLLR,PVPR
OLLR,PVR
OLLR,RID
OLLR,RIGL
OLLR,RIVL
OLLR,RMER
OLLR,RMEV
OLLR,SDQL
OLLR,SIBVR
OLLR,SMDDL
OLLR,VA4
OLLR,VB2
OLLR,VC6
OLLR,VD1
OLQDL,RICR
OLQDL,RIR
OLQDL,RIVR
OLQDL,RMDVR
OLQDL,URBL
OLQDL,VB8
OLQDL,VC3
OLQDR,PDEL
OLQDR,PHAL
OLQDR,PHBL
OLQDR,PVCR
OLQDR,PVDL
OLQDR,PVPR
OLQDR,RIAL
OLQDR,RIAR
OLQDR,RMFR
OLQDR,SAAVR
OLQDR,VD6
OLQVL,PVNR
OLQVL,RIBL
OLQVL,RIH
OLQVL,RMFL
OLQVL,VA8
OLQVL,VD13
OLQVL,VD8
OLQVR,PDEL
OLQVR,PVNR
OLQVR,PVQR
OLQVR,PVT
OLQVR,PVWR
OLQVR,RIAR
OLQVR,RIBR
OLQVR,RIMR
OLQVR,RIS
OLQVR,RMDDL
OLQVR,RMDVR
OLQVR,SAADR
OLQVR,VA5
OLQVR,VA7
OLQVR,VC4
PDA,PVNR
PDA,PVQL
PDA,PVR
PDA,RIGR
PDA,RIVR
PDA,VA12
PDA,VB10
PDB,RIBR
PDB,RMGL
PDB,SIBVR
PDB,SMDVL
PDB,SMDVR
PDEL,PVDL
PDEL,PVPR
PDEL,PVQL
PDEL,RIAR
PDEL,RIML
PDEL,RIR
PDEL,URADL
PDER,PHBR
PDER,PVPL
PDER,PVQR
PDER,RICL
PDER,RMGL
PDER,SABVR
PDER,SIBVL
PDER,URXL
PHAL,PHBL
PHAL,PHCL
PHAL,RIGR
PHAL,SAADL
PHAL,SIBVL
PHAL,URXR
PHAL,URYVR
PHAL,VD5
PHAR,PVCL
PHAR,PVCR
PHAR,PVQR
PHAR,RIBR
PHAR,RMDR
PHAR,SIADL
PHAR,VA12
PHAR,VA2
PHBL,PVWL
PHBL,RMED
PHBL,RMGR
PHBL,SAADR
PHBL,SMBDR
PHBL,SMBVR
PHBL,SMDDR
PHBL,SMDVL
PHBL,VD6
PHBL,VD8
PHBR,RICR
PHBR,RIFL
PHBR,RMDDL
PHBR,RMDDR
PHBR,RMHR
PHBR,SMDDR
PHBR,VC1
PHCL,PVCR
PHCL,RIAL
PHCL,RIGR
PHCL,SABVR
PHCL,VA12
PHCL,VB8
PHCR,PVQR
PHCR,RIAR
PHCR,RIBL
PHCR,RIH
PHCR,RIML
PHCR,SMBVL
PHCR,URXR
PHCR,VD3
PLML,PVQL
PLML,RMDVR
PLML,SMBVR
PLML,VA8
PLMR,PLNL
PLMR,RICL
PLMR,URAVR
PLMR,VA1
PLNL,RIH
PLNL,RMEV
PLNL,RMFL
PLNL,SIADR
PLNL,SMBDL
PLNL,URBR
PLNL,URYVR
PLNL,VB9
PLNR,PVCR
PLNR,VA10
PLNR,VA2
PQR,PVR
PQR,RIML
PQR,RMED
PQR,RMFL
PQR,RMGL
PQR,RMHL
PQR,SMBDL
PVCL,PVNR
PVCL,PVQR
PVCL,PVT
PVCL,RID
PVCL,RIGL
PVCL,RIH
PVCL,RIMR
PVCL,RMDDL
PVCL,RMDDR
PVCL,RMDL
PVCL,RMDVR
PVCL,RMEL
PVCL,RMGL
PVCL,RMHL
PVCL,SABD
PVCL,SDQL
PVCL,SIAVR
PVCL,SIBVL
PVCL,SMBDR
PVCL,SMDDR
PVCL,URAVL
PVCL,URAVR
PVCL,URBL
PVCL,URBR
PVCL,URXR
PVCL,VA10
PVCL,VA2
PVCL,VA9
PVCL,VB4
PVCL,VD10
PVCL,VD2
PVCR,PVNL
PVCR,PVNR
PVCR,PVPL
PVCR,PVPR
PVCR,PVR
PVCR,RIAL
PVCR,RIAR
PVCR,RIBL
PVCR,RICL
PVCR,RICR
PVCR,RID
PVCR,RIR
PVCR,RMDDL
PVCR,RMDVR
PVCR,RMER
PVCR,RMGR
PVCR,RMHL
PVCR,RMHR
PVCR,SAAVR
PVCR,SABD
PVCR,SIBVL
PVCR,SMBVL
PVCR,SMDDR
PVCR,URAVR
PVCR,URYVL
PVCR,VA10
PVCR,VA12
PVCR,VA3
PVCR,VA6
PVCR,VA8
PVDL,RIML
PVDL,SMBDL
PVDL,URBL
PVDL,URBR
PVDR,RIH
PVDR,RIPR
PVDR,SAADL
PVDR,SMDDL
PVDR,SMDVL
PVDR,VD9
PVM,RIBL
PVM,RMDL
PVM,RMEV
PVM,RMGL
PVM,SIBDL
PVM,SMDDL
PVM,URYVL
PVM,VD1
PVNL,PVPR
PVNL,PVT
PVNL,RIAR
PVNL,RIS
PVNL,RIVL
PVNL,RMDL
PVNL,RMDVR
PVNL,RMGL
PVNL,SIAVL
PVNL,SMDVR
PVNL,VA6
PVNL,VB11
PVNL,VD11
PVNL,VD5
PVNR,PVPL
PVNR,PVQL
PVNR,PVT
PVNR,RIAR
PVNR,RICL
PVNR,RICR
PVNR,RIFR
PVNR,RIS
PVNR,RIVL
PVNR,RMDVL
PVNR,RMED
PVNR,RMGR
PVNR,SDQL
PVNR,SIADL
PVNR,SIAVR
PVNR,SIBVL
PVNR,SMBVL
PVNR,SMDVL
PVNR,URAVR
PVNR,VD13
PVNR,VD9
PVPL,RIAL
PVPL,RIBL
PVPL,RICR
PVPL,RIGL
PVPL,RIGR
PVPL,RIH
PVPL,RIR
PVPL,RIS
PVPL,RIVR
PVPL,RMDR
PVPL,SMBDL
PVPL,SMDDL
PVPL,SMDVR
PVPL,URXL
PVPL,VA11
PVPL,VA4
PVPL,VB1
PVPL,VB11
PVPL,VB2
PVPL,VC1
PVPL,VC3
PVPR,PVR
PVPR,RIAL
PVPR,RIGL
PVPR,RIMR
PVPR,RIR
PVPR,RMDDR
PVPR,RMDL
PVPR,RMGR
PVPR,RMHL
PVPR,SAADL
PVPR,SAADR
PVPR,SIBVR
PVPR,SMBVL
PVPR,SMDDR
PVPR,URBL
PVPR,URXL
PVPR,URYDR
PVPR,VB2
PVPR,VC3
PVQL,RIAL
PVQL,RIGR
PVQL,RMFL
PVQL,SABVR
PVQL,URYDL
PVQL,VA1
PVQL,VA11
PVQL,VD2
PVQR,RIAL
PVQR,RIBL
PVQR,RIPR
PVQR,RMDL
PVQR,RMDVL
PVQR,RMER
PVQR,RMFL
PVQR,SAADL
PVQR,SABVL
PVQR,SMDVL
PVQR,URBR
PVQR,VA3
PVQR,VB1
PVQR,VB3
PVQR,VB6
PVQR,VB9
PVR,PVT
PVR,RIBR
PVR,RICR
PVR,RID
PVR,RIGL
PVR,RIH
PVR,RIVL
PVR,RMDL
PVR,RMDR
PVR,RMGL
PVR,SAADR
PVR,SAAVL
PVR,SIADR
PVR,SMBVL
PVR,SMDVR
PVR,URBL
PVR,VB2
PVR,VD12
PVR,VD13
PVR,VD4
PVT,RIAR
PVT,RIBL
PVT,RIML
PVT,RIMR
PVT,RIPL
PVT,RMDDL
PVT,RMDL
PVT,RMDR
PVT,RMDVL
PVT,RMHL
PVT,SAAVL
PVT,SIBDR
PVT,SMBDR
PVT,SMDDR
PVT,SMDVR
PVT,URXL
PVT,VA9
PVT,VD11
PVT,VD12
PVT,VD3
PVT,VD6
PVWL,RIFR
PVWL,RMEL
PVWL,SMBVL
PVWL,VC2
PVWR,RIVR
PVWR,SMBDR
PVWR,SMDDR
PVWR,VA3
PVWR,VA7
PVWR,VB2
RIAL,RIBL
RIAL,RIBR
RIAL,RIH
RIAL,RIML
RIAL,RMDL
RIAL,SAADR
RIAL,SIADR
RIAL,SIBVL
RIAL,SMBDR
RIAL,SMDVR
RIAL,URAVL
RIAL,VB4
RIAL,VC2
RIAL,VD13
RIAL,VD5
RIAR,RICR
RIAR,RID
RIAR,RIR
RIAR,RIS
RIAR,RIVL
RIAR,RMDL
RIAR,RMDVL
RIAR,RMGL
RIAR,SAAVL
RIAR,SABVL
RIAR,SDQR
RIAR,SIBDL
RIAR,URAVR
RIAR,URBR
RIAR,VA4
RIAR,VB6
RIAR,VC1
RIAR,VD11
RIAR,VD2
RIAR,VD6
RIBL,RIVR
RIBL,RMDVL
RIBL,SIADL
RIBL,SIADR
RIBL,SIBVL
RIBL,SMDVL
RIBL,URXR
RIBL,VA11
RIBL,VA12
RIBL,VA3
RIBL,VB10
RIBL,VB11
RIBL,VD9
RIBR,RICL
RIBR,RICR
RIBR,RIFR
RIBR,RIGR
RIBR,RIML
RIBR,RMFL
RIBR,RMFR
RIBR,SAADL
RIBR,SAAVL
RIBR,URBL
RIBR,VA10
RIBR,VA11
RIBR,VB5
RIBR,VC1
RIBR,VD12
RIBR,VD2
RIBR,VD4
RIBR,VD6
RICL,RIGL
RICL,RIML
RICL,RMDL
RICL,SAADL
RICL,SIBVL
RICL,SMBDR
RICL,URXL
RICL,URYDR
RICL,VA2
RICL,VB2
RICL,VC3
RICL,VD5
RICR,RIGR
RICR,RIML
RICR,RMDVR
RICR,RMER
RICR,SAADL
RICR,SIBDR
RICR,SIBVL
RICR,SMDDL
RICR,SMDDR
RICR,VA11
RICR,VA5
RICR,VB4
RICR,VC5
RICR,VD1
RICR,VD4
RID,RIFL
RID,RMHR
RID,SABVR
RID,SIADL
RID,SMBVR
RID,URYVR
RID,VA2
RID,VC3
RID,VD2
RIFL,RIGL
RIFL,RIGR
RIFL,RIPR
RIFL,RMDVR
RIFL,SAAVL
RIFL,SAAVR
RIFL,SMDDR
RIFL,VB2
RIFL,VB4
RIFR,RIMR
RIFR,RMED
RIFR,RMEV
RIFR,VA2
RIFR,VB1
RIGL,RIH
RIGL,RMDDR
RIGL,RMED
RIGL,RMER
RIGL,RMGR
RIGL,RMHL
RIGL,SAAVL
RIGL,SABD
RIGL,SDQL
RIGL,SMBVR
RIGL,URYVR
RIGL,VA11
RIGL,VA12
RIGL,VB8
RIGL,VD12
RIGL,VD6
RIGR,RIMR
RIGR,RMDDR
RIGR,RMGL
RIGR,RMHR
RIGR,SIBDL
RIGR,VA12
RIGR,VD13
RIH,RIS
RIH,RMDVR
RIH,RMEL
RIH,SAAVL
RIH,SIAVL
RIH,URAVR
RIH,URXL
RIH,VB9
RIH,VD7
RIML,RIPL
RIML,RMDVR
RIML,RMGL
RIML,SAADR
RIML,URYVL
RIML,VA12
RIML,VB8
RIML,VD1
RIML,VD11
RIML,VD7
RIMR,RIPR
RIMR,RMDDL
RIMR,RMDL
RIMR,SABD
RIMR,SMDVL
RIMR,VA8
RIMR,VB10
RIMR,VC1
RIMR,VC5
RIMR,VD13
RIMR,VD7
RIPL,RIR
RIPL,RMDDL
RIPL,RMED
RIPL,SIBDL
RIPL,SMDVR
RIPL,VA1
RIPL,VA12
RIPR,RIR
RIPR,RMGL
RIPR,RMGR
RIPR,SDQL
RIPR,SMBVR
RIPR,URAVR
RIPR,URYDL
RIPR,VC2
RIR,SABVR
RIR,SIBVL
RIR,SIBVR
RIR,SMDVL
RIR,VA11
RIS,RMDDL
RIS,SAADL
RIS,SAAVR
RIS,SABVL
RIS,SIBDR
RIS,SMBVL
RIS,SMBVR
RIS,SMDVR
RIS,VA2
RIS,VA4
RIS,VD13
RIVL,SIBDR
RIVL,SMDVR
RIVL,URAVL
RIVL,VC1
RIVR,RMDVL
RIVR,RMGR
RIVR,URAVL
RIVR,URXR
RIVR,VA10
RIVR,VD8
RMDDL,SAAVL
RMDDL,SABD
RMDDL,SMBDR
RMDDL,SMBVL
RMDDL,URYVR
RMDDL,VC1
RMDDL,VD2
RMDDL,VD7
RMDDR,SIADR
RMDDR,SIBDR
RMDDR,URYDL
RMDDR,URYDR
RMDDR,VD6
RMDL,RMEL
RMDL,RMER
RMDL,RMEV
RMDL,RMFR
RMDL,RMGR
RMDL,SAADR
RMDL,SIAVL
RMDL,SIAVR
RMDL,SMBDL
RMDL,URAVL
RMDL,VD12
RMDL,VD2
RMDL,VD3
RMDR,RMDVR
RMDR,RMEL
RMDR,RMEV
RMDR,RMFL
RMDR,SAADR
RMDR,SIBVL
RMDR,SIBVR
RMDR,SMDVR
RMDR,URYVR
RMDR,VC2
RMDR,VD13
RMDVL,SABVR
RMDVL,VA12
RMDVL,VD12
RMDVR,RMFR
RMDVR,SDQR
RMDVR,URAVL
RMDVR,URXL
RMDVR,URYVR
RMDVR,VA1
RMDVR,VB3
RMDVR,VB6
RMDVR,VD1
RMDVR,VD3
RMDVR,VD5
RMED,SIADR
RMED,SIAVL
RMED,SIBVR
RMED,SMBVL
RMED,SMDDL
RMED,SMDDR
RMED,URADR
RMEL,SAADL
RMEL,VC2
RMER,RMGR
RMER,VD2
RMEV,SAAVL
RMEV,SMDDR
RMEV,URADR
RMEV,URBR
RMEV,VB2
RMEV,VC6
RMFL,SAADL
RMFR,SAADL
RMFR,SAADR
RMFR,URXL
RMFR,URXR
RMFR,VB1
RMFR,VB8
RMFR,VC1
RMGL,RMGR
RMGL,SDQL
RMGL,SMDDR
RMGL,URYVR
RMGL,VB10
RMGL,VD10
RMGR,RMHR
RMGR,SAADL
RMGR,SDQR
RMGR,SIAVL
RMGR,SMBVR
RMGR,SMDVR
RMGR,URAVL
RMGR,URXL
RMGR,VA11
RMGR,VC5
RMGR,VD13
RMHL,URYDL
RMHL,VC2
RMHL,VC6
RMHL,VD1
RMHL,VD3
RMHL,VD6
RMHR,SMBDR
RMHR,URXL
RMHR,URXR
RMHR,VA1
SAADL,VA10
SAADL,VA11
SAADL,VC2
SAADL,VD4
SAADR,SMBDR
SAADR,URAVL
SAADR,VB7
SAAVL,SMDVL
SAAVL,URBR
SAAVL,VA3
SAAVL,VB8
SAAVR,SIBVR
SAAVR,SMBDR
SABD,SMDDR
SABD,URBL
SABVL,SMDVR
SABVL,VB1
SABVR,VB4
SDQL,SMDDL
SDQL,URAVR
SDQL,URXR
SDQL,VD8
SDQR,SMBDR
SDQR,VA12
SDQR,VA5
SDQR,VD6
SIADL,SMDDL
SIADL,VA3
SIADL,VB1
SIADL,VB10
SIADR,SMDDL
SIADR,URYDR
SIADR,VA4
SIADR,VC2
SIAVL,SMDVL
SIAVR,SIBVR
SIAVR,SMBVR
SIAVR,URBR
SIBDL,URYVL
SIBDL,VD6
SIBDR,SMDVL
SIBVL,SMBVR
SIBVL,URYVR
SIBVL,VA12
SIBVL,VB3
SIBVR,URYDR
SIBVR,URYVL
SIBVR,VA1
SIBVR,VB10
SMBDL,VA11
SMBDL,VB2
SMBDL,VD3
SMBDR,SMDVL
SMBDR,URXL
SMBDR,VA3
SMBDR,VB1
SMBDR,VD13
SMBDR,VD8
SMBVL,URAVR
SMBVL,URXR
SMBVL,VA6
SMBVL,VB5
SMBVR,SMDVR
SMBVR,VA2
SMBVR,VD5
SMDDL,SMDDR
SMDDL,VA1
SMDDL,VA11
SMDDL,VB1
SMDDL,VC1
SMDDL,VD8
SMDDR,SMDVL
SMDDR,URAVR
SMDDR,URBL
SMDDR,URXR
SMDDR,URYDL
SMDDR,URYVL
SMDDR,VB11
SMDDR,VD6
SMDVL,URXL
SMDVL,URXR
SMDVL,URYVL
SMDVL,VB7
SMDVL,VD11
SMDVR,URXR
SMDVR,URYDL
SMDVR,VA6
SMDVR,VD11
SMDVR,VD9
URADL,URXL
URADL,VA2
URADR,VD12
URAVL,VC2
URAVL,VD12
URAVR,VA10
URBL,VA5
URBL,VB2
URBL,VC2
URBR,URXR
URBR,VA10
URBR,VB7
URBR,VD12
URXL,URYVR
URXL,VA3
URXL,VC3
URXL,VD12
URXL,VD2
URXR,URYVL
URXR,VA7
URXR,VB6
URXR,VC4
URYDL,VA3
URYDL,VB1
URYDL,VD6
URYDR,VA9
URYVL,VB10
URYVR,VA11
URYVR,VB3
URYVR,VD9
VA11,VA3
VA11,VC2
VA12,VA4
VA2,VB7
VA3,VA4
VA3,VD2
VA4,VD1
VA5,VC2
VA5,VC6
VA6,VA9
VA6,VD5
VA7,VD4
VA8,VB1
VB1,VD12
VB10,VD4
VB10,VD8
VB11,VD7
VB2,VC2
VB4,VC1
VB6,VD4
VB9,VC1
VC2,VD2
VC3,VD2
VC3,VD4
VC6,VD2
VD1,VD11
VD1,VD13
VD11,VD13
VD12,VD7
VD3,VD7
