ADAL,ADAR
ADAL,AIBR
ADAL,ASER
ADAL,ASHL
ADAL,ASKL
ADAL,AVAL
ADAL,AVAR
ADAL,AVDR
ADAL,BDUR
ADAL,DVA
ADAL,I2L
ADAL,IL1VL
ADAL,NSMR
ADAL,PLMR
ADAL,PVQR
ADAL,RIMR
ADAL,RIR
ADAL,RMDR
ADAL,SMDDR
ADAL,SMDVL
ADAL,URADL
ADAL,URYDR
ADAL,VB11
ADAL,VC4
ADAL,VD2
ADAR,AIBR
ADAR,AIZR
ADAR,AQR
ADAR,AS2
ADAR,AVBL
ADAR,AVDR
ADAR,AVER
ADAR,AVFL
ADAR,AVHL
ADAR,AVL
ADAR,AVM
ADAR,PLNR
ADAR,RIAR
ADAR,RIMR
ADAR,RIVR
ADAR,RMER
ADAR,SIBVR
ADAR,SMDVL
ADAR,SMDVR
ADAR,VB2
ADAR,VC1
ADEL,ASHR
ADEL,AUAR
ADEL,AVAL
ADEL,AVBR
ADEL,CEPVL
ADEL,CEPVR
ADEL,DA3
ADEL,DD3
ADEL,DD4
ADEL,DVC
ADEL,I1R
ADEL,MI
ADEL,PVT
ADEL,RIBL
ADEL,RICR
ADEL,RIML
ADEL,SAAVL
ADEL,SAAVR
ADEL,SABVR
ADEL,SIAVR
ADEL,SIBVL
ADEL,URYDR
ADEL,VA9
ADEL,VB1
ADEL,VB2
ADEL,VB4
ADEL,VB6
ADEL,VD1
ADEL,VD12
ADER,AIAL
ADER,AIAR
ADER,AIBR
ADER,AQR
ADER,ASGL
ADER,ASHR
ADER,ASKL
ADER,AVAR
ADER,AVBL
ADER,AVBR
ADER,AVFL
ADER,AVJL
ADER,AVM
ADER,DB2
ADER,DB3
ADER,I2R
ADER,IL1R
ADER,OLQVR
ADER,PVM
ADER,RIBL
ADER,RIR
ADER,SDQL
ADER,VC3
ADER,VD2
ADFL,AIYR
ADFL,AVAR
ADFL,AVDL
ADFL,AVER
ADFL,AVFR
ADFL,DB6
ADFL,DD2
ADFL,IL2R
ADFL,PVNR
ADFL,RIPR
ADFR,AIBR
ADFR,AS11
ADFR,AVAL
ADFR,AVDR
ADFR,AVJL
ADFR,AVKL
ADFR,DA3
ADFR,DA5
ADFR,IL1DR
ADFR,OLLL
ADFR,PHAL
ADFR,PVPL
ADFR,PVQL
ADFR,RMDVL
ADFR,RMGL
ADFR,RMGR
ADFR,VA9
ADFR,VB2
ADLL,AIAR
ADLL,AIMR
ADLL,ALNL
ADLL,ASGL
ADLL,ASHR
ADLL,AVAL
ADLL,AVAR
ADLL,AVBR
ADLL,AVER
ADLL,AWBR
ADLL,HSNL
ADLL,HSNR
ADLL,I1R
ADLL,PLMR
ADLL,PVCL
ADLL,PVNL
ADLL,PVR
ADLL,RIS
ADLL,URAVR
ADLL,VC2
ADLL,VC3
ADLR,AIBL
ADLR,AVAR
ADLR,AVBL
ADLR,AVEL
ADLR,AWBR
ADLR,CEPVL
ADLR,IL1DR
ADLR,IL1VL
ADLR,IL1VR
ADLR,M5
ADLR,PVCL
ADLR,RMFL
ADLR,RMHR
ADLR,SMDVR
ADLR,VC5
ADLR,VD2
ADLR,VD4
AFDL,AIZR
AFDL,BDUL
AFDL,PVT
AFDL,SMDVL
AFDL,VD10
AFDL,VD8
AFDR,AVJL
AFDR,AVJR
AFDR,AVM
AFDR,DD6
AFDR,OLQVR
AFDR,PVCR
AFDR,RIAL
AFDR,RIML
AIAL,AIZL
AIAL,ASHR
AIAL,AUAR
AIAL,AVBR
AIAL,AVJR
AIAL,DVA
AIAL,HSNR
AIAL,M2R
AIAL,MCL
AIAL,MCR
AIAL,PQR
AIAL,RIBL
AIAL,RIGL
AIAL,RIH
AIAL,RIPL
AIAL,RMGL
AIAL,SAADR
AIAL,VA2
AIAL,VA3
AIAL,VD3
AIAR,AIBL
AIAR,AS6
AIAR,ASHR
AIAR,AVAL
AIAR,AVBL
AIAR,AVHL
AIAR,AWCR
AIAR,DB2
AIAR,I1L
AIAR,I3
AIAR,OLLL
AIAR,OLQDL
AIAR,PVCL
AIAR,PVM
AIAR,RMGL
AIBL,AIZL
AIBL,ASEL
AIBL,AVAL
AIBL,AVBL
AIBL,AVDR
AIBL,AVHR
AIBL,AWAR
AIBL,AWCR
AIBL,DB5
AIBL,DVA
AIBL,M1
AIBL,OLQVR
AIBL,PVCR
AIBL,PVNL
AIBL,PVPL
AIBL,PVQR
AIBL,PVR
AIBL,PVWR
AIBL,RIBR
AIBL,RICR
AIBL,RIPR
AIBL,RMDDR
AIBL,RMDL
AIBL,SAAVL
AIBL,SAAVR
AIBL,SDQR
AIBL,SMDDL
AIBL,SMDVL
AIBL,VB9
AIBL,VC2
AIBL,VD2
AIBL,VD4
AIBR,AS5
AIBR,ASER
AIBR,AUAR
AIBR,AVAR
AIBR,AVBL
AIBR,AVBR
AIBR,AVFR
AIBR,AVG
AIBR,AVL
AIBR,DA4
AIBR,DD1
AIBR,DD4
AIBR,DVA
AIBR,DVB
AIBR,FLPL
AIBR,I2R
AIBR,IL1VR
AIBR,IL2VR
AIBR,M1
AIBR,M3L
AIBR,OLQDL
AIBR,RIAL
AIBR,RID
AIBR,RIPR
AIBR,RIS
AIBR,RMDDR
AIBR,RMDVR
AIBR,RMED
AIBR,RMEL
AIBR,RMGL
AIBR,SMBVL
AIBR,URXL
AIBR,VA2
AIBR,VA9
AIBR,VD3
AIML,ASEL
AIML,ASHR
AIML,AVAL
AIML,AVAR
AIML,AVBR
AIML,AVEL
AIML,AVER
AIML,DVC
AIML,IL2VR
AIML,M1
AIML,M4
AIML,PVWL
AIML,RIAR
AIML,RICL
AIML,SMBDR
AIML,URBR
AIML,VA6
AIMR,AS3
AIMR,AVAR
AIMR,BDUL
AIMR,DB5
AIMR,DB7
AIMR,DD1
AIMR,HSNL
AIMR,IL2VL
AIMR,OLQVL
AIMR,PDA
AIMR,PLMR
AIMR,VA2
AINL,AVBL
AINL,AVER
AINL,AVFL
AINL,AWCL
AINL,AWCR
AINL,BAGL
AINL,I3
AINL,PDER
AINL,RMEV
AINR,AS1
AINR,AS5
AINR,AVBR
AINR,AVDR
AINR,AVEL
AINR,AVL
AINR,M5
AINR,OLQVL
AINR,PVCR
AINR,PVDR
AINR,RIBR
AINR,RIH
AINR,SABVR
AIYL,AQR
AIYL,AS7
AIYL,ASHL
AIYL,AVAR
AIYL,AVBL
AIYL,DB6
AIYL,PVCL
AIYL,PVT
AIYL,RIAR
AIYL,URXR
AIYL,VA12
AIYL,VA7
AIYL,VA8
AIYL,VB6
AIYL,VC2
AIYR,AVAL
AIYR,AVER
AIYR,AVJR
AIYR,DD3
AIYR,PVCR
AIYR,PVR
AIYR,RIML
AIYR,RIS
AIYR,RMFL
AIYR,SAADL
AIYR,SIBDR
AIYR,VD13
AIYR,VD6
AIZL,AVDR
AIZL,AVJL
AIZL,CEPDR
AIZL,DB3
AIZL,DB4
AIZL,DVA
AIZL,FLPL
AIZL,HSNL
AIZL,I1L
AIZL,OLQDL
AIZL,OLQVR
AIZL,PVCR
AIZL,RIAR
AIZL,RIH
AIZL,RIPL
AIZL,RIR
AIZL,RMDDL
AIZL,RMFL
AIZL,VB5
AIZL,VC2
AIZL,VD3
AIZL,VD5
AIZR,ALNL
AIZR,AS8
AIZR,ASHR
AIZR,AVAR
AIZR,AVBL
AIZR,AVBR
AIZR,AVFR
AIZR,AVJL
AIZR,BAGL
AIZR,DA2
AIZR,DA5
AIZR,DA9
AIZR,DD3
AIZR,DVA
AIZR,DVB
AIZR,IL2VR
AIZR,PVCR
AIZR,PVR
AIZR,RIAR
AIZR,RIGL
AIZR,RIS
AIZR,SMDVR
ALA,AVBR
ALA,OLQVR
ALA,PHAR
ALA,RIMR
ALA,RMFR
ALA,SAADR
ALA,SIBVR
ALA,VC1
ALML,AS5
ALML,AVAR
ALML,AVER
ALML,AVHL
ALML,DA2
ALML,DVA
ALML,LUAR
ALML,OLQDL
ALML,RIAR
ALML,RIBL
ALML,RIFL
ALML,SMDDR
ALML,URAVR
ALML,VB1
ALMR,ALNR
ALMR,AS5
ALMR,AVDR
ALMR,AVFR
ALMR,M1
ALMR,PVNL
ALMR,PVR
ALNL,AS4
ALNL,SMBDR
ALNL,VD10
ALNR,ASIL
ALNR,AVAR
ALNR,DVC
ALNR,HSNR
ALNR,PDER
ALNR,RIH
ALNR,RMDVR
AQR,AS1
AQR,AVAR
AQR,AVJR
AQR,IL2L
AQR,MCL
AQR,PVCR
AQR,PVNL
AQR,RIGR
AQR,RIS
AQR,RMER
AQR,RMGR
AQR,SMDVR
AQR,URADL
AQR,VA6
AQR,VB3
AQR,VB6
AQR,VC4
AQR,VD5
AS1,AS11
AS1,AS5
AS1,AS9
AS1,AVEL
AS1,AWBR
AS1,DD6
AS1,DVC
AS1,PVCL
AS1,RMEV
AS1,SIBVL
AS10,AVBR
AS10,DVA
AS10,RIH
AS10,SMBVL
AS10,SMDDR
AS10,VB3
AS11,AVAR
AS11,AVJL
AS11,HSNL
AS11,RIAR
AS11,RIBR
AS2,AVDR
AS2,FLPR
AS2,IL1VR
AS2,PQR
AS2,PVWR
AS2,RICR
AS2,SABVL
AS2,VD2
AS2,VD7
AS3,AUAR
AS3,CEPVR
AS3,M2L
AS3,OLLR
AS3,PVNL
AS3,PVNR
AS3,PVT
AS3,RIML
AS3,RIVL
AS3,RMDVL
AS3,SMDDR
AS4,AVAR
AS4,AVFL
AS4,AVHL
AS4,IL2DR
AS4,M1
AS4,RMDVL
AS4,VB10
AS4,VB6
AS5,AVAL
AS5,AVEL
AS5,DA4
AS5,DVA
AS5,OLQDR
AS5,PVCR
AS5,SIBDR
AS6,AVDR
AS6,AVG
AS6,I1R
AS6,PLMR
AS6,PVQL
AS6,RIFL
AS6,RMDL
AS6,VD4
AS7,AVBR
AS7,PVCL
AS7,PVNL
AS8,AVAR
AS9,ASHR
AS9,DA9
AS9,RMEV
ASEL,AVAL
ASEL,AVBR
ASEL,AVFL
ASEL,AVHL
ASEL,RICL
ASEL,RMEV
ASEL,SABVR
ASEL,SIADL
ASEL,SMDDL
ASEL,URYVR
ASEL,VD11
ASEL,VD4
ASEL,VD6
ASER,AVJR
ASER,AVKL
ASER,AWCR
ASER,CEPDR
ASER,DB3
ASER,DB4
ASER,DVA
ASER,M3L
ASER,M3R
ASER,M4
ASER,RMDDL
ASER,URAVL
ASER,VB10
ASER,VD11
ASGL,PVNL
ASGL,PVNR
ASGL,RIPL
ASGL,RIR
ASGL,VC3
ASGR,AVBL
ASGR,AVER
ASGR,DA5
ASGR,DD4
ASGR,PHAR
ASGR,PVNL
ASGR,RIGL
ASGR,VA8
ASGR,VB2
ASHL,AVAR
ASHL,AVBR
ASHL,AVDR
ASHL,AWAR
ASHL,CEPVR
ASHL,I1L
ASHL,IL2VR
ASHL,LUAR
ASHL,OLQDL
ASHL,PHCL
ASHL,PVCR
ASHL,PVQR
ASHL,RICL
ASHL,RIGR
ASHL,RMDVR
ASHL,RMEV
ASHL,SABVL
ASHL,VA11
ASHR,AVEL
ASHR,AVG
ASHR,AVJR
ASHR,DA9
ASHR,DD2
ASHR,OLLL
ASHR,RIBL
ASHR,RICR
ASHR,RIGL
ASHR,RIPL
ASHR,RMDDR
ASHR,RMGL
ASHR,SMBDR
ASHR,SMDDR
ASIL,AVAR
ASIL,AVBL
ASIL,AVDR
ASIL,AVFL
ASIL,CEPDL
ASIL,IL2R
ASIL,PLMR
ASIL,SAADL
ASIL,VD2
ASIR,AVBL
ASIR,AVER
ASIR,CEPDL
ASIR,RMDDR
ASIR,RMGL
ASIR,SMDDR
ASIR,VB1
ASIR,VC1
ASJL,AVHL
ASJL,AVJR
ASJL,AWAR
ASJL,DVB
ASJL,I2R
ASJL,PLMR
ASJR,DVA
ASJR,PDER
ASJR,PVCR
ASJR,RIVR
ASJR,VA11
ASJR,VB10
ASKL,AVAL
ASKL,AVBL
ASKL,AVEL
ASKL,LUAR
ASKL,OLLR
ASKL,PVT
ASKL,URAVL
ASKL,VA1
ASKL,VA11
ASKL,VB1
ASKR,AVAL
ASKR,AVAR
ASKR,AVDL
ASKR,CEPDL
ASKR,DVC
ASKR,IL2DL
ASKR,RMGL
ASKR,URYVL
ASKR,VA3
ASKR,VA8
AUAL,AVAL
AUAL,AVDL
AUAL,AVHL
AUAL,AVKL
AUAL,BDUL
AUAL,CEPVL
AUAL,DVC
AUAL,RIMR
AUAL,RMDDR
AUAL,RMGR
AUAL,SABD
AUAL,VA12
AUAL,VC5
AUAR,AVAL
AUAR,AVDR
AUAR,DB6
AUAR,DVA
AUAR,FLPL
AUAR,M3R
AUAR,PVCL
AUAR,SAAVR
AUAR,SMBDR
AUAR,URYDR
AVAL,AVAR
AVAL,AVBL
AVAL,AVDL
AVAL,AVDR
AVAL,AVER
AVAL,AVFL
AVAL,AVKL
AVAL,AVKR
AVAL,AVL
AVAL,AWAR
AVAL,BAGR
AVAL,CEPVL
AVAL,DA1
AVAL,DA3
AVAL,DA4
AVAL,DA9
AVAL,DB3
AVAL,DB6
AVAL,DD1
AVAL,DD3
AVAL,DVA
AVAL,FLPR
AVAL,HSNL
AVAL,HSNR
AVAL,I1R
AVAL,I5
AVAL,IL2DL
AVAL,IL2DR
AVAL,IL2R
AVAL,LUAL
AVAL,LUAR
AVAL,M1
AVAL,M3L
AVAL,MI
AVAL,OLLL
AVAL,OLQDL
AVAL,OLQDR
AVAL,PDA
AVAL,PHAL
AVAL,PHBL
AVAL,PQR
AVAL,PVCR
AVAL,PVM
AVAL,PVPL
AVAL,PVPR
AVAL,PVQL
AVAL,PVR
AVAL,PVWL
AVAL,RIAL
AVAL,RIAR
AVAL,RIBR
AVAL,RICL
AVAL,RIFL
AVAL,RIFR
AVAL,RIML
AVAL,RIMR
AVAL,RIS
AVAL,RMDR
AVAL,RMDVL
AVAL,RMDVR
AVAL,RMGR
AVAL,RMHR
AVAL,SAADR
AVAL,SABVL
AVAL,SDQL
AVAL,SIAVR
AVAL,SIBDR
AVAL,URADR
AVAL,URBL
AVAL,URXR
AVAL,URYVR
AVAL,VA12
AVAL,VA4
AVAL,VB5
AVAL,VC2
AVAL,VD11
AVAL,VD4
AVAL,VD9
AVAR,AVBL
AVAR,AVBR
AVAR,AVDL
AVAR,AVDR
AVAR,AVER
AVAR,AVFR
AVAR,AVHL
AVAR,AVHR
AVAR,AVJL
AVAR,AVJR
AVAR,AVKR
AVAR,AVM
AVAR,AWAL
AVAR,BDUL
AVAR,CEPDR
AVAR,DA6
AVAR,DB1
AVAR,DB4
AVAR,DD1
AVAR,DD5
AVAR,DVA
AVAR,DVC
AVAR,FLPL
AVAR,HSNL
AVAR,HSNR
AVAR,I6
AVAR,IL1L
AVAR,IL2L
AVAR,M3R
AVAR,MCR
AVAR,OLLR
AVAR,OLQDR
AVAR,OLQVL
AVAR,PLML
AVAR,PQR
AVAR,PVCR
AVAR,PVNR
AVAR,PVPL
AVAR,PVT
AVAR,RIAL
AVAR,RIBL
AVAR,RIFL
AVAR,RIFR
AVAR,RIPL
AVAR,RIPR
AVAR,RIR
AVAR,RIVR
AVAR,RMDL
AVAR,RMDR
AVAR,RMDVR
AVAR,RMER
AVAR,RMGL
AVAR,RMHR
AVAR,SAADL
AVAR,SAAVL
AVAR,SAAVR
AVAR,SABD
AVAR,SABVL
AVAR,SDQR
AVAR,SIBVL
AVAR,SMDDL
AVAR,SMDDR
AVAR,URXR
AVAR,URYVR
AVAR,VA6
AVAR,VA8
AVAR,VB5
AVAR,VB7
AVAR,VC1
AVAR,VC2
AVAR,VC3
AVAR,VD3
AVAR,VD5
AVBL,AVBR
AVBL,AVDL
AVBL,AVDR
AVBL,AVEL
AVBL,AVKL
AVBL,AWCR
AVBL,BAGR
AVBL,CEPDL
AVBL,CEPDR
AVBL,DA1
AVBL,DA2
AVBL,DA8
AVBL,DD2
AVBL,DD4
AVBL,DVA
AVBL,DVB
AVBL,FLPL
AVBL,FLPR
AVBL,HSNR
AVBL,I1L
AVBL,I2L
AVBL,I3
AVBL,IL1R
AVBL,IL2DL
AVBL,IL2L
AVBL,M2R
AVBL,M4
AVBL,M5
AVBL,OLLL
AVBL,OLQDR
AVBL,PHBL
AVBL,PHBR
AVBL,PVCL
AVBL,PVCR
AVBL,PVDR
AVBL,PVNR
AVBL,PVPL
AVBL,PVQR
AVBL,PVT
AVBL,RIAL
AVBL,RIBR
AVBL,RICL
AVBL,RICR
AVBL,RIPR
AVBL,RIR
AVBL,RIS
AVBL,RMDL
AVBL,RMGR
AVBL,SAADL
AVBL,SIAVL
AVBL,SMDDL
AVBL,SMDVL
AVBL,URADR
AVBL,URYVL
AVBL,VA12
AVBL,VA3
AVBL,VA4
AVBL,VA9
AVBL,VB1
AVBL,VD13
AVBR,AVDL
AVBR,AVDR
AVBR,AVEL
AVBR,AVER
AVBR,AVFL
AVBR,AVHR
AVBR,AVJL
AVBR,AVKL
AVBR,AVL
AVBR,AWAL
AVBR,AWBR
AVBR,DA1
AVBR,DA2
AVBR,DA5
AVBR,DB2
AVBR,DB5
AVBR,DD5
AVBR,DVA
AVBR,FLPL
AVBR,HSNR
AVBR,I1R
AVBR,I4
AVBR,IL1DR
AVBR,IL1L
AVBR,IL1R
AVBR,M3L
AVBR,M5
AVBR,OLLL
AVBR,OLQDL
AVBR,PVCR
AVBR,PVPL
AVBR,PVPR
AVBR,PVT
AVBR,RIAL
AVBR,RIGL
AVBR,RIGR
AVBR,RIH
AVBR,RIML
AVBR,RIPL
AVBR,RIVR
AVBR,RMEL
AVBR,RMFR
AVBR,RMGL
AVBR,RMGR
AVBR,SAADR
AVBR,SAAVL
AVBR,SDQR
AVBR,SIADR
AVBR,SMBDL
AVBR,SMDDL
AVBR,SMDVL
AVBR,URADR
AVBR,URYVR
AVBR,VA4
AVBR,VB8
AVBR,VC1
AVBR,VD3
AVBR,VD4
AVBR,VD6
AVDL,AVEL
AVDL,AVFL
AVDL,AVJR
AVDL,AVKL
AVDL,AVL
AVDL,CEPDL
AVDL,DA2
AVDL,DA9
AVDL,DD2
AVDL,DVA
AVDL,I4
AVDL,IL1VL
AVDL,IL2VR
AVDL,M2L
AVDL,OLLL
AVDL,OLLR
AVDL,PDB
AVDL,PVNR
AVDL,PVPR
AVDL,PVR
AVDL,RIBR
AVDL,RIFR
AVDL,RIGL
AVDL,RIH
AVDL,RIML
AVDL,RMDL
AVDL,RMDVR
AVDL,RMEV
AVDL,RMGL
AVDL,RMGR
AVDL,SAAVR
AVDL,SABVL
AVDL,URXR
AVDL,VA1
AVDL,VA2
AVDL,VD1
AVDL,VD2
AVDR,AVER
AVDR,AVHR
AVDR,AVJL
AVDR,AVKL
AVDR,AWAR
AVDR,BDUR
AVDR,DA4
AVDR,DB3
AVDR,DB4
AVDR,DD1
AVDR,IL1DL
AVDR,IL1L
AVDR,IL1VL
AVDR,IL1VR
AVDR,LUAL
AVDR,M1
AVDR,M3R
AVDR,MCR
AVDR,NSMR
AVDR,PHBR
AVDR,PVCR
AVDR,PVM
AVDR,PVR
AVDR,RIAL
AVDR,RIBL
AVDR,RIBR
AVDR,RID
AVDR,RIGR
AVDR,RIH
AVDR,RMDDR
AVDR,RMDL
AVDR,SDQL
AVDR,SIBVR
AVDR,SMBDR
AVDR,SMDDR
AVDR,VA7
AVDR,VB4
AVDR,VD1
AVDR,VD5
AVEL,AVER
AVEL,AVFL
AVEL,AVFR
AVEL,AVJL
AVEL,AVL
AVEL,AWCL
AVEL,BAGR
AVEL,DB3
AVEL,DVC
AVEL,HSNR
AVEL,I4
AVEL,IL1L
AVEL,IL1R
AVEL,IL2DR
AVEL,IL2L
AVEL,IL2VR
AVEL,M3L
AVEL,OLLR
AVEL,OLQVR
AVEL,PDEL
AVEL,PHBR
AVEL,PHCR
AVEL,PQR
AVEL,PVR
AVEL,PVT
AVEL,RIAL
AVEL,RICL
AVEL,RID
AVEL,RIFR
AVEL,RIML
AVEL,RIPL
AVEL,RIR
AVEL,RIS
AVEL,RMDDR
AVEL,RMDR
AVEL,RMEV
AVEL,SABD
AVEL,SMDDR
AVEL,URADL
AVEL,URYDL
AVEL,URYVL
AVEL,VA11
AVEL,VB7
AVEL,VD3
AVEL,VD6
AVER,AVHR
AVER,AWBL
AVER,CEPVL
AVER,DB6
AVER,DD1
AVER,DVA
AVER,I2R
AVER,IL1VL
AVER,IL2VL
AVER,MCR
AVER,OLQVL
AVER,PDEL
AVER,PDER
AVER,PVCL
AVER,PVCR
AVER,PVNR
AVER,PVPL
AVER,PVPR
AVER,PVT
AVER,RIAR
AVER,RICL
AVER,RICR
AVER,RIFL
AVER,RIGL
AVER,RIGR
AVER,RIH
AVER,RIML
AVER,RIMR
AVER,RMDR
AVER,RMDVL
AVER,RMER
AVER,RMFL
AVER,SAADL
AVER,SAAVL
AVER,SMDVR
AVER,VA10
AVER,VA11
AVER,VA2
AVER,VA9
AVER,VB10
AVER,VB9
AVER,VC3
AVFL,AWCL
AVFL,DB1
AVFL,DVC
AVFL,PVPL
AVFL,RIBR
AVFL,RICL
AVFL,RIGR
AVFL,RIR
AVFL,RIVL
AVFL,RMED
AVFL,VA12
AVFL,VA4
AVFR,AVJL
AVFR,BAGL
AVFR,DB7
AVFR,DVB
AVFR,PVCR
AVFR,PVPR
AVFR,PVT
AVFR,SABD
AVFR,SABVL
AVFR,VA6
AVFR,VB6
AVFR,VB8
AVFR,VC4
AVG,DA1
AVG,IL1DR
AVG,M3L
AVG,NSML
AVG,OLQDR
AVG,PVCL
AVG,PVCR
AVG,PVDL
AVG,PVR
AVG,RIMR
AVG,RIPL
AVG,RMDL
AVG,RMED
AVG,RMEV
AVG,SIBVL
AVG,SMDVR
AVG,VB8
AVG,VD1
AVG,VD10
AVHL,BDUR
AVHL,CEPDL
AVHL,IL1DL
AVHL,M1
AVHL,OLQDR
AVHL,PDEL
AVHL,PVDL
AVHL,PVNL
AVHL,RIAR
AVHL,RIGR
AVHL,RIMR
AVHL,RIS
AVHL,SMDDR
AVHL,SMDVL
AVHL,URYVR
AVHL,VD2
AVHR,AVJL
AVHR,AVKL
AVHR,AVL
AVHR,AWAR
AVHR,BDUR
AVHR,DA1
AVHR,DA2
AVHR,DA9
AVHR,PVPR
AVHR,PVQR
AVHR,RIAL
AVHR,RIPR
AVHR,SMBDL
AVHR,SMDDR
AVHR,SMDVR
AVHR,VA12
AVHR,VA2
AVJL,AWCR
AVJL,DA2
AVJL,DB1
AVJL,DB3
AVJL,DD3
AVJL,DVA
AVJL,M3R
AVJL,PVNR
AVJL,PVR
AVJL,PVWR
AVJL,RIML
AVJL,SAADR
AVJL,SAAVL
AVJL,SMDVR
AVJL,URYVR
AVJL,VA4
AVJL,VC2
AVJL,VD2
AVJL,VD5
AVJR,DD2
AVJR,I4
AVJR,IL1R
AVJR,M2L
AVJR,NSMR
AVJR,OLLR
AVJR,OLQVL
AVJR,PVCR
AVJR,PVPR
AVJR,RIGL
AVJR,RIH
AVJR,RIS
AVJR,SIADL
AVJR,SMDVL
AVJR,VA3
AVJR,VB5
AVJR,VB9
AVJR,VC1
AVJR,VD13
AVJR,VD5
AVKL,AVM
AVKL,CEPDR
AVKL,CEPVR
AVKL,DA1
AVKL,DB3
AVKL,FLPR
AVKL,HSNR
AVKL,I3
AVKL,IL1DL
AVKL,IL1DR
AVKL,IL1VR
AVKL,LUAR
AVKL,OLQVR
AVKL,RIBL
AVKL,RICL
AVKL,RID
AVKL,RIFR
AVKL,RIH
AVKL,RMDDL
AVKL,RMFR
AVKL,RMHR
AVKL,VA3
AVKL,VA6
AVKL,VB8
AVKL,VD10
AVKR,CEPDR
AVKR,CEPVR
AVKR,DA3
AVKR,DB1
AVKR,DB4
AVKR,DVC
AVKR,HSNL
AVKR,I5
AVKR,I6
AVKR,M2R
AVKR,MCR
AVKR,PDEL
AVKR,PVPL
AVKR,PVR
AVKR,RIBR
AVKR,RIML
AVKR,RMDDL
AVKR,RMGR
AVKR,SDQL
AVKR,SMDDL
AVKR,URYDL
AVKR,VB6
AVL,DA3
AVL,DB7
AVL,DD2
AVL,HSNL
AVL,IL1R
AVL,IL1VL
AVL,LUAL
AVL,PVCL
AVL,PVCR
AVL,PVDL
AVL,RIFR
AVL,RIML
AVL,RIPR
AVL,RIVR
AVL,URBR
AVL,URXR
AVL,VC3
AVL,VD3
AVL,VD6
AVM,BDUL
AVM,DB7
AVM,DVA
AVM,DVB
AVM,IL2L
AVM,IL2VL
AVM,PVNL
AVM,PVR
AVM,RIGL
AVM,RIH
AVM,RIR
AVM,RMHL
AVM,SMBVR
AVM,VB1
AWAL,AWBR
AWAL,PVCL
AWAL,PVDR
AWAL,RMDDL
AWAL,RMFR
AWAL,SMBDL
AWAL,VD1
AWAR,DVA
AWAR,I1L
AWAR,MCR
AWAR,PVNL
AWAR,PVR
AWAR,RIR
AWAR,RIS
AWAR,URADR
AWAR,URXR
AWBL,CEPDR
AWBL,IL1R
AWBL,PVCR
AWBL,PVPR
AWBL,RIBR
AWBL,RIFR
AWBL,RIMR
AWBL,RIS
AWBL,RMDL
AWBL,SIAVL
AWBL,VA8
AWBL,VD7
AWBR,HSNR
AWBR,PVCL
AWBR,RIBL
AWBR,RIGL
AWBR,RIS
AWBR,RMHL
AWBR,SABVR
AWBR,SMDDR
AWBR,URYVR
AWBR,VC3
AWCL,DVA
AWCL,M2R
AWCL,NSML
AWCL,OLLL
AWCL,PDA
AWCL,PVPR
AWCL,RID
AWCL,SIBVL
AWCL,URXL
AWCR,DB3
AWCR,DB5
AWCR,FLPR
AWCR,PVCL
AWCR,SAADL
AWCR,SMBDL
BAGL,DD3
BAGL,IL1L
BAGL,PHBL
BAGL,PVCR
BAGL,PVQR
BAGL,RIAR
BAGL,RMDDR
BAGL,RMDR
BAGL,SIAVL
BAGL,SMBVL
BAGR,DA4
BAGR,DVA
BAGR,IL2R
BAGR,OLQVR
BAGR,PVPR
BAGR,RIAL
BAGR,RIAR
BAGR,RICL
BAGR,VB6
BDUL,FLPR
BDUL,M2L
BDUL,PHCL
BDUL,RMFL
BDUL,SAAVR
BDUL,VB1
BDUR,DB7
BDUR,DD2
BDUR,DD3
BDUR,HSNR
BDUR,RIAL
BDUR,RIML
BDUR,RIS
BDUR,SMDDL
BDUR,VC1
CEPDL,DA6
CEPDL,IL1VR
CEPDL,IL2VL
CEPDL,IL2VR
CEPDL,PDEL
CEPDL,PVCR
CEPDL,PVPR
CEPDL,RIBL
CEPDL,RMEV
CEPDL,RMHR
CEPDL,SMDVL
CEPDL,SMDVR
CEPDL,VA9
CEPDL,VD13
CEPDR,DA6
CEPDR,I3
CEPDR,IL1VL
CEPDR,MI
CEPDR,OLQDL
CEPDR,PHBL
CEPDR,PHCL
CEPDR,PVCL
CEPDR,PVPR
CEPDR,RIML
CEPDR,RIMR
CEPDR,RMGL
CEPDR,SMBDR
CEPDR,URAVR
CEPDR,VB4
CEPDR,VB9
CEPDR,VD2
CEPVL,I2L
CEPVL,NSML
CEPVL,PDER
CEPVL,PHAR
CEPVL,RIAR
CEPVL,RIR
CEPVL,RMDR
CEPVL,RMFL
CEPVL,SMDVR
CEPVL,VA3
CEPVL,VD1
CEPVR,DA8
CEPVR,DA9
CEPVR,I1L
CEPVR,PVNL
CEPVR,PVPR
CEPVR,RIBL
CEPVR,RIGL
CEPVR,RIPL
CEPVR,RMDDL
CEPVR,SAAVL
CEPVR,SMBDL
CEPVR,VC2
CEPVR,VC3
CEPVR,VD7
DA1,DB6
DA1,I1L
DA1,OLLR
DA1,PVCR
DA1,RIGL
DA1,RIVR
DA1,RMER
DA1,RMGR
DA2,DB5
DA2,HSNR
DA2,OLLR
DA2,PVPL
DA2,RIAL
DA2,RIS
DA2,SMBVL
DA2,URXL
DA2,VA7
DA3,DB3
DA3,RIBR
DA3,RICR
DA3,RMDDL
DA3,RMDDR
DA3,RMDR
DA3,RMED
DA3,VC5
DA3,VD6
DA4,DD5
DA4,DVC
DA4,OLLR
DA4,PHAR
DA4,PVPL
DA4,RMEV
DA4,VB4
DA5,PLNL
DA5,PVPL
DA5,RIBL
DA5,RIML
DA5,RMDDL
DA5,SABVR
DA5,SDQR
DA5,SMDDR
DA5,URXL
DA6,IL1VR
DA6,PVCR
DA6,RIAR
DA6,RIBR
DA6,URBR
DA7,M2R
DA7,RIBR
DA8,PVCL
DA8,PVQL
DA8,RIAL
DA8,RMDDL
DA8,RMDL
DA8,RMEV
DA8,SMBDL
DA8,VA7
DA9,DB1
DA9,DVA
DA9,I1L
DA9,PVNL
DA9,RIFL
DA9,VD3
DB1,DVA
DB1,FLPR
DB1,LUAL
DB1,LUAR
DB1,PHAL
DB1,RIFR
DB1,RIGL
DB1,RMDVR
DB1,RMHL
DB1,URBR
DB1,VC1
DB2,DVA
DB2,PHCR
DB2,PVCR
DB2,RIFR
DB2,RIGL
DB2,RIMR
DB2,URADL
DB2,VD1
DB2,VD10
DB2,VD2
DB3,DVC
DB3,M5
DB3,PLMR
DB3,RIAR
DB3,RID
DB3,RIGR
DB3,RIML
DB3,RIMR
DB3,VC3
DB4,DD4
DB4,HSNL
DB4,I1L
DB4,PHAR
DB4,PVCL
DB4,PVNL
DB4,RICL
DB4,SAAVR
DB4,VD5
DB5,DVC
DB5,PVCL
DB6,RIMR
DB7,RMHL
DB7,SAAVL
DD1,HSNL
DD1,I1R
DD1,IL2VR
DD1,OLQVR
DD1,PVPR
DD1,PVQL
DD1,RIAL
DD1,RMEL
DD1,RMFL
DD1,SDQR
DD1,URBL
DD1,URYVL
DD1,VA11
DD1,VA12
DD1,VC1
DD2,FLPR
DD2,I5
DD2,I6
DD2,IL1R
DD2,M5
DD2,MI
DD2,PVDL
DD2,PVNR
DD2,RMDDL
DD2,SMBVL
DD2,VA12
DD2,VB10
DD2,VB11
DD3,DD4
DD3,PHBL
DD3,PVCR
DD3,RICR
DD3,SIADR
DD3,SMDVR
DD3,VC3
DD4,M3R
DD4,RICR
DD5,RIGR
DD5,SMDDL
DD5,VA12
DD6,FLPL
DD6,IL1L
DD6,NSMR
DD6,OLLL
DD6,PVCL
DD6,RMEV
DVA,FLPL
DVA,HSNL
DVA,PLMR
DVA,PLNL
DVA,PVNL
DVA,PVNR
DVA,PVPR
DVA,PVQL
DVA,RIBL
DVA,RIBR
DVA,RIGR
DVA,RMDVR
DVA,RMGR
DVA,SAAVR
DVA,SIADL
DVA,SIBDR
DVA,SIBVL
DVA,URAVL
DVA,URBL
DVA,URXR
DVA,VA4
DVA,VA9
DVA,VB1
DVA,VC4
DVB,I4
DVB,RID
DVB,RIR
DVB,SAADL
DVC,I2L
DVC,PVNL
DVC,RICL
DVC,RIFL
DVC,RIFR
DVC,RMDR
DVC,RMDVR
DVC,RMEV
DVC,SMBVR
DVC,URAVL
DVC,URBR
DVC,URYDL
DVC,VB10
DVC,VB2
FLPL,IL1R
FLPL,MCL
FLPL,PVNR
FLPL,RMGL
FLPL,RMGR
FLPL,SAADR
FLPL,VB11
FLPR,M2R
FLPR,PVCL
FLPR,RIS
FLPR,RMED
FLPR,RMGL
FLPR,SMBVL
FLPR,VA1
FLPR,VA4
HSNL,HSNR
HSNL,IL2L
HSNL,M2L
HSNL,OLQVL
HSNL,PHBR
HSNL,PLML
HSNL,RIGL
HSNL,SDQR
HSNL,SIBDR
HSNL,URADR
HSNL,VC3
HSNL,VD13
HSNL,VD2
HSNR,IL1DR
HSNR,NSML
HSNR,PVCL
HSNR,PVCR
HSNR,PVNR
HSNR,PVT
HSNR,RIBL
HSNR,RICR
HSNR,RIFR
HSNR,RIPR
HSNR,RMDDL
HSNR,RMDL
HSNR,RMHR
HSNR,SMDDL
HSNR,URADL
HSNR,URXR
HSNR,VC1
HSNR,VC3
HSNR,VD13
HSNR,VD9
I1L,I6
I1L,IL1R
I1L,IL1VR
I1L,OLLL
I1L,PDER
I1L,RIVR
I1L,VB2
I1L,VD13
I1R,PVCL
I1R,PVWR
I1R,RID
I1R,RIH
I1R,RMDR
I1R,RMEL
I1R,SMBVR
I1R,URYVL
I1R,VA12
I1R,VD13
I1R,VD9
I2L,PDER
I2L,RIGR
I2L,RMDDL
I2L,URXR
I2R,NSML
I2R,PVPR
I2R,RIFL
I2R,RMDR
I3,PHBR
I3,PVNR
I3,RIAR
I3,RICL
I3,RIFR
I3,RMDDL
I3,RMHL
I3,SABVR
I3,VB9
I4,PHAL
I4,PVQL
I4,SIBDL
I4,SMDVR
I5,M2R
I5,PHBR
I5,SMDDL
I5,SMDVL
I5,URBR
I5,VA5
I5,VB2
I5,VD5
I6,PVM
I6,RICL
I6,RICR
I6,RIR
I6,VD12
IL1DL,IL1L
IL1DL,IL2DR
IL1DL,MCR
IL1DL,PQR
IL1DL,PVQR
IL1DL,RIBR
IL1DL,RIFL
IL1DL,RMER
IL1DL,SDQR
IL1DL,VD6
IL1DR,RIBL
IL1DR,RICR
IL1DR,RMDDL
IL1DR,RMDR
IL1L,IL2VL
IL1L,RIS
IL1L,SMDDL
IL1L,URYDR
IL1L,VA5
IL1R,M3L
IL1R,M5
IL1R,PVNR
IL1R,RMGR
IL1R,VB1
IL1R,VB3
IL1R,VD10
IL1R,VD6
IL1VL,PVCR
IL1VL,PVT
IL1VL,SDQR
IL1VL,VA11
IL1VR,PVCR
IL1VR,PVR
IL1VR,RIH
IL1VR,RMEV
IL2DL,PHBR
IL2DL,RICL
IL2DL,RIFR
IL2DL,RIPR
IL2DL,URXR
IL2DR,RIBR
IL2DR,RIH
IL2DR,SDQL
IL2DR,SMBVL
IL2DR,VB7
IL2L,OLQVL
IL2L,PHBR
IL2L,PVCL
IL2L,RIAL
IL2L,SAADR
IL2L,VA9
IL2L,VD12
IL2L,VD5
IL2R,OLLL
IL2R,PHBL
IL2R,RIBL
IL2R,RIGR
IL2R,RMDDR
IL2R,SABVR
IL2R,URXL
IL2R,URYDL
IL2R,VD7
IL2VL,PVWL
IL2VL,RMDVL
IL2VL,RMGL
IL2VL,SDQR
IL2VL,VB7
IL2VL,VD4
IL2VR,SABD
IL2VR,URAVR
IL2VR,VB8
LUAL,PDB
LUAL,PDER
LUAL,PHCR
LUAL,RMED
LUAL,VA1
LUAL,VB2
LUAL,VD1
LUAL,VD4
LUAR,PQR
LUAR,SMBDL
LUAR,VC3
LUAR,VC5
LUAR,VD6
M1,RIFL
M1,RIGL
M1,RIVL
M1,SABD
M1,SMBDR
M1,VB3
M2L,MCL
M2L,NSMR
M2L,RIBR
M2L,SMBDL
M2R,PVCL
M2R,PVT
M2R,RIAR
M2R,RIVL
M3L,NSML
M3L,PVCR
M3L,PVPR
M3L,RIAR
M3L,SIBVR
M3L,VA10
M3L,VA12
M3R,PVWR
M3R,RICL
M3R,RIS
M3R,RMFL
M3R,URYVL
M3R,VA4
M3R,VB4
M3R,VD5
M4,PVCL
M4,PVPR
M4,PVT
M4,RMDL
M4,URXR
M4,VA4
M4,VB2
M4,VC2
M5,PVQR
MCL,RIFL
MCL,RIGR
MCL,RIPL
MCL,RMDDR
MCL,SAADL
MCL,URBL
MCL,VD5
MCR,RMDVR
MCR,SMDDL
MI,PVCL
MI,PVDR
MI,RIAR
MI,RIBL
MI,RIVR
MI,URBR
MI,URYVR
MI,VA8
NSML,PHCL
NSML,RIBR
NSML,RMDDL
NSML,RMER
NSML,URAVR
NSMR,PHCR
NSMR,RIFR
NSMR,RMFL
NSMR,SABVL
NSMR,URBR
NSMR,VB8
OLLL,PHCL
OLLL,RIBR
OLLL,SAADR
OLLL,URBR
OLLL,URXL
OLLL,VB5
OLLL,VD2
OLLR,PHAL
OLLR,PVCR
OLLR,RIBR
OLLR,RIR
OLLR,RMDR
OLLR,RMDVR
OLLR,RMEV
OLLR,RMGR
OLLR,SDQL
OLLR,VA7
OLLR,VD1
OLLR,VD4
OLQDL,PHAR
OLQDL,PVCL
OLQDL,RIAL
OLQDL,SIBVR
OLQDL,VA5
OLQDR,PVCR
OLQDR,PVT
OLQDR,RIAR
OLQDR,RIBR
OLQDR,RMFL
OLQDR,URBL
OLQDR,URYDR
OLQDR,VA8
OLQDR,VB11
OLQVL,PVWL
OLQVL,RIAR
OLQVL,RIBR
OLQVL,RIMR
OLQVL,RIS
OLQVL,VA3
OLQVL,VB3
OLQVL,VC5
OLQVR,PVCL
OLQVR,RIBR
OLQVR,RIFR
OLQVR,RIGL
OLQVR,SMBDR
OLQVR,VA11
PDA,PVNL
PDA,RIR
PDA,RIVL
PDB,RMDL
PDEL,PHAL
PDEL,RIAR
PDEL,RIML
PDEL,RIR
PDEL,RMDDL
PDER,RIGL
PDER,RMFL
PDER,VA12
PDER,VB4
PHAL,RIPR
PHAL,RMDVL
PHAL,RMGL
PHAL,VB7
PHAR,PVCR
PHAR,RIBR
PHAR,SAADL
PHBL,PVNL
PHBL,URAVL
PHBL,VD4
PHBR,RIH
PHBR,RMDVL
PHBR,URYVL
PHBR,VA1
PHBR,VC5
PHCL,RICR
PHCL,URYDL
PHCL,VB6
PHCL,VD1
PHCR,SABVL
PHCR,SMBDR
PHCR,VC2
PLML,PVR
PLML,VA5
PLMR,PVCL
PLMR,RIAL
PLMR,RIML
PLMR,RMDL
PLMR,RMHL
PLMR,VD5
PLNR,RMGR
PQR,PVCL
PQR,RIH
PVCL,PVT
PVCL,RIBL
PVCL,RIBR
PVCL,RICR
PVCL,RIR
PVCL,RIS
PVCL,RIVR
PVCL,RMDL
PVCL,RMDR
PVCL,RMDVR
PVCL,SAADR
PVCL,SABVL
PVCL,SIAVR
PVCL,SIBVR
PVCL,SMBVL
PVCL,SMBVR
PVCL,SMDVL
PVCL,URXL
PVCL,VA3
PVCL,VA9
PVCL,VB4
PVCL,VD1
PVCL,VD11
PVCL,VD2
PVCR,RID
PVCR,RIGL
PVCR,RIH
PVCR,RIML
PVCR,RMDVL
PVCR,RMEV
PVCR,RMGL
PVCR,SAADL
PVCR,SABVL
PVCR,SIBDL
PVCR,SMBDL
PVCR,SMDDR
PVCR,URXL
PVCR,URYDL
PVCR,VA12
PVCR,VA2
PVCR,VA8
PVCR,VB2
PVCR,VD6
PVDL,RICR
PVDL,RIPR
PVDL,SMDDL
PVDR,RID
PVDR,RMDVL
PVDR,SMBDL
PVM,RIBR
PVM,RIFR
PVM,VA8
PVNL,RIBL
PVNL,RMER
PVNL,SIBVR
PVNL,URADL
PVNL,URBR
PVNL,VB7
PVNR,PVQR
PVNR,PVWL
PVNR,RIVL
PVNR,RMDDL
PVNR,RMEV
PVNR,SMBVR
PVNR,SMDDR
PVNR,URXR
PVNR,URYVL
PVNR,URYVR
PVNR,VA5
PVNR,VB6
PVPL,PVQL
PVPL,RIAR
PVPL,RIBL
PVPL,RIGL
PVPL,RIMR
PVPL,RMER
PVPL,SAAVR
PVPL,URBR
PVPL,URXR
PVPL,VB4
PVPL,VD1
PVPR,RIAR
PVPR,RMDVR
PVPR,RMED
PVPR,RMEL
PVPR,URAVR
PVPR,VD3
PVPR,VD5
PVQL,PVR
PVQL,RIML
PVQL,RIPL
PVQL,SIAVL
PVQL,URAVR
PVQL,VD3
PVQR,RICR
PVQR,RIFL
PVQR,RIGL
PVQR,RIGR
PVQR,RIH
PVQR,RIML
PVQR,RIPL
PVQR,RIVR
PVQR,RMDVR
PVQR,RMER
PVQR,SABD
PVQR,SMDVR
PVQR,URADR
PVQR,URYDR
PVQR,VD9
PVR,RIAL
PVR,RIAR
PVR,RICL
PVR,RICR
PVR,RIGL
PVR,RMDDR
PVR,RMGL
PVR,SDQL
PVR,URBL
PVR,VA7
PVR,VB5
PVR,VB6
PVR,VC2
PVT,PVWL
PVT,RIBR
PVT,RIMR
PVT,RMDVR
PVT,RMEL
PVT,RMGL
PVT,SIADL
PVT,SMDDR
PVT,URXL
PVT,VA1
PVT,VA12
PVWL,RIAL
PVWL,RMEL
PVWL,VD12
PVWL,VD6
PVWR,SMDDR
RIAL,RIAR
RIAL,RICL
RIAL,RID
RIAL,RIFL
RIAL,RMEL
RIAL,SMBDL
RIAL,URBR
RIAL,VA11
RIAL,VA2
RIAL,VA5
RIAL,VB11
RIAL,VB2
RIAL,VD2
RIAL,VD6
RIAR,RID
RIAR,RIGL
RIAR,RIMR
RIAR,RIPR
RIAR,SAADR
RIAR,SIBVL
RIAR,SMDDR
RIAR,VC3
RIAR,VD3
RIAR,VD4
RIBL,RIR
RIBL,RIS
RIBL,RIVR
RIBL,RMDVL
RIBL,RMER
RIBL,RMFR
RIBL,SAADR
RIBL,SAAVL
RIBL,SDQR
RIBL,SIADR
RIBL,SIAVL
RIBL,SMDVR
RIBL,URXL
RIBL,URYVR
RIBL,VA5
RIBL,VA7
RIBL,VB10
RIBL,VB3
RIBL,VB9
RIBL,VD4
RIBR,RIH
RIBR,RIMR
RIBR,RIPL
RIBR,RMDVL
RIBR,SAAVR
RIBR,URYVR
RIBR,VA5
RIBR,VA9
RIBR,VD12
RICL,RMGL
RICL,SAAVL
RICL,SIADR
RICL,SMBDL
RICL,SMBVR
RICL,VB2
RICL,VD3
RICR,RIGL
RICR,RIR
RICR,RIVR
RICR,URYVL
RICR,VA3
RICR,VC3
RICR,VD1
RID,RIH
RID,RIML
RID,RMGL
RID,SAADR
RID,SMBDL
RID,VD13
RIFL,RIGL
RIFL,URBL
RIFR,RIMR
RIFR,VC2
RIFR,VD1
RIGL,RIPL
RIGL,RMFR
RIGL,RMGR
RIGL,SABD
RIGL,SDQR
RIGL,VA8
RIGL,VB10
RIGL,VC1
RIGR,RIMR
RIGR,RIPL
RIGR,RIS
RIGR,RIVL
RIGR,RMDR
RIGR,RMER
RIGR,RMGR
RIGR,VB1
RIGR,VB11
RIGR,VB5
RIGR,VD13
RIH,RIMR
RIH,RIS
RIH,RMDR
RIH,RMGR
RIH,SMBDR
RIH,URXR
RIH,VA2
RIH,VA8
RIH,VA9
RIH,VB1
RIH,VD1
RIML,RIMR
RIML,RMDVL
RIML,RMGL
RIML,SMBVR
RIML,SMDDR
RIML,VB6
RIML,VD7
RIMR,RMDDL
RIMR,RMDL
RIMR,RMGL
RIMR,SIBDR
RIMR,VA2
RIMR,VA4
RIMR,VA5
RIMR,VC1
RIMR,VC4
RIPL,RIR
RIPL,RMDVR
RIPL,SMBVR
RIPL,VA7
RIPR,RMDDR
RIPR,SAAVL
RIPR,SMBDR
RIPR,SMDDL
RIPR,URYDL
RIPR,VB8
RIR,RMHR
RIR,VA8
RIS,RMED
RIS,RMER
RIS,RMFL
RIS,RMHR
RIS,VA2
RIVL,RMER
RIVL,RMHL
RIVL,SMDVL
RIVL,VA9
RIVL,VB1
RIVR,RMDR
RIVR,URYDL
RIVR,VA4
RIVR,VA8
RMDDL,SMDDR
RMDDL,VB1
RMDDL,VD5
RMDDR,RMDL
RMDDR,RMHL
RMDDR,SIBDR
RMDDR,VA12
RMDDR,VB1
RMDDR,VD8
RMDL,RMDVR
RMDL,SAADL
RMDL,SMDDL
RMDL,URYVL
RMDL,VB1
RMDL,VB11
RMDL,VD10
RMDR,RMGL
RMDR,SIBVL
RMDR,VA3
RMDR,VB8
RMDR,VD2
RMDVL,SDQR
RMDVL,SIBVL
RMDVL,SMDVR
RMDVL,URAVL
RMDVL,URXL
RMDVL,VA3
RMDVL,VD9
RMDVR,SDQL
RMDVR,SIBVR
RMDVR,SMDVL
RMDVR,URADR
RMDVR,URBL
RMDVR,VA8
RMDVR,VC1
RMED,SAAVL
RMED,SABD
RMEL,RMGR
RMEL,VA6
RMEL,VB1
RMER,RMGR
RMER,URADR
RMEV,SAADR
RMEV,SDQL
RMEV,VA6
RMFL,SMDVL
RMFL,VB9
RMFR,RMGR
RMFR,VC2
RMFR,VC3
RMGL,URBL
RMGL,URYDL
RMGL,VA3
RMGL,VA9
RMGL,VC2
RMGR,URYVL
RMGR,VA11
RMGR,VA12
RMHL,VC3
RMHR,SMBDR
RMHR,VD11
SAADL,URXR
SAADL,VB3
SAADR,URXR
SAADR,VC1
SAADR,VC5
SABD,SIBVR
SABD,SMBDR
SABD,VA10
SABD,VA6
SABD,VC3
SABVR,SMDVL
SABVR,VB4
SDQL,URBL
SDQL,VA12
SDQR,VB5
SIADL,VB8
SIAVL,URYDL
SIAVR,SMDDL
SIAVR,VB8
SIAVR,VC5
SIBDL,VB11
SIBVL,VA3
SMBDL,VB9
SMBDR,SMDDL
SMBDR,SMDDR
SMBDR,SMDVL
SMBDR,VD13
SMBVL,SMDDR
SMBVL,VB9
SMBVR,URBR
SMBVR,URYDR
SMBVR,VC2
SMDVL,VA12
SMDVL,VB9
SMDVR,VC2
URADL,VA3
URADR,URYVL
URBL,VA9
URBL,VD3
URBR,VB1
URXL,VD4
URXL,VD5
URXR,URYDL
URYDR,VA12
URYDR,VA8
URYDR,VD2
URYVL,VD4
URYVR,VA2
URYVR,VD7
VA1,VA12
VA1,VC2
VA12,VA9
VA2,VC3
VA4,VC3
VA9,VD3
VB1,VB2
VB1,VC2
VB1,VD6
VB10,VC1
VB10,VD1
VB2,VD12
VB2,VD6
VB4,VD4
VB9,VD1
VC3,VC4
VC3,VD7
VC5,VD6
VD1,VD5
VD3,VD5
